concurrency,i,latency_s,phase,size
,0,0.04958774499755236,size,4096
,1,0.03635849200145458,size,4096
,2,0.02943010400122148,size,4096
,3,0.03441076799936127,size,4096
,4,0.03009851900060312,size,4096
,5,0.026722992999566486,size,4096
,6,0.02304793800067273,size,4096
,7,0.022925976001715753,size,4096
,8,0.021436128998175263,size,4096
,9,0.021412319998489693,size,4096
,10,0.02437434400053462,size,4096
,11,0.025019367996719666,size,4096
,12,0.03243410099821631,size,4096
,13,0.021344372999010375,size,4096
,14,0.019804272000328638,size,4096
,15,0.019607835998613155,size,4096
,16,0.027005025000107707,size,4096
,17,0.025605979997635586,size,4096
,18,0.02990338299787254,size,4096
,19,0.025614534999476746,size,4096
,20,0.018564439000329003,size,4096
,21,0.026009684999735327,size,4096
,22,0.024740124001255026,size,4096
,23,0.02471644999968703,size,4096
,24,0.02682704299877514,size,4096
,25,0.029292384002474137,size,4096
,26,0.025721512996824458,size,4096
,27,0.026030943998193834,size,4096
,28,0.032388958999945316,size,4096
,29,0.022972064001805848,size,4096
,30,0.02935649299979559,size,4096
,31,0.02812328900108696,size,4096
,32,0.028904998001962667,size,4096
,33,0.02226132400028291,size,4096
,34,0.02637225699800183,size,4096
,35,0.02221711200036225,size,4096
,36,0.028666928999882657,size,4096
,37,0.02986780300125247,size,4096
,38,0.024244987998827128,size,4096
,39,0.01881890100048622,size,4096
,40,0.03194111400080146,size,4096
,41,0.030706640998687362,size,4096
,42,0.02538507099961862,size,4096
,43,0.024099220001517097,size,4096
,44,0.027970934999757446,size,4096
,45,0.030704710999998497,size,4096
,46,0.020963508999557234,size,4096
,47,0.02597728899854701,size,4096
,48,0.02486381099879509,size,4096
,49,0.018524174996855436,size,4096
,50,0.028585282001586165,size,4096
,51,0.03304036800182075,size,4096
,52,0.026429491001181304,size,4096
,53,0.02855049700156087,size,4096
,54,0.022982745002082083,size,4096
,55,0.024431473000731785,size,4096
,56,0.023526973000116413,size,4096
,57,0.0200841859987122,size,4096
,58,0.02286157599883154,size,4096
,59,0.026790944000822492,size,4096
,60,0.021097467000799952,size,4096
,61,0.023070082999765873,size,4096
,62,0.024572223002905957,size,4096
,63,0.024489551997248782,size,4096
,64,0.02137962599954335,size,4096
,65,0.01837045600041165,size,4096
,66,0.028390402996592456,size,4096
,67,0.02667594000013196,size,4096
,68,0.0279138289988623,size,4096
,69,0.016547619001357816,size,4096
,70,0.01685520699902554,size,4096
,71,0.023570290999487042,size,4096
,72,0.019557495001208736,size,4096
,73,0.023387164001178462,size,4096
,74,0.0222116199984157,size,4096
,75,0.02513020299738855,size,4096
,76,0.028728751000016928,size,4096
,77,0.02714083099999698,size,4096
,78,0.019500911999784876,size,4096
,79,0.030726955003046896,size,4096
,80,0.02362315600112197,size,4096
,81,0.02660119299980579,size,4096
,82,0.024817064000671962,size,4096
,83,0.02224761500110617,size,4096
,84,0.02297138300127699,size,4096
,85,0.018590849002066534,size,4096
,86,0.03125493799961987,size,4096
,87,0.02901250099967001,size,4096
,88,0.02875081499951193,size,4096
,89,0.027310121000482468,size,4096
,90,0.023394837000523694,size,4096
,91,0.026999060999514768,size,4096
,92,0.02656392499920912,size,4096
,93,0.028678932998445816,size,4096
,94,0.026302446000045165,size,4096
,95,0.03065146999870194,size,4096
,96,0.0265196799991827,size,4096
,97,0.025375137996888952,size,4096
,98,0.021470129999215715,size,4096
,99,0.055289576997893164,size,4096
,100,0.024603526999271708,size,4096
,101,0.026755804999993416,size,4096
,102,0.030601080998167163,size,4096
,103,0.03423435399963637,size,4096
,104,0.02815742700113333,size,4096
,105,0.03590262699799496,size,4096
,106,0.026742031001049327,size,4096
,107,0.034312486997805536,size,4096
,108,0.029261966999911238,size,4096
,109,0.02347418099816423,size,4096
,110,0.025258964000386186,size,4096
,111,0.027945535999606363,size,4096
,112,0.020468825001444202,size,4096
,113,0.020106646999920486,size,4096
,114,0.03301742800249485,size,4096
,115,0.028114310996897984,size,4096
,116,0.022086778000812046,size,4096
,117,0.028038051001203712,size,4096
,118,0.02311749900036375,size,4096
,119,0.02146945999993477,size,4096
,120,0.026565095002297312,size,4096
,121,0.02298008100115112,size,4096
,122,0.026904536000074586,size,4096
,123,0.02921532400068827,size,4096
,124,0.029614102000778075,size,4096
,125,0.025259927999286447,size,4096
,126,0.0269898539991118,size,4096
,127,0.0284972959998413,size,4096
,128,0.025037416999111883,size,4096
,129,0.02533561599921086,size,4096
,130,0.02584455200121738,size,4096
,131,0.024962793999293353,size,4096
,132,0.02140919900193694,size,4096
,133,0.026008209999417886,size,4096
,134,0.023685428001044784,size,4096
,135,0.019396251998841763,size,4096
,136,0.01978004899865482,size,4096
,137,0.02543422600138001,size,4096
,138,0.02932266800053185,size,4096
,139,0.035901371000363724,size,4096
,140,0.02291346800120664,size,4096
,141,0.022944660002394812,size,4096
,142,0.027544332999241306,size,4096
,143,0.03223162799986312,size,4096
,144,0.02427667500160169,size,4096
,145,0.020503537001786754,size,4096
,146,0.0232747219997691,size,4096
,147,0.02377105599953211,size,4096
,148,0.022529148001922294,size,4096
,149,0.016256703998806188,size,4096
,150,0.01790662799976417,size,4096
,151,0.029283179002959514,size,4096
,152,0.02576354499979061,size,4096
,153,0.02662440200219862,size,4096
,154,0.023887736002507154,size,4096
,155,0.026383586999145336,size,4096
,156,0.022558848999324255,size,4096
,157,0.027979872000287287,size,4096
,158,0.02249737400052254,size,4096
,159,0.029630547000124352,size,4096
,160,0.018883795997680863,size,4096
,161,0.02388262399836094,size,4096
,162,0.023926409001433058,size,4096
,163,0.018245657000079518,size,4096
,164,0.028513411998574156,size,4096
,165,0.028307859000051394,size,4096
,166,0.019055859997024527,size,4096
,167,0.03122319999965839,size,4096
,168,0.029361883000092348,size,4096
,169,0.031105400001251837,size,4096
,170,0.019231730002502445,size,4096
,171,0.02642616799857933,size,4096
,172,0.02659398799733026,size,4096
,173,0.02919107600246207,size,4096
,174,0.02763671700085979,size,4096
,175,0.026294716000847984,size,4096
,176,0.019401844998355955,size,4096
,177,0.02134982500137994,size,4096
,178,0.027742340997065185,size,4096
,179,0.02558807600144064,size,4096
,180,0.024888366999221034,size,4096
,181,0.019576846996642416,size,4096
,182,0.02686163899852545,size,4096
,183,0.024717789998248918,size,4096
,184,0.02109638700130745,size,4096
,185,0.030678123999678064,size,4096
,186,0.022866696999699343,size,4096
,187,0.022348816000885563,size,4096
,188,0.033745127999281976,size,4096
,189,0.031032727998535847,size,4096
,190,0.02793704099894967,size,4096
,191,0.03206819200204336,size,4096
,192,0.0323523879997083,size,4096
,193,0.022784305998357013,size,4096
,194,0.029349497002840508,size,4096
,195,0.02811853700040956,size,4096
,196,0.020786549997865222,size,4096
,197,0.026471024000784382,size,4096
,198,0.027052658999309642,size,4096
,199,0.055852854002296226,size,4096
,200,0.025628567000239855,size,4096
,201,0.027875122999830637,size,4096
,202,0.03156445800050278,size,4096
,203,0.02765822999936063,size,4096
,204,0.020083276001969352,size,4096
,205,0.029397045000223443,size,4096
,206,0.028452711001591524,size,4096
,207,0.027561949002119945,size,4096
,208,0.02718427400031942,size,4096
,209,0.02771695599949453,size,4096
,210,0.019412101999478182,size,4096
,211,0.022721736000676174,size,4096
,212,0.018059211000945652,size,4096
,213,0.024915758996939985,size,4096
,214,0.028037961001246003,size,4096
,215,0.023945851000462426,size,4096
,216,0.018732330998318503,size,4096
,217,0.023502516000007745,size,4096
,218,0.023567497002659366,size,4096
,219,0.022408211003494216,size,4096
,220,0.029227779999928316,size,4096
,221,0.02577977699911571,size,4096
,222,0.019033848999242764,size,4096
,223,0.02806109499942977,size,4096
,224,0.02230482699815184,size,4096
,225,0.022612323002249468,size,4096
,226,0.026762741999846185,size,4096
,227,0.030947701998229604,size,4096
,228,0.024545168002077844,size,4096
,229,0.025387568999576615,size,4096
,230,0.02183393499944941,size,4096
,231,0.021026746999268653,size,4096
,232,0.017717668997647706,size,4096
,233,0.02873246799936169,size,4096
,234,0.01892981000128202,size,4096
,235,0.018956968997372314,size,4096
,236,0.019187695997970877,size,4096
,237,0.01766793999922811,size,4096
,238,0.02200966600139509,size,4096
,239,0.01933025399921462,size,4096
,240,0.02953076899939333,size,4096
,241,0.024395532000198727,size,4096
,242,0.022036119000404142,size,4096
,243,0.02502260600158479,size,4096
,244,0.05762463199789636,size,4096
,245,0.02294057400285965,size,4096
,246,0.022461757998826215,size,4096
,247,0.027368367998860776,size,4096
,248,0.03082887599884998,size,4096
,249,0.02705560599861201,size,4096
,250,0.03211321699927794,size,4096
,251,0.028925268998136744,size,4096
,252,0.01743802100099856,size,4096
,253,0.028179320001072483,size,4096
,254,0.027517598999111215,size,4096
,255,0.022239356996578863,size,4096
,256,0.026626304003002588,size,4096
,257,0.026727186999778496,size,4096
,258,0.024768092000158504,size,4096
,259,0.02591922800274915,size,4096
,260,0.02442948099997011,size,4096
,261,0.028908672000397928,size,4096
,262,0.0261402630021621,size,4096
,263,0.017750098999385955,size,4096
,264,0.022168409999721916,size,4096
,265,0.025947739002731396,size,4096
,266,0.01705038699947181,size,4096
,267,0.020599734998540953,size,4096
,268,0.02486256200063508,size,4096
,269,0.02337185199939995,size,4096
,270,0.02379735100112157,size,4096
,271,0.025488613999186782,size,4096
,272,0.02259386699734023,size,4096
,273,0.030184354000084568,size,4096
,274,0.025207910999597516,size,4096
,275,0.019707294002728304,size,4096
,276,0.02234783600215451,size,4096
,277,0.021027544000389753,size,4096
,278,0.02841548799915472,size,4096
,279,0.029524301000492414,size,4096
,280,0.023354289998678723,size,4096
,281,0.027572007002163446,size,4096
,282,0.017149799001344945,size,4096
,283,0.026096522000443656,size,4096
,284,0.02650209800049197,size,4096
,285,0.026164745999267325,size,4096
,286,0.02644010499716387,size,4096
,287,0.018690301996684866,size,4096
,288,0.0241338320010982,size,4096
,289,0.015555460999166826,size,4096
,290,0.02463062000242644,size,4096
,291,0.025197724000463495,size,4096
,292,0.02135070199801703,size,4096
,293,0.017502473998320056,size,4096
,294,0.02919044100053725,size,4096
,295,0.03252459899886162,size,4096
,296,0.018650647998583736,size,4096
,297,0.02086828599931323,size,4096
,298,0.027719757999875583,size,4096
,299,0.06193450200225925,size,4096
,0,0.024235452998254914,size,65536
,1,0.02573421100169071,size,65536
,2,0.026254951000737492,size,65536
,3,0.02939503399829846,size,65536
,4,0.02626291400156333,size,65536
,5,0.02926429099898087,size,65536
,6,0.023898441999335773,size,65536
,7,0.03342910400169785,size,65536
,8,0.023110917001758935,size,65536
,9,0.02860105799845769,size,65536
,10,0.02835978400253225,size,65536
,11,0.02551961700009997,size,65536
,12,0.02519703399957507,size,65536
,13,0.026583546998153906,size,65536
,14,0.023857009000494145,size,65536
,15,0.024236730998381972,size,65536
,16,0.021395253999799024,size,65536
,17,0.025573801001883112,size,65536
,18,0.021702206999179907,size,65536
,19,0.028479276999860303,size,65536
,20,0.024439736997010186,size,65536
,21,0.018961989000672475,size,65536
,22,0.02315837400237797,size,65536
,23,0.03017206299773534,size,65536
,24,0.021608414997899672,size,65536
,25,0.027979543003311846,size,65536
,26,0.031268000002455665,size,65536
,27,0.018059137000818737,size,65536
,28,0.02248671000052127,size,65536
,29,0.02719502500258386,size,65536
,30,0.02997890699771233,size,65536
,31,0.026412696999614127,size,65536
,32,0.019498287001624703,size,65536
,33,0.023477505998016568,size,65536
,34,0.019926862998545403,size,65536
,35,0.023914469998999266,size,65536
,36,0.029415675002383068,size,65536
,37,0.02348215500023798,size,65536
,38,0.01888786500057904,size,65536
,39,0.02657826699942234,size,65536
,40,0.0182284630027425,size,65536
,41,0.022565233000932494,size,65536
,42,0.024658959999214858,size,65536
,43,0.018597684997075703,size,65536
,44,0.027002237999113277,size,65536
,45,0.021608707000268623,size,65536
,46,0.02507110499936971,size,65536
,47,0.02478553400214878,size,65536
,48,0.027639954998448957,size,65536
,49,0.024912241999118123,size,65536
,50,0.019672741000249516,size,65536
,51,0.026007488999312045,size,65536
,52,0.02654906200041296,size,65536
,53,0.024658762999024475,size,65536
,54,0.026459607001015684,size,65536
,55,0.02958427900011884,size,65536
,56,0.02445657700081938,size,65536
,57,0.019959743000072194,size,65536
,58,0.023076009998476366,size,65536
,59,0.028019498000503518,size,65536
,60,0.030329547000292223,size,65536
,61,0.028795546997571364,size,65536
,62,0.02292136399773881,size,65536
,63,0.03084836600100971,size,65536
,64,0.03422393299842952,size,65536
,65,0.031244849000358954,size,65536
,66,0.026764866001030896,size,65536
,67,0.033704682002280606,size,65536
,68,0.019042900003114482,size,65536
,69,0.01840053299747524,size,65536
,70,0.02988399199966807,size,65536
,71,0.021313275003194576,size,65536
,72,0.02401231700059725,size,65536
,73,0.02673340600085794,size,65536
,74,0.022754233999876305,size,65536
,75,0.026261105998855783,size,65536
,76,0.02900933300043107,size,65536
,77,0.0321761939994758,size,65536
,78,0.02942949699718156,size,65536
,79,0.02261289099988062,size,65536
,80,0.024355543999263318,size,65536
,81,0.02421974400203908,size,65536
,82,0.01787874999718042,size,65536
,83,0.026633745997969527,size,65536
,84,0.021014563000790076,size,65536
,85,0.03302505100145936,size,65536
,86,0.02095780099989497,size,65536
,87,0.02253239999845391,size,65536
,88,0.02435918099945411,size,65536
,89,0.022069762999308296,size,65536
,90,0.020051824998517986,size,65536
,91,0.02774283100006869,size,65536
,92,0.023044143003062345,size,65536
,93,0.01956695400076569,size,65536
,94,0.02426593999916804,size,65536
,95,0.026321256002120208,size,65536
,96,0.02695165000113775,size,65536
,97,0.028489063999586506,size,65536
,98,0.025952494997909525,size,65536
,99,0.05739660199833452,size,65536
,100,0.024160811000911053,size,65536
,101,0.029505286998755764,size,65536
,102,0.024115334999805782,size,65536
,103,0.018937791002826998,size,65536
,104,0.021887208000407554,size,65536
,105,0.023618852999788942,size,65536
,106,0.029687899001146434,size,65536
,107,0.021559901000728132,size,65536
,108,0.02684088000023621,size,65536
,109,0.021068431000458077,size,65536
,110,0.01922852099960437,size,65536
,111,0.019647141998575535,size,65536
,112,0.021032773998740595,size,65536
,113,0.024814934000460198,size,65536
,114,0.02727795399914612,size,65536
,115,0.02305455099849496,size,65536
,116,0.02795552500174381,size,65536
,117,0.02528169099969091,size,65536
,118,0.03207624400238274,size,65536
,119,0.02420634700320079,size,65536
,120,0.029347872001380892,size,65536
,121,0.026568269000563305,size,65536
,122,0.028749089997290866,size,65536
,123,0.026307799998903647,size,65536
,124,0.02686743600133923,size,65536
,125,0.024246787001175107,size,65536
,126,0.02482718800092698,size,65536
,127,0.021827525000844616,size,65536
,128,0.09796735000054468,size,65536
,129,0.053670888002670836,size,65536
,130,0.02438537999842083,size,65536
,131,0.023178285999165382,size,65536
,132,0.030214630998671055,size,65536
,133,0.025979150999773992,size,65536
,134,0.02010212200184469,size,65536
,135,0.029150974998628953,size,65536
,136,0.022972872997343075,size,65536
,137,0.030742795999685768,size,65536
,138,0.02496281600178918,size,65536
,139,0.025962095001887064,size,65536
,140,0.022793415999331046,size,65536
,141,0.025598311000067042,size,65536
,142,0.02668983400144498,size,65536
,143,0.030733366002095863,size,65536
,144,0.025894851998600643,size,65536
,145,0.016182586001377786,size,65536
,146,0.0239336810009263,size,65536
,147,0.024463773999741534,size,65536
,148,0.02460482999958913,size,65536
,149,0.022438926000177162,size,65536
,150,0.028111267001804663,size,65536
,151,0.02403707600024063,size,65536
,152,0.01796193300106097,size,65536
,153,0.020787244000530336,size,65536
,154,0.02157903300030739,size,65536
,155,0.020077171000593808,size,65536
,156,0.017392990997905144,size,65536
,157,0.027247505000559613,size,65536
,158,0.032812931000080425,size,65536
,159,0.020634242999221897,size,65536
,160,0.02685050800209865,size,65536
,161,0.020967049000319093,size,65536
,162,0.020645345000957604,size,65536
,163,0.023653236999962246,size,65536
,164,0.02787793899915414,size,65536
,165,0.0288498529989738,size,65536
,166,0.025328666000859812,size,65536
,167,0.025850727000943152,size,65536
,168,0.020982304002245655,size,65536
,169,0.02906751000045915,size,65536
,170,0.025608780997572467,size,65536
,171,0.030343538001034176,size,65536
,172,0.032732776999182533,size,65536
,173,0.026496041999052977,size,65536
,174,0.02151960099945427,size,65536
,175,0.024427635999018094,size,65536
,176,0.018859266998333624,size,65536
,177,0.024346538000827422,size,65536
,178,0.02519586500056903,size,65536
,179,0.02178209000339848,size,65536
,180,0.03266226099731284,size,65536
,181,0.027830596001876984,size,65536
,182,0.023528916000941535,size,65536
,183,0.022807051998825045,size,65536
,184,0.028005324998957803,size,65536
,185,0.01625399999829824,size,65536
,186,0.032745246000558836,size,65536
,187,0.021613860000798013,size,65536
,188,0.03119886200147448,size,65536
,189,0.024658166003064252,size,65536
,190,0.02500656499978504,size,65536
,191,0.028142929997557076,size,65536
,192,0.02109810999900219,size,65536
,193,0.027606316001765663,size,65536
,194,0.030107284997939132,size,65536
,195,0.02797498300060397,size,65536
,196,0.019669720000820234,size,65536
,197,0.027993212999717798,size,65536
,198,0.059374379001383204,size,65536
,199,0.06457798699921113,size,65536
,200,0.03085640700010117,size,65536
,201,0.02744884700223338,size,65536
,202,0.025990363999881083,size,65536
,203,0.030158391000441043,size,65536
,204,0.0251179399965622,size,65536
,205,0.01827641799900448,size,65536
,206,0.027912071996979648,size,65536
,207,0.024809208000078797,size,65536
,208,0.030924147999030538,size,65536
,209,0.02230252799927257,size,65536
,210,0.0289468430019042,size,65536
,211,0.021656354001606815,size,65536
,212,0.02695752199724666,size,65536
,213,0.045856707998609636,size,65536
,214,0.0318806119976216,size,65536
,215,0.027225427998928353,size,65536
,216,0.028416207002010196,size,65536
,217,0.021027765000326326,size,65536
,218,0.02306514800147852,size,65536
,219,0.021368091001932044,size,65536
,220,0.03303597700141836,size,65536
,221,0.029612550999445375,size,65536
,222,0.02440587700039032,size,65536
,223,0.023320125001191627,size,65536
,224,0.03250468500118586,size,65536
,225,0.027994184998533456,size,65536
,226,0.03038084600120783,size,65536
,227,0.025809990002017003,size,65536
,228,0.021970928999508033,size,65536
,229,0.025816764999035513,size,65536
,230,0.031455216001631925,size,65536
,231,0.028440903002774576,size,65536
,232,0.02360169500025222,size,65536
,233,0.024041454002144746,size,65536
,234,0.02354181999908178,size,65536
,235,0.02634209800089593,size,65536
,236,0.027704758002073504,size,65536
,237,0.030191016998287523,size,65536
,238,0.026775729998917086,size,65536
,239,0.024905367001338163,size,65536
,240,0.02303656799995224,size,65536
,241,0.02885586399861495,size,65536
,242,0.02261113600252429,size,65536
,243,0.02446348100056639,size,65536
,244,0.022169679999933578,size,65536
,245,0.025095288998272736,size,65536
,246,0.03241209300176706,size,65536
,247,0.031313365001551574,size,65536
,248,0.026302262998797232,size,65536
,249,0.023398034001729684,size,65536
,250,0.02960834999976214,size,65536
,251,0.02646212500258116,size,65536
,252,0.03274560199861298,size,65536
,253,0.019747823000216158,size,65536
,254,0.031466062002436956,size,65536
,255,0.025731967001775047,size,65536
,256,0.10454936899986933,size,65536
,257,0.029972946002089884,size,65536
,258,0.027496365997649264,size,65536
,259,0.029204739999840967,size,65536
,260,0.031497600000875536,size,65536
,261,0.01967386500109569,size,65536
,262,0.020651691000239225,size,65536
,263,0.0300834660010878,size,65536
,264,0.01785914399806643,size,65536
,265,0.030902637001418043,size,65536
,266,0.01994769900193205,size,65536
,267,0.03204689099948155,size,65536
,268,0.02491861499947845,size,65536
,269,0.020954462001100183,size,65536
,270,0.02853879200119991,size,65536
,271,0.01862495699970168,size,65536
,272,0.027530112998647382,size,65536
,273,0.02476568500060239,size,65536
,274,0.024615420999907656,size,65536
,275,0.02237452199915424,size,65536
,276,0.022752459997718688,size,65536
,277,0.028943051998794544,size,65536
,278,0.026650163999875076,size,65536
,279,0.03374610399987432,size,65536
,280,0.028360980002616998,size,65536
,281,0.025486987000476802,size,65536
,282,0.019869443000061437,size,65536
,283,0.026327290997869568,size,65536
,284,0.022228478999750223,size,65536
,285,0.030389248000574298,size,65536
,286,0.02383829799873638,size,65536
,287,0.01979977800147026,size,65536
,288,0.028019696997944266,size,65536
,289,0.021958733999781543,size,65536
,290,0.026422061000630492,size,65536
,291,0.030085376998613356,size,65536
,292,0.02608870399853913,size,65536
,293,0.023607780000020284,size,65536
,294,0.027759182998124743,size,65536
,295,0.030442147002759157,size,65536
,296,0.025040657998033566,size,65536
,297,0.03198032299769693,size,65536
,298,0.02943661700192024,size,65536
,299,0.05328543899668148,size,65536
,0,0.028572412000357872,size,1048576
,1,0.02681843499885872,size,1048576
,2,0.02499504099978367,size,1048576
,3,0.026715867999882903,size,1048576
,4,0.022095989999797894,size,1048576
,5,0.027675268000166398,size,1048576
,6,0.026546214998234063,size,1048576
,7,0.027967426998657174,size,1048576
,8,0.0277152720009326,size,1048576
,9,0.02082669000083115,size,1048576
,10,0.032887645000300836,size,1048576
,11,0.02038303600056679,size,1048576
,12,0.02763236600003438,size,1048576
,13,0.022215320997929666,size,1048576
,14,0.04597487999853911,size,1048576
,15,0.03162619300201186,size,1048576
,16,0.024409595996985445,size,1048576
,17,0.026278433000697987,size,1048576
,18,0.021969833000184735,size,1048576
,19,0.020197787001961842,size,1048576
,20,0.020276241997635225,size,1048576
,21,0.02308427099706023,size,1048576
,22,0.023771243999362923,size,1048576
,23,0.018809904999216087,size,1048576
,24,0.0839493629973731,size,1048576
,25,0.03517701099917758,size,1048576
,26,0.033094929000071716,size,1048576
,27,0.022053625998523785,size,1048576
,28,0.0215254470022046,size,1048576
,29,0.022043576998839853,size,1048576
,30,0.03224414099895512,size,1048576
,31,0.017620970000280067,size,1048576
,32,0.06882332500026678,size,1048576
,33,0.050682700999459485,size,1048576
,34,0.021230219997960376,size,1048576
,35,0.02393900199967902,size,1048576
,36,0.019544850998499896,size,1048576
,37,0.02327285700084758,size,1048576
,38,0.031017408000479918,size,1048576
,39,0.03052863799894112,size,1048576
,40,0.10514997800055426,size,1048576
,41,0.0430675820025499,size,1048576
,42,0.020075823998922715,size,1048576
,43,0.02797329399982118,size,1048576
,44,0.024199804000090808,size,1048576
,45,0.028290638998441864,size,1048576
,46,0.019718372001079842,size,1048576
,47,0.025882882000587415,size,1048576
,48,0.12006808000296587,size,1048576
,49,0.030949323998356704,size,1048576
,50,0.028149357000074815,size,1048576
,51,0.023469913998269476,size,1048576
,52,0.023103265000827378,size,1048576
,53,0.033968156996706966,size,1048576
,54,0.030114519002381712,size,1048576
,55,0.030721953000465874,size,1048576
,56,0.0640730449995317,size,1048576
,57,0.02712456600056612,size,1048576
,58,0.02220794200184173,size,1048576
,59,0.02467045999947004,size,1048576
,60,0.0310157200001413,size,1048576
,61,0.026471287001186283,size,1048576
,62,0.022495530000014696,size,1048576
,63,0.02350382200165768,size,1048576
,64,0.021598268998786807,size,1048576
,65,0.024920507003116654,size,1048576
,66,0.031119092000153614,size,1048576
,67,0.02966718500101706,size,1048576
,68,0.046825687000819016,size,1048576
,69,0.021961752001516288,size,1048576
,70,0.031029702000523685,size,1048576
,71,0.025290941001003375,size,1048576
,72,0.02699741200194694,size,1048576
,73,0.03072831700046663,size,1048576
,74,0.02061448200038285,size,1048576
,75,0.02742575400043279,size,1048576
,76,0.024883695001335582,size,1048576
,77,0.027033677000872558,size,1048576
,78,0.027185841001482913,size,1048576
,79,0.025594729999284027,size,1048576
,80,0.023623610999493394,size,1048576
,81,0.030041506000998197,size,1048576
,82,0.02853357299682102,size,1048576
,83,0.018280513999343384,size,1048576
,84,0.02325693100283388,size,1048576
,85,0.028223773999343393,size,1048576
,86,0.026806557998497738,size,1048576
,87,0.020921033999911742,size,1048576
,88,0.026048478001030162,size,1048576
,89,0.030677307997393655,size,1048576
,90,0.026540333001321414,size,1048576
,91,0.03062977000081446,size,1048576
,92,0.022610432999499608,size,1048576
,93,0.027433996998297516,size,1048576
,94,0.018197504999989178,size,1048576
,95,0.03162418300053105,size,1048576
,96,0.02557964000152424,size,1048576
,97,0.020143973000813276,size,1048576
,98,0.030578844001865946,size,1048576
,99,0.0604668079977273,size,1048576
,100,0.026435288000357104,size,1048576
,101,0.02111133599828463,size,1048576
,102,0.031069777000084287,size,1048576
,103,0.023879147000116063,size,1048576
,104,0.023918755003251135,size,1048576
,105,0.022578779000468785,size,1048576
,106,0.02106561300024623,size,1048576
,107,0.01801733700267505,size,1048576
,108,0.027861067002959317,size,1048576
,109,0.02538321000247379,size,1048576
,110,0.025637957001890754,size,1048576
,111,0.029221198998129694,size,1048576
,112,0.03084777500043856,size,1048576
,113,0.024926971000240883,size,1048576
,114,0.024613891997432802,size,1048576
,115,0.025564126000972465,size,1048576
,116,0.02445263200206682,size,1048576
,117,0.02210367500083521,size,1048576
,118,0.018185464999987744,size,1048576
,119,0.03065150199836353,size,1048576
,120,0.02979384300124366,size,1048576
,121,0.03127828400101862,size,1048576
,122,0.02799950699773035,size,1048576
,123,0.02177521900011925,size,1048576
,124,0.02841211499981,size,1048576
,125,0.025795387002290227,size,1048576
,126,0.03388468500270392,size,1048576
,127,0.03208467600052245,size,1048576
,128,0.02586391400109278,size,1048576
,129,0.031824455996684264,size,1048576
,130,0.02977767899938044,size,1048576
,131,0.022189395000168588,size,1048576
,132,0.023167546001786832,size,1048576
,133,0.03009715499865706,size,1048576
,134,0.027933421999478014,size,1048576
,135,0.023032459001115058,size,1048576
,136,0.025815426000917796,size,1048576
,137,0.023634318000404164,size,1048576
,138,0.019621244999143528,size,1048576
,139,0.02209122699787258,size,1048576
,140,0.02282571000250755,size,1048576
,141,0.024332010998477926,size,1048576
,142,0.025402049999684095,size,1048576
,143,0.03301945400016848,size,1048576
,144,0.02760273099920596,size,1048576
,145,0.025180040000122972,size,1048576
,146,0.029525584999646526,size,1048576
,147,0.026758403997519054,size,1048576
,148,0.02141084400136606,size,1048576
,149,0.03287459400235093,size,1048576
,150,0.02800210199711728,size,1048576
,151,0.026941193998936797,size,1048576
,152,0.026480573000299046,size,1048576
,153,0.02122787100233836,size,1048576
,154,0.02675982900109375,size,1048576
,155,0.023138488999393303,size,1048576
,156,0.03261152900086017,size,1048576
,157,0.027515810998011148,size,1048576
,158,0.024454768001305638,size,1048576
,159,0.02952067300066119,size,1048576
,160,0.03626645899930736,size,1048576
,161,0.028597388001799118,size,1048576
,162,0.029413768999802414,size,1048576
,163,0.019940206002502237,size,1048576
,164,0.03260399699865957,size,1048576
,165,0.032031021000875626,size,1048576
,166,0.02666643200063845,size,1048576
,167,0.030249211999034742,size,1048576
,168,0.030546884998329915,size,1048576
,169,0.01871527300318121,size,1048576
,170,0.028933426998264622,size,1048576
,171,0.027720407997549046,size,1048576
,172,0.021185452002100646,size,1048576
,173,0.03155949999927543,size,1048576
,174,0.03359183399879839,size,1048576
,175,0.02960218600128428,size,1048576
,176,0.028328232998319436,size,1048576
,177,0.026954492001095787,size,1048576
,178,0.024594448997959262,size,1048576
,179,0.023082296997017693,size,1048576
,180,0.028574831998412265,size,1048576
,181,0.03331639500174788,size,1048576
,182,0.025695852000353625,size,1048576
,183,0.030209111999283778,size,1048576
,184,0.02190014499865356,size,1048576
,185,0.025727424999786308,size,1048576
,186,0.028236624999408377,size,1048576
,187,0.024718096003198298,size,1048576
,188,0.021671923001122195,size,1048576
,189,0.025110110000241548,size,1048576
,190,0.025356058999022935,size,1048576
,191,0.027676259996951558,size,1048576
,192,0.029284243002621224,size,1048576
,193,0.025294016999396263,size,1048576
,194,0.018362221999268513,size,1048576
,195,0.02769858600004227,size,1048576
,196,0.025885128998197615,size,1048576
,197,0.03034661700075958,size,1048576
,198,0.025468075000389945,size,1048576
,199,0.06737154200163786,size,1048576
,200,0.026078848997713067,size,1048576
,201,0.025741850997292204,size,1048576
,202,0.030444171999988612,size,1048576
,203,0.026555754000582965,size,1048576
,204,0.029079894000460627,size,1048576
,205,0.027371902000595583,size,1048576
,206,0.02936661700005061,size,1048576
,207,0.029574142001365544,size,1048576
,208,0.03044398999918485,size,1048576
,209,0.021179182000196306,size,1048576
,210,0.029840815001080045,size,1048576
,211,0.031089669002540177,size,1048576
,212,0.022302609999314882,size,1048576
,213,0.026200806998531334,size,1048576
,214,0.023268345001270063,size,1048576
,215,0.021507163997739553,size,1048576
,216,0.026400882001325954,size,1048576
,217,0.02211410900054034,size,1048576
,218,0.028855169999587815,size,1048576
,219,0.027478174000862055,size,1048576
,220,0.02774739199958276,size,1048576
,221,0.025843486000667326,size,1048576
,222,0.028876230997411767,size,1048576
,223,0.02916336400085129,size,1048576
,224,0.03231801500078291,size,1048576
,225,0.02084136600024067,size,1048576
,226,0.018874479999794858,size,1048576
,227,0.029245614998217206,size,1048576
,228,0.021126536001247587,size,1048576
,229,0.024644190998515114,size,1048576
,230,0.027363465997041203,size,1048576
,231,0.024731215002248064,size,1048576
,232,0.025382200998137705,size,1048576
,233,0.02992863799954648,size,1048576
,234,0.024818950001645135,size,1048576
,235,0.02128349299891852,size,1048576
,236,0.0267808899989177,size,1048576
,237,0.029051665998849785,size,1048576
,238,0.025958325000829063,size,1048576
,239,0.031922097001370275,size,1048576
,240,0.024533621999580646,size,1048576
,241,0.024868641998182284,size,1048576
,242,0.031022624996694503,size,1048576
,243,0.03334262000134913,size,1048576
,244,0.031002119001641404,size,1048576
,245,0.021713099999033147,size,1048576
,246,0.027310927001963137,size,1048576
,247,0.021917654001299525,size,1048576
,248,0.024833634997776244,size,1048576
,249,0.025398147998203058,size,1048576
,250,0.022226034001505468,size,1048576
,251,0.031014034000691026,size,1048576
,252,0.02179061499919044,size,1048576
,253,0.025498996998067014,size,1048576
,254,0.02147716100080288,size,1048576
,255,0.024747612998908153,size,1048576
,256,0.027427349999925354,size,1048576
,257,0.032178893001400866,size,1048576
,258,0.021100718000525376,size,1048576
,259,0.027975982000498334,size,1048576
,260,0.02729712000291329,size,1048576
,261,0.0352713060019596,size,1048576
,262,0.03269063599873334,size,1048576
,263,0.02904373400087934,size,1048576
,264,0.030984809000074165,size,1048576
,265,0.027584401999774855,size,1048576
,266,0.02568656400035252,size,1048576
,267,0.027664364002703223,size,1048576
,268,0.02603570500286878,size,1048576
,269,0.022161853001307463,size,1048576
,270,0.029334022001421545,size,1048576
,271,0.018964392998896074,size,1048576
,272,0.02425378699990688,size,1048576
,273,0.03114788399761892,size,1048576
,274,0.026280063997546677,size,1048576
,275,0.024538281999411993,size,1048576
,276,0.03282337900236598,size,1048576
,277,0.02072991800014279,size,1048576
,278,0.03166224900269299,size,1048576
,279,0.023387553002976347,size,1048576
,280,0.024808204001601553,size,1048576
,281,0.031797976000234485,size,1048576
,282,0.027086902999144513,size,1048576
,283,0.026588851000269642,size,1048576
,284,0.030999389997305116,size,1048576
,285,0.03203598099935334,size,1048576
,286,0.03154975500001456,size,1048576
,287,0.021217536999756703,size,1048576
,288,0.03178011099953437,size,1048576
,289,0.02266558599876589,size,1048576
,290,0.03030840900100884,size,1048576
,291,0.02668121700116899,size,1048576
,292,0.02806700700239162,size,1048576
,293,0.02354568900045706,size,1048576
,294,0.03414889000123367,size,1048576
,295,0.025239381997380406,size,1048576
,296,0.023460057000193046,size,1048576
,297,0.020185133998893434,size,1048576
,298,0.026749358999950346,size,1048576
,299,0.06525670600240119,size,1048576
,0,0.1778293589995883,size,16777216
,1,0.17684044699853985,size,16777216
,2,0.1766049430007115,size,16777216
,3,0.17801713200242375,size,16777216
,4,0.18212403300276492,size,16777216
,5,0.1831075480004074,size,16777216
,6,0.18190062499706983,size,16777216
,7,0.18251486200097133,size,16777216
,8,0.18330427799810423,size,16777216
,9,0.17688522599928547,size,16777216
,10,0.17682913899989217,size,16777216
,11,0.17703364699991653,size,16777216
,12,0.17713131200071075,size,16777216
,13,0.1774048169972957,size,16777216
,14,0.1767391800021869,size,16777216
,15,0.18256823599949712,size,16777216
,16,0.17639364099886734,size,16777216
,17,0.18189185300070676,size,16777216
,18,0.17693435399996815,size,16777216
,19,0.18261557400182937,size,16777216
,20,0.18241754299742752,size,16777216
,21,0.17583275099968887,size,16777216
,22,0.17661783500079764,size,16777216
,23,0.1767672060013865,size,16777216
,24,0.17708304400002817,size,16777216
,25,0.17675097399842343,size,16777216
,26,0.1766153940006916,size,16777216
,27,0.1766420489984739,size,16777216
,28,0.1818791039986536,size,16777216
,29,0.17540735399961704,size,16777216
,30,0.18280180000147084,size,16777216
,31,0.17560271299953456,size,16777216
,32,0.1832789899999625,size,16777216
,33,0.18302887599929818,size,16777216
,34,0.17644901600215235,size,16777216
,35,0.17660716699901968,size,16777216
,36,0.1822831449972,size,16777216
,37,0.17886878800345585,size,16777216
,38,0.17815939000138314,size,16777216
,39,0.17649696999797015,size,16777216
,40,0.1760724410014518,size,16777216
,41,0.20035013699816773,size,16777216
,42,0.18273101199883968,size,16777216
,43,0.17580398800055264,size,16777216
,44,0.18290640800114488,size,16777216
,45,0.1768686970026465,size,16777216
,46,0.1898652569980186,size,16777216
,47,0.17715366300035384,size,16777216
,48,0.1763265080007841,size,16777216
,49,0.1818322420003824,size,16777216
,50,0.1763855400022294,size,16777216
,51,0.1775700340003823,size,16777216
,52,0.18228817999988678,size,16777216
,53,0.17715008899904205,size,16777216
,54,0.1824571270008164,size,16777216
,55,0.17522111300058896,size,16777216
,56,0.1769640550010081,size,16777216
,57,0.17712141500305734,size,16777216
,58,0.18167294299928471,size,16777216
,59,0.18302734299868462,size,16777216
,60,0.17677184899730491,size,16777216
,61,0.17658060300163925,size,16777216
,62,0.18249628600096912,size,16777216
,63,0.1761209329997655,size,16777216
,64,0.17630685300173354,size,16777216
,65,0.17730436700003338,size,16777216
,66,0.18251932000202942,size,16777216
,67,0.18378178700004355,size,16777216
,68,0.1828982189981616,size,16777216
,69,0.17715902000054484,size,16777216
,70,0.1819943369991961,size,16777216
,71,0.17724228100269102,size,16777216
,72,0.18244351100292988,size,16777216
,73,0.17752855199796613,size,16777216
,74,0.1769196130007913,size,16777216
,75,0.1766215679999732,size,16777216
,76,0.17736330900152097,size,16777216
,77,0.17741876500076614,size,16777216
,78,0.17631920900021214,size,16777216
,79,0.17725860700011253,size,16777216
,80,0.17667014499966172,size,16777216
,81,0.17705482100063819,size,16777216
,82,0.17666575700059184,size,16777216
,83,0.1767652470007306,size,16777216
,84,0.1775224689990864,size,16777216
,85,0.17598860400175909,size,16777216
,86,0.17711265999969328,size,16777216
,87,0.17683890399712254,size,16777216
,88,0.18279770799927064,size,16777216
,89,0.17644366499735042,size,16777216
,90,0.17673240099975374,size,16777216
,91,0.1823055460008618,size,16777216
,92,0.18607722299930174,size,16777216
,93,0.1769850589989801,size,16777216
,94,0.17539397400105372,size,16777216
,95,0.18199200100207236,size,16777216
,96,0.2070556660000875,size,16777216
,97,0.17620819799776655,size,16777216
,98,0.1788425869999628,size,16777216
,99,0.18955872799779172,size,16777216
,100,0.1760963470005663,size,16777216
,101,0.17686411999966367,size,16777216
,102,0.1768732149976131,size,16777216
,103,0.17647686900090775,size,16777216
,104,0.1817099040017638,size,16777216
,105,0.18132102900199243,size,16777216
,106,0.176700947999052,size,16777216
,107,0.18182162800076185,size,16777216
,108,0.17632326199964155,size,16777216
,109,0.1822854419988289,size,16777216
,110,0.18249434400058817,size,16777216
,111,0.18270533200120553,size,16777216
,112,0.18154177999895182,size,16777216
,113,0.17598407799960114,size,16777216
,114,0.17626520799967693,size,16777216
,115,0.17571590199804632,size,16777216
,116,0.17603531400163774,size,16777216
,117,0.1811238729969773,size,16777216
,118,0.18125569399853703,size,16777216
,119,0.18173379500149167,size,16777216
,120,0.18115923199729878,size,16777216
,121,0.18260152199945878,size,16777216
,122,0.18215474899989204,size,16777216
,123,0.18182819700086839,size,16777216
,124,0.18210629600071115,size,16777216
,125,0.18205945399677148,size,16777216
,126,0.18118697599857114,size,16777216
,127,0.17608872200071346,size,16777216
,128,0.1819112960001803,size,16777216
,129,0.18195597899830318,size,16777216
,130,0.17649376900226343,size,16777216
,131,0.1815583540010266,size,16777216
,132,0.18273486999896704,size,16777216
,133,0.18198115099949064,size,16777216
,134,0.182331215000886,size,16777216
,135,0.18265608900037478,size,16777216
,136,0.17633361000116565,size,16777216
,137,0.17607442000007723,size,16777216
,138,0.18204469000193058,size,16777216
,139,0.1815380769985495,size,16777216
,140,0.1761717379995389,size,16777216
,141,0.18113706799704232,size,16777216
,142,0.18173694700089982,size,16777216
,143,0.18161153699838906,size,16777216
,144,0.19022844299979624,size,16777216
,145,0.18142374299713993,size,16777216
,146,0.1815460299985716,size,16777216
,147,0.18132901799981482,size,16777216
,148,0.17627984099817695,size,16777216
,149,0.18169320000015432,size,16777216
,150,0.18183160899934592,size,16777216
,151,0.18147496599704027,size,16777216
,152,0.18233911200150033,size,16777216
,153,0.18243763600185048,size,16777216
,154,0.17603337100081262,size,16777216
,155,0.18176180899899919,size,16777216
,156,0.18621907099804957,size,16777216
,157,0.18199088699839194,size,16777216
,158,0.18218316400088952,size,16777216
,159,0.181517854998674,size,16777216
,160,0.18273986199710635,size,16777216
,161,0.1817214190014056,size,16777216
,162,0.18126095100160455,size,16777216
,163,0.1815915560000576,size,16777216
,164,0.1815653449993988,size,16777216
,165,0.17661825499817496,size,16777216
,166,0.18259991599916248,size,16777216
,167,0.18231905100037693,size,16777216
,168,0.19348001700200257,size,16777216
,169,0.1815663970010064,size,16777216
,170,0.18166929700237233,size,16777216
,171,0.1817008479993092,size,16777216
,172,0.17637246899903403,size,16777216
,173,0.18163092100076028,size,16777216
,174,0.1762079750005796,size,16777216
,175,0.18191757399836206,size,16777216
,176,0.18179952399805188,size,16777216
,177,0.1764533700006723,size,16777216
,178,0.18202277900127228,size,16777216
,179,0.18132883900034358,size,16777216
,180,0.18140497700005653,size,16777216
,181,0.18720241600021836,size,16777216
,182,0.18188322599962703,size,16777216
,183,0.17621077899821103,size,16777216
,184,0.1811832620005589,size,16777216
,185,0.17613333099870943,size,16777216
,186,0.1817660069973499,size,16777216
,187,0.18176438199952827,size,16777216
,188,0.18208657799914363,size,16777216
,189,0.17645820300094783,size,16777216
,190,0.1818641200006823,size,16777216
,191,0.1765224099981424,size,16777216
,192,0.17626967999967746,size,16777216
,193,0.17566510799952084,size,16777216
,194,0.18539919099930557,size,16777216
,195,0.18128213200179744,size,16777216
,196,0.17624312200132408,size,16777216
,197,0.18146903899832978,size,16777216
,198,0.17626948299948708,size,16777216
,199,0.19459669899879373,size,16777216
,200,0.1771752069980721,size,16777216
,201,0.1768166059991927,size,16777216
,202,0.17683478199978708,size,16777216
,203,0.18193506799798342,size,16777216
,204,0.18198910700084525,size,16777216
,205,0.18196701500346535,size,16777216
,206,0.18266286099969875,size,16777216
,207,0.18256603099871427,size,16777216
,208,0.1822424400015734,size,16777216
,209,0.1769932479983254,size,16777216
,210,0.18256707299951813,size,16777216
,211,0.17640531999859377,size,16777216
,212,0.18140696399859735,size,16777216
,213,0.18173701500199968,size,16777216
,214,0.17670349000036367,size,16777216
,215,0.18232377200183691,size,16777216
,216,0.18229263100147364,size,16777216
,217,0.1818093180008873,size,16777216
,218,0.17720073999953456,size,16777216
,219,0.17713955299768713,size,16777216
,220,0.18211132999931579,size,16777216
,221,0.17709665299844346,size,16777216
,222,0.17706438700042781,size,16777216
,223,0.18148284899871214,size,16777216
,224,0.18184598099833238,size,16777216
,225,0.18211761000202387,size,16777216
,226,0.17660882500058506,size,16777216
,227,0.1814064669997606,size,16777216
,228,0.18147376499837264,size,16777216
,229,0.18282317600096576,size,16777216
,230,0.17656682199958595,size,16777216
,231,0.17652829199869302,size,16777216
,232,0.18248594099713955,size,16777216
,233,0.19278506999762612,size,16777216
,234,0.18291388600118808,size,16777216
,235,0.1822961830002896,size,16777216
,236,0.17683669299731264,size,16777216
,237,0.17579302699959953,size,16777216
,238,0.17649235499993665,size,16777216
,239,0.18124767699919175,size,16777216
,240,0.17642851900018286,size,16777216
,241,0.18147814300027676,size,16777216
,242,0.1820759949987405,size,16777216
,243,0.1820667699976184,size,16777216
,244,0.17677495300085866,size,16777216
,245,0.1816874780015496,size,16777216
,246,0.1821589250030229,size,16777216
,247,0.17609177499980433,size,16777216
,248,0.176327618999494,size,16777216
,249,0.18213530100183561,size,16777216
,250,0.17599518099814304,size,16777216
,251,0.1848625210004684,size,16777216
,252,0.17622644200309878,size,16777216
,253,0.18222471099943505,size,16777216
,254,0.18146934600008535,size,16777216
,255,0.18254633900141926,size,16777216
,256,0.18226599999979953,size,16777216
,257,0.18246180599817308,size,16777216
,258,0.1819033940009831,size,16777216
,259,0.17623018700032844,size,16777216
,260,0.175790629000403,size,16777216
,261,0.18168414899992058,size,16777216
,262,0.18232846499813604,size,16777216
,263,0.18225321600039024,size,16777216
,264,0.18191075100185117,size,16777216
,265,0.18125964399951044,size,16777216
,266,0.1770710370001325,size,16777216
,267,0.17726922300062142,size,16777216
,268,0.17666909400213626,size,16777216
,269,0.1760814549998031,size,16777216
,270,0.1817476589967555,size,16777216
,271,0.17601067400028114,size,16777216
,272,0.18137261399897397,size,16777216
,273,0.18172786300056032,size,16777216
,274,0.18246986699887202,size,16777216
,275,0.18217061099858256,size,16777216
,276,0.17644166899845004,size,16777216
,277,0.176381125998887,size,16777216
,278,0.1824933250027243,size,16777216
,279,0.1813746199986781,size,16777216
,280,0.17686656299702008,size,16777216
,281,0.1825635909990524,size,16777216
,282,0.18145180500141578,size,16777216
,283,0.1818193790022633,size,16777216
,284,0.1761242669999774,size,16777216
,285,0.18183275699993828,size,16777216
,286,0.1766046410011768,size,16777216
,287,0.18195416199887404,size,16777216
,288,0.18220189600106096,size,16777216
,289,0.18510554400199908,size,16777216
,290,0.1835003609994601,size,16777216
,291,0.18163867200200912,size,16777216
,292,0.18158842900083982,size,16777216
,293,0.18115441000190913,size,16777216
,294,0.18121489800250856,size,16777216
,295,0.18257721799818682,size,16777216
,296,0.18117844600055832,size,16777216
,297,0.18150278899702244,size,16777216
,298,0.1818576409968955,size,16777216
,299,0.19677781800055527,size,16777216
1,,0.08682599399980973,conc,1048576
1,,0.06434791799983941,conc,1048576
1,,0.07193262100190623,conc,1048576
1,,0.05153352200068184,conc,1048576
1,,0.050308017001952976,conc,1048576
1,,0.07042021999950521,conc,1048576
1,,0.06076719500197214,conc,1048576
1,,0.05204774200319662,conc,1048576
1,,0.053644601997802965,conc,1048576
1,,0.07302843700017547,conc,1048576
1,,0.07113393799954792,conc,1048576
1,,0.04993805200138013,conc,1048576
1,,0.05532805700204335,conc,1048576
1,,0.06557735499882256,conc,1048576
1,,0.05620739000005415,conc,1048576
1,,0.05245722900144756,conc,1048576
1,,0.060139452001749305,conc,1048576
1,,0.06574202499905368,conc,1048576
1,,0.07285726900227019,conc,1048576
1,,0.05357413599995198,conc,1048576
4,,0.15266392400008044,conc,1048576
4,,0.18786166599966236,conc,1048576
4,,0.1076351980009349,conc,1048576
4,,0.15085520499997074,conc,1048576
4,,0.1671864790005202,conc,1048576
4,,0.1146051220021036,conc,1048576
4,,0.13885529600156588,conc,1048576
4,,0.15691393200177117,conc,1048576
4,,0.14351412299947697,conc,1048576
4,,0.15948134600330377,conc,1048576
4,,0.17393453800104908,conc,1048576
4,,0.12355357100022957,conc,1048576
4,,0.17332034500213922,conc,1048576
4,,0.05493117600053665,conc,1048576
4,,0.06710702299824334,conc,1048576
4,,0.06781038899862324,conc,1048576
4,,0.0803210960002616,conc,1048576
4,,0.05360503699921537,conc,1048576
4,,0.06588222199934535,conc,1048576
4,,0.05982611199942767,conc,1048576
4,,0.07866562100025476,conc,1048576
4,,0.05315640999833704,conc,1048576
4,,0.05630140900029801,conc,1048576
4,,0.07532426300167572,conc,1048576
4,,0.0735538600019936,conc,1048576
4,,0.05411328400077764,conc,1048576
4,,0.06133843700081343,conc,1048576
4,,0.05773296099869185,conc,1048576
4,,0.08048072699966724,conc,1048576
4,,0.05010212200068054,conc,1048576
4,,0.05132699200112256,conc,1048576
4,,0.07637695900120889,conc,1048576
4,,0.07593006100069033,conc,1048576
4,,0.0567593380001199,conc,1048576
4,,0.07053787199765793,conc,1048576
4,,0.08092906599995331,conc,1048576
4,,0.06505467299939482,conc,1048576
4,,0.05121687100108829,conc,1048576
4,,0.05549722199793905,conc,1048576
4,,0.07050166100088973,conc,1048576
4,,0.07085449199803406,conc,1048576
4,,0.042787763002706924,conc,1048576
4,,0.05829692300176248,conc,1048576
4,,0.05859429300107877,conc,1048576
4,,0.07410548100233427,conc,1048576
4,,0.044814567001594696,conc,1048576
4,,0.052811601002758835,conc,1048576
4,,0.06965633799700299,conc,1048576
4,,0.05855063800117932,conc,1048576
4,,0.035318236998136854,conc,1048576
4,,0.04930840700035333,conc,1048576
4,,0.0716282190005586,conc,1048576
4,,0.056648705001862254,conc,1048576
4,,0.038314420999085996,conc,1048576
4,,0.033755501000996446,conc,1048576
4,,0.05453899200074375,conc,1048576
4,,0.07104391699976986,conc,1048576
4,,0.036909742000716506,conc,1048576
4,,0.06848494400037453,conc,1048576
4,,0.053690893000748474,conc,1048576
4,,0.053322249001212185,conc,1048576
4,,0.06596327899751486,conc,1048576
4,,0.06782568299968261,conc,1048576
4,,0.05325527999957558,conc,1048576
4,,0.06943291599964141,conc,1048576
4,,0.052813508998951875,conc,1048576
4,,0.07216092199814739,conc,1048576
4,,0.050321882001298945,conc,1048576
4,,0.05314557499877992,conc,1048576
4,,0.06453218100068625,conc,1048576
4,,0.05146918000173173,conc,1048576
4,,0.0758592909987783,conc,1048576
4,,0.05697134900037781,conc,1048576
4,,0.046314022001752164,conc,1048576
4,,0.06869763400027296,conc,1048576
4,,0.0592160900014278,conc,1048576
4,,0.05505273000017041,conc,1048576
4,,0.03658537299997988,conc,1048576
4,,0.06755540700032725,conc,1048576
4,,0.09397018500021659,conc,1048576
16,,0.43226954199781176,conc,1048576
16,,0.4781941490000463,conc,1048576
16,,0.4037904819997493,conc,1048576
16,,0.4565809639971121,conc,1048576
16,,0.527809535000415,conc,1048576
16,,0.4535148660033883,conc,1048576
16,,0.5434783560012875,conc,1048576
16,,0.4232980540000426,conc,1048576
16,,0.6377390839988948,conc,1048576
16,,0.5917327610004577,conc,1048576
16,,0.2818602190018282,conc,1048576
16,,0.6553217100008624,conc,1048576
16,,0.5533519630007504,conc,1048576
16,,0.3510936880011286,conc,1048576
16,,0.4921303750015795,conc,1048576
16,,0.6440410460018029,conc,1048576
16,,0.44450145099835936,conc,1048576
16,,0.5484561749981367,conc,1048576
16,,0.42851891600003,conc,1048576
16,,0.4982529089975287,conc,1048576
16,,0.6263542080014304,conc,1048576
16,,0.5954775319987675,conc,1048576
16,,0.6355871249979828,conc,1048576
16,,0.5072689260014158,conc,1048576
16,,0.575613778000843,conc,1048576
16,,0.6467121130008309,conc,1048576
16,,0.7072489059974032,conc,1048576
16,,0.5191352719994029,conc,1048576
16,,0.35532189999867114,conc,1048576
16,,0.5604514539991214,conc,1048576
16,,0.467242538001301,conc,1048576
16,,0.5130382719980844,conc,1048576
16,,0.44324079700163566,conc,1048576
16,,0.5684230830011074,conc,1048576
16,,0.3561977259996638,conc,1048576
16,,0.5141662770001858,conc,1048576
16,,0.6399479120009346,conc,1048576
16,,0.4901340579999669,conc,1048576
16,,0.4257151470010285,conc,1048576
16,,0.4645668539997132,conc,1048576
16,,0.45253754800069146,conc,1048576
16,,0.4685830890011857,conc,1048576
16,,0.5066569810005603,conc,1048576
16,,0.5888312450006197,conc,1048576
16,,0.5680648589986959,conc,1048576
16,,0.6924604199994064,conc,1048576
16,,0.5848951250009122,conc,1048576
16,,0.5218113720002293,conc,1048576
16,,0.663455508001789,conc,1048576
16,,0.4085776989995793,conc,1048576
16,,0.43198596900037955,conc,1048576
16,,0.3340451839976595,conc,1048576
16,,0.5459466819993395,conc,1048576
16,,0.5452590690001671,conc,1048576
16,,0.45793545299966354,conc,1048576
16,,0.5141064979980001,conc,1048576
16,,0.48407564100125455,conc,1048576
16,,0.5573155900019628,conc,1048576
16,,0.5083732080020127,conc,1048576
16,,0.3874704789996031,conc,1048576
16,,0.6090196490004018,conc,1048576
16,,0.49870236899732845,conc,1048576
16,,0.5844761400003335,conc,1048576
16,,0.5299816429978819,conc,1048576
16,,0.43254526400050963,conc,1048576
16,,0.4132165859991801,conc,1048576
16,,0.4807077860023128,conc,1048576
16,,0.48713757999939844,conc,1048576
16,,0.4660358510009246,conc,1048576
16,,0.43348177900043083,conc,1048576
16,,0.5869062080018921,conc,1048576
16,,0.5380122909991769,conc,1048576
16,,0.5302333910003654,conc,1048576
16,,0.5042337400009274,conc,1048576
16,,0.4915006789997278,conc,1048576
16,,0.4597469340005773,conc,1048576
16,,0.48125770299884607,conc,1048576
16,,0.3762378319988784,conc,1048576
16,,0.3630461180000566,conc,1048576
16,,0.16959863100055372,conc,1048576
16,,0.4468784290002077,conc,1048576
16,,0.14950825399864698,conc,1048576
16,,0.11954253599833464,conc,1048576
16,,0.10981017000085558,conc,1048576
16,,0.08622412899785559,conc,1048576
16,,0.07971628899758798,conc,1048576
16,,0.09093360900078551,conc,1048576
16,,0.0884580250021827,conc,1048576
16,,0.0862322850007331,conc,1048576
16,,0.09876833999805967,conc,1048576
16,,0.09563087800052017,conc,1048576
16,,0.09861814100077027,conc,1048576
16,,0.09689229300056468,conc,1048576
16,,0.081222123997577,conc,1048576
16,,0.10217979500157526,conc,1048576
16,,0.09744742499970016,conc,1048576
16,,0.10948778799865977,conc,1048576
16,,0.09539746000154992,conc,1048576
16,,0.08654638200096088,conc,1048576
16,,0.11568605400316301,conc,1048576
16,,0.07656053699975018,conc,1048576
16,,0.09478827999919304,conc,1048576
16,,0.09738733199992566,conc,1048576
16,,0.1288139050011523,conc,1048576
16,,0.09920749699813314,conc,1048576
16,,0.09332713999901898,conc,1048576
16,,0.07500799499757704,conc,1048576
16,,0.09836198799894191,conc,1048576
16,,0.07197563600129797,conc,1048576
16,,0.09896560700144619,conc,1048576
16,,0.08417422600177815,conc,1048576
16,,0.13038370799768018,conc,1048576
16,,0.11325073600164615,conc,1048576
16,,0.11291627199898358,conc,1048576
16,,0.09857352600010927,conc,1048576
16,,0.09936291100166272,conc,1048576
16,,0.07963953600119567,conc,1048576
16,,0.06089989799875184,conc,1048576
16,,0.1029454870003974,conc,1048576
16,,0.08615170000120997,conc,1048576
16,,0.12072850500044296,conc,1048576
16,,0.10982294199857279,conc,1048576
16,,0.08488386200042441,conc,1048576
16,,0.07996696299960604,conc,1048576
16,,0.0832637950006756,conc,1048576
16,,0.10090003000004799,conc,1048576
16,,0.12446890700084623,conc,1048576
16,,0.1153942159980943,conc,1048576
16,,0.0943690379972395,conc,1048576
16,,0.0976348180010973,conc,1048576
16,,0.10134973499953048,conc,1048576
16,,0.09063422299732338,conc,1048576
16,,0.10583897700053058,conc,1048576
16,,0.07987102999686613,conc,1048576
16,,0.0945067079992441,conc,1048576
16,,0.10562911000306485,conc,1048576
16,,0.11837709699830157,conc,1048576
16,,0.09842527999717277,conc,1048576
16,,0.120893013998284,conc,1048576
16,,0.08865971100021852,conc,1048576
16,,0.10802361899914104,conc,1048576
16,,0.10601213599875337,conc,1048576
16,,0.08600373700028285,conc,1048576
16,,0.10512645799826714,conc,1048576
16,,0.10169373000098858,conc,1048576
16,,0.08190849099992192,conc,1048576
16,,0.1001246470004844,conc,1048576
16,,0.09629769100138219,conc,1048576
16,,0.13041479000094114,conc,1048576
16,,0.09378137300154776,conc,1048576
16,,0.09141414699843153,conc,1048576
16,,0.10780736900051124,conc,1048576
16,,0.08695676199931768,conc,1048576
16,,0.0833437490000506,conc,1048576
16,,0.07755779500075732,conc,1048576
16,,0.09029054799975711,conc,1048576
16,,0.09971069699895452,conc,1048576
16,,0.12470279000262963,conc,1048576
16,,0.0962327719971654,conc,1048576
16,,0.08641488699868205,conc,1048576
16,,0.10505515000113519,conc,1048576
16,,0.09197867900002166,conc,1048576
16,,0.08516816300107166,conc,1048576
16,,0.0939016949996585,conc,1048576
16,,0.11687016100040637,conc,1048576
16,,0.07491118100006133,conc,1048576
16,,0.0900787919999857,conc,1048576
16,,0.10026401600043755,conc,1048576
16,,0.10360690499874181,conc,1048576
16,,0.0891397000013967,conc,1048576
16,,0.10957770000095479,conc,1048576
16,,0.09381478700015577,conc,1048576
16,,0.08369002299878048,conc,1048576
16,,0.09605023100084509,conc,1048576
16,,0.10285812900110614,conc,1048576
16,,0.08356728199942154,conc,1048576
16,,0.08207652899727691,conc,1048576
16,,0.08469396899818094,conc,1048576
16,,0.08918425799856777,conc,1048576
16,,0.08674227300070925,conc,1048576
16,,0.12552252999739721,conc,1048576
16,,0.11350844700064044,conc,1048576
16,,0.08870280800329056,conc,1048576
16,,0.09527803500168375,conc,1048576
16,,0.11183748899929924,conc,1048576
16,,0.07528978499976802,conc,1048576
16,,0.10336114400342922,conc,1048576
16,,0.09820782899987535,conc,1048576
16,,0.11676478299705195,conc,1048576
16,,0.08820990400272422,conc,1048576
16,,0.10344171899851062,conc,1048576
16,,0.08428953100155923,conc,1048576
16,,0.11632904100042651,conc,1048576
16,,0.08799651799927233,conc,1048576
16,,0.11011386000245693,conc,1048576
16,,0.08340897100060829,conc,1048576
16,,0.07760678800332244,conc,1048576
16,,0.10729894600081025,conc,1048576
16,,0.11470719999852008,conc,1048576
16,,0.10082625699942582,conc,1048576
16,,0.11660712200318812,conc,1048576
16,,0.08272141700217617,conc,1048576
16,,0.09324289899814175,conc,1048576
16,,0.09544550400096341,conc,1048576
16,,0.08085159300026135,conc,1048576
16,,0.10187099899849272,conc,1048576
16,,0.07765046100030304,conc,1048576
16,,0.09201166999991983,conc,1048576
16,,0.1126301579970459,conc,1048576
16,,0.11515236999912304,conc,1048576
16,,0.09467355800006771,conc,1048576
16,,0.08477827899696422,conc,1048576
16,,0.10267307799949776,conc,1048576
16,,0.10174866300076246,conc,1048576
16,,0.0949725850005052,conc,1048576
16,,0.09509872300259303,conc,1048576
16,,0.08924359199954779,conc,1048576
16,,0.12808171100186883,conc,1048576
16,,0.10927699699823279,conc,1048576
16,,0.12973038500058465,conc,1048576
16,,0.10432243900140747,conc,1048576
16,,0.09820956300245598,conc,1048576
16,,0.12015934100054437,conc,1048576
16,,0.10472374699747888,conc,1048576
16,,0.12116945099842269,conc,1048576
16,,0.10953498000162654,conc,1048576
16,,0.11233193099906202,conc,1048576
16,,0.10190426500048488,conc,1048576
16,,0.10218076000091969,conc,1048576
16,,0.10430765899945982,conc,1048576
16,,0.10412014299799921,conc,1048576
16,,0.08478895299776923,conc,1048576
16,,0.1054101570007333,conc,1048576
16,,0.0919031539997377,conc,1048576
16,,0.11549274299977697,conc,1048576
16,,0.07755713900041883,conc,1048576
16,,0.10496006700122962,conc,1048576
16,,0.10104603499712539,conc,1048576
16,,0.08251411499804817,conc,1048576
16,,0.07965696300016134,conc,1048576
16,,0.11499972099773004,conc,1048576
16,,0.10501272599867661,conc,1048576
16,,0.09090572499917471,conc,1048576
16,,0.1198991630008095,conc,1048576
16,,0.09828186500089942,conc,1048576
16,,0.10773017699830234,conc,1048576
16,,0.09105767499931972,conc,1048576
16,,0.10767461400246248,conc,1048576
16,,0.10757156199906603,conc,1048576
16,,0.07338749500195263,conc,1048576
16,,0.09103339699868229,conc,1048576
16,,0.11179968700162135,conc,1048576
16,,0.10336110900243511,conc,1048576
16,,0.10509026900035678,conc,1048576
16,,0.08635866500117118,conc,1048576
16,,0.10123283099892433,conc,1048576
16,,0.08397205899746041,conc,1048576
16,,0.09621479600173188,conc,1048576
16,,0.10666874099842971,conc,1048576
16,,0.10124125099900994,conc,1048576
16,,0.0929344999967725,conc,1048576
16,,0.08078277499953401,conc,1048576
16,,0.10572554800091893,conc,1048576
16,,0.08483237699692836,conc,1048576
16,,0.10418114999993122,conc,1048576
16,,0.09016665700255544,conc,1048576
16,,0.10426321200066013,conc,1048576
16,,0.09451967899804004,conc,1048576
16,,0.09213373799866531,conc,1048576
16,,0.09181854199778172,conc,1048576
16,,0.09747378199972445,conc,1048576
16,,0.08019521399910445,conc,1048576
16,,0.08902235099958489,conc,1048576
16,,0.10286568299852661,conc,1048576
16,,0.10604845600028057,conc,1048576
16,,0.09313589999874239,conc,1048576
16,,0.09077220499966643,conc,1048576
16,,0.09371575600016513,conc,1048576
16,,0.0912739129998954,conc,1048576
16,,0.08494321899706847,conc,1048576
16,,0.0983270540018566,conc,1048576
16,,0.08591596800033585,conc,1048576
16,,0.10108365900305216,conc,1048576
16,,0.08473333499932778,conc,1048576
16,,0.1290653989999555,conc,1048576
16,,0.10223909599881154,conc,1048576
16,,0.09553718400275102,conc,1048576
16,,0.10331417000270449,conc,1048576
16,,0.08054654599982314,conc,1048576
16,,0.0951266640004178,conc,1048576
16,,0.10564594400057103,conc,1048576
16,,0.11365662699972745,conc,1048576
16,,0.0893317730005947,conc,1048576
16,,0.10299191500234883,conc,1048576
16,,0.08566579000034835,conc,1048576
16,,0.09509071900174604,conc,1048576
16,,0.07520183100132272,conc,1048576
16,,0.08523987499938812,conc,1048576
16,,0.09663605600144365,conc,1048576
16,,0.08202818599966122,conc,1048576
16,,0.11432555799910915,conc,1048576
16,,0.1397424669994507,conc,1048576
16,,0.07574263100104872,conc,1048576
16,,0.07743872799983365,conc,1048576
16,,0.09852665099970181,conc,1048576
16,,0.1040026359987678,conc,1048576
16,,0.09720177700000932,conc,1048576
16,,0.0785294220004289,conc,1048576
16,,0.07416249500238337,conc,1048576
16,,0.10053889299888397,conc,1048576
16,,0.047087140002986416,conc,1048576
16,,0.07368352599951322,conc,1048576
16,,0.06940005700016627,conc,1048576
16,,0.07177865099947667,conc,1048576
16,,0.06751926099968841,conc,1048576
16,,0.06848088499828009,conc,1048576
16,,0.06517571500080521,conc,1048576
16,,0.06223774200043408,conc,1048576
16,,0.05787726400012616,conc,1048576
16,,0.0678589990020555,conc,1048576
64,,1.16865379400042,conc,1048576
64,,1.0497749390015088,conc,1048576
64,,0.9750736940004572,conc,1048576
64,,1.044011681999109,conc,1048576
64,,1.0086328519973904,conc,1048576
64,,1.0038453990018752,conc,1048576
64,,0.2320443600001454,conc,1048576
64,,1.1738217550009722,conc,1048576
64,,1.663309808998747,conc,1048576
64,,0.6197860390020651,conc,1048576
64,,1.122192211998481,conc,1048576
64,,0.9830981030027033,conc,1048576
64,,1.1012358619991574,conc,1048576
64,,1.4936267230004887,conc,1048576
64,,1.0267903269996168,conc,1048576
64,,1.2828819189999194,conc,1048576
64,,1.04379113899995,conc,1048576
64,,0.9974220619988046,conc,1048576
64,,1.0425952559999132,conc,1048576
64,,0.9556243970000651,conc,1048576
64,,0.9388824769994244,conc,1048576
64,,1.230304767999769,conc,1048576
64,,0.16456127100173035,conc,1048576
64,,1.0751400860026479,conc,1048576
64,,1.2280721129973244,conc,1048576
64,,1.0051805229995807,conc,1048576
64,,0.9308267460000934,conc,1048576
64,,0.9648556770007417,conc,1048576
64,,1.117613259000791,conc,1048576
64,,1.004821083999559,conc,1048576
64,,1.1120570979983313,conc,1048576
64,,0.6154871460021241,conc,1048576
64,,0.9601641809967987,conc,1048576
64,,1.1562616150004033,conc,1048576
64,,0.966746650999994,conc,1048576
64,,0.9585051920003025,conc,1048576
64,,1.2385826930003532,conc,1048576
64,,1.2412366920034401,conc,1048576
64,,1.0421890290017473,conc,1048576
64,,0.9692243540011987,conc,1048576
64,,1.136346412000421,conc,1048576
64,,1.2910241649988166,conc,1048576
64,,1.0882420629968692,conc,1048576
64,,1.0483927260029304,conc,1048576
64,,0.7725121210023644,conc,1048576
64,,0.9326222239978961,conc,1048576
64,,1.2853177149991097,conc,1048576
64,,1.0064443789997313,conc,1048576
64,,1.0190749459979997,conc,1048576
64,,1.0964591299998574,conc,1048576
64,,0.9410473070020089,conc,1048576
64,,1.1020961529975466,conc,1048576
64,,1.2616184300022724,conc,1048576
64,,0.9703435610026645,conc,1048576
64,,0.9350803070010443,conc,1048576
64,,1.0356002079970494,conc,1048576
64,,1.015822132001631,conc,1048576
64,,1.1958983570002601,conc,1048576
64,,1.0469000869998126,conc,1048576
64,,1.1002490620012395,conc,1048576
64,,1.002959244997328,conc,1048576
64,,0.986282267000206,conc,1048576
64,,1.0992080159994657,conc,1048576
64,,1.0914365360004012,conc,1048576
64,,1.2479449579986976,conc,1048576
64,,1.208062459998473,conc,1048576
64,,1.1109113060010714,conc,1048576
64,,1.079073201999563,conc,1048576
64,,1.0203333259996725,conc,1048576
64,,1.20757957800015,conc,1048576
64,,1.0993671889991674,conc,1048576
64,,1.363234251999529,conc,1048576
64,,1.014633129001595,conc,1048576
64,,0.8745509240034153,conc,1048576
64,,0.940471935999085,conc,1048576
64,,0.9152277489993139,conc,1048576
64,,1.0644000450010935,conc,1048576
64,,1.211424409000756,conc,1048576
64,,1.2294446460000472,conc,1048576
64,,1.107039212998643,conc,1048576
64,,1.4402162869992026,conc,1048576
64,,1.073696988998563,conc,1048576
64,,1.1198937529989053,conc,1048576
64,,0.9776313209986256,conc,1048576
64,,1.185869556000398,conc,1048576
64,,0.8765712730019004,conc,1048576
64,,1.1261692869993567,conc,1048576
64,,1.1153751370002283,conc,1048576
64,,1.016692476998287,conc,1048576
64,,0.9604485079980805,conc,1048576
64,,0.761339382002916,conc,1048576
64,,0.5908043989984435,conc,1048576
64,,1.2181134570018912,conc,1048576
64,,1.1517708319988742,conc,1048576
64,,1.3290584729984403,conc,1048576
64,,1.40650628900039,conc,1048576
64,,0.9598165319985128,conc,1048576
64,,1.2107370129997435,conc,1048576
64,,1.2942801700010023,conc,1048576
64,,1.162882955999521,conc,1048576
64,,1.0032249620016955,conc,1048576
64,,1.071248382999329,conc,1048576
64,,1.217701120996935,conc,1048576
64,,1.0009060529991984,conc,1048576
64,,1.4602238369989209,conc,1048576
64,,1.1552744660002645,conc,1048576
64,,1.0587030280003091,conc,1048576
64,,1.1407340450023185,conc,1048576
64,,1.1352816729995538,conc,1048576
64,,1.3181837749980332,conc,1048576
64,,1.0822518400018453,conc,1048576
64,,1.1537414490012452,conc,1048576
64,,0.23136804000023403,conc,1048576
64,,1.1237222839990864,conc,1048576
64,,0.9052054929998121,conc,1048576
64,,0.6022075059991039,conc,1048576
64,,1.4740171100020234,conc,1048576
64,,0.9771273709993693,conc,1048576
64,,0.9585891890019411,conc,1048576
64,,0.16586516899769777,conc,1048576
64,,1.1106999779985927,conc,1048576
64,,1.1366850980011804,conc,1048576
64,,1.1708380370000668,conc,1048576
64,,1.4686623929992493,conc,1048576
64,,1.1094784339984471,conc,1048576
64,,1.5447586290028994,conc,1048576
64,,1.2486201639985666,conc,1048576
64,,1.129499106998992,conc,1048576
64,,1.1713390689983498,conc,1048576
64,,1.0620129660019302,conc,1048576
64,,0.9991282409973792,conc,1048576
64,,1.0510897889980697,conc,1048576
64,,1.5908167170018714,conc,1048576
64,,1.410655838000821,conc,1048576
64,,1.0593636880003032,conc,1048576
64,,1.1876508300010755,conc,1048576
64,,1.221008611999423,conc,1048576
64,,1.2097851750004338,conc,1048576
64,,0.8657925939987763,conc,1048576
64,,0.9860380120007903,conc,1048576
64,,1.1274741209999775,conc,1048576
64,,0.714624977998028,conc,1048576
64,,0.9961324879986933,conc,1048576
64,,1.2079972920000728,conc,1048576
64,,1.0945089600027131,conc,1048576
64,,1.0649558600016462,conc,1048576
64,,1.1161017970007379,conc,1048576
64,,0.9860630610019143,conc,1048576
64,,1.208038578999549,conc,1048576
64,,1.1349221950003994,conc,1048576
64,,1.014800250002736,conc,1048576
64,,1.1413539509994735,conc,1048576
64,,1.1148978909986909,conc,1048576
64,,0.9684539970003243,conc,1048576
64,,0.8521620480023557,conc,1048576
64,,1.448251973000879,conc,1048576
64,,1.4331553099982557,conc,1048576
64,,0.8455925439993734,conc,1048576
64,,0.9625151569998707,conc,1048576
64,,1.0233859330000996,conc,1048576
64,,1.078411132999463,conc,1048576
64,,1.0926732150001044,conc,1048576
64,,0.6966377280004963,conc,1048576
64,,1.2421531729996786,conc,1048576
64,,0.9907210919991485,conc,1048576
64,,1.0467623160002404,conc,1048576
64,,1.3129411289992277,conc,1048576
64,,1.2607715410013043,conc,1048576
64,,1.2747580120012572,conc,1048576
64,,1.1668379830007325,conc,1048576
64,,1.2624218550008663,conc,1048576
64,,0.10006715100098518,conc,1048576
64,,1.1528827690017351,conc,1048576
64,,0.9185272329996224,conc,1048576
64,,1.362496484998701,conc,1048576
64,,1.1058608780003851,conc,1048576
64,,1.244081422999443,conc,1048576
64,,1.160830865999742,conc,1048576
64,,1.0464948260014353,conc,1048576
64,,0.9236570690009103,conc,1048576
64,,1.0146877350016439,conc,1048576
64,,1.103666136998072,conc,1048576
64,,1.429515359999641,conc,1048576
64,,1.1847247570003674,conc,1048576
64,,1.3163452340013464,conc,1048576
64,,0.9315343679991201,conc,1048576
64,,0.5400305809998827,conc,1048576
64,,1.0605131449992768,conc,1048576
64,,1.2332175640003697,conc,1048576
64,,1.2429364870004065,conc,1048576
64,,1.2825937909983622,conc,1048576
64,,1.0113704729992605,conc,1048576
64,,1.4672447849989112,conc,1048576
64,,1.11168684400036,conc,1048576
64,,0.964058877001662,conc,1048576
64,,1.1749720170009823,conc,1048576
64,,1.3355700020001677,conc,1048576
64,,1.0587626039996394,conc,1048576
64,,1.1610803959993063,conc,1048576
64,,1.1233133700006874,conc,1048576
64,,1.0915224370000942,conc,1048576
64,,1.0336042550006823,conc,1048576
64,,1.0576208420025068,conc,1048576
64,,1.0388350549983443,conc,1048576
64,,1.415667145000043,conc,1048576
64,,1.164541932001157,conc,1048576
64,,1.2912052659994515,conc,1048576
64,,1.0961136820005777,conc,1048576
64,,1.3026521270003286,conc,1048576
64,,1.0953444880033203,conc,1048576
64,,0.7134183059970383,conc,1048576
64,,1.0402379690021917,conc,1048576
64,,1.2671883080001862,conc,1048576
64,,1.2190617689993815,conc,1048576
64,,1.0804428570008895,conc,1048576
64,,1.0951765770005295,conc,1048576
64,,1.0780546220012184,conc,1048576
64,,0.18210005199944135,conc,1048576
64,,0.5424296970013529,conc,1048576
64,,1.4530438820002018,conc,1048576
64,,0.6554973739985144,conc,1048576
64,,1.1027256670022325,conc,1048576
64,,1.0621713229993475,conc,1048576
64,,0.5631811120001657,conc,1048576
64,,1.0375054850010201,conc,1048576
64,,1.0092085910000606,conc,1048576
64,,0.9839757000008831,conc,1048576
64,,1.3744467030010128,conc,1048576
64,,0.9953280920017278,conc,1048576
64,,1.1066135580003902,conc,1048576
64,,0.9357329310005298,conc,1048576
64,,0.7974782879973645,conc,1048576
64,,1.11183649600207,conc,1048576
64,,1.0623577679980372,conc,1048576
64,,0.9127005660011491,conc,1048576
64,,0.9349885279989394,conc,1048576
64,,1.246898206001788,conc,1048576
64,,0.9404540909999923,conc,1048576
64,,0.9701205320016015,conc,1048576
64,,0.9271377549994213,conc,1048576
64,,1.2583189569995739,conc,1048576
64,,0.5256063199994969,conc,1048576
64,,1.0706735139974626,conc,1048576
64,,1.5378907550002623,conc,1048576
64,,1.0757062409975333,conc,1048576
64,,1.3561004250004771,conc,1048576
64,,0.9850881620004657,conc,1048576
64,,0.9456835300006787,conc,1048576
64,,0.8565315740015649,conc,1048576
64,,1.1397235779986659,conc,1048576
64,,1.0844088980011293,conc,1048576
64,,0.9712701440003002,conc,1048576
64,,0.9139488459986751,conc,1048576
64,,1.2549505730021338,conc,1048576
64,,0.7572790289996192,conc,1048576
64,,1.0545651639986318,conc,1048576
64,,1.0859578020026674,conc,1048576
64,,1.4110462680000637,conc,1048576
64,,0.9200227190012811,conc,1048576
64,,0.5943173629966623,conc,1048576
64,,0.900654207001935,conc,1048576
64,,1.0253669320009067,conc,1048576
64,,0.8655192229998647,conc,1048576
64,,1.0221362289994431,conc,1048576
64,,1.1261473799968371,conc,1048576
64,,1.3271362349987612,conc,1048576
64,,1.410719628998777,conc,1048576
64,,0.8283863090000523,conc,1048576
64,,0.4882238000027428,conc,1048576
64,,1.159256994000316,conc,1048576
64,,0.9550135499994212,conc,1048576
64,,1.0197765220000292,conc,1048576
64,,1.040053138996882,conc,1048576
64,,0.9653737110020302,conc,1048576
64,,1.1300184399988211,conc,1048576
64,,0.8561219550028909,conc,1048576
64,,1.2378152199999022,conc,1048576
64,,1.1590195980024873,conc,1048576
64,,1.0452383040028508,conc,1048576
64,,1.1268713470017246,conc,1048576
64,,1.012903341998026,conc,1048576
64,,1.0440699210012099,conc,1048576
64,,1.22955466699932,conc,1048576
64,,1.2279046270014078,conc,1048576
64,,1.0783676309984003,conc,1048576
64,,0.5106000949999725,conc,1048576
64,,0.8935624879995885,conc,1048576
64,,0.5641914210027608,conc,1048576
64,,1.1794420149999496,conc,1048576
64,,1.0045642519980902,conc,1048576
64,,1.056257354997797,conc,1048576
64,,1.060706014999596,conc,1048576
64,,0.9143154029989091,conc,1048576
64,,1.0032487399985257,conc,1048576
64,,1.4292404529987834,conc,1048576
64,,1.1180821939997259,conc,1048576
64,,1.2684298770000169,conc,1048576
64,,1.0272404070019547,conc,1048576
64,,1.0547370530002809,conc,1048576
64,,1.0378835010014882,conc,1048576
64,,0.8030695529996592,conc,1048576
64,,0.9600734239975282,conc,1048576
64,,1.2115074249995814,conc,1048576
64,,1.013784801998554,conc,1048576
64,,0.9757094999986293,conc,1048576
64,,0.513323153998499,conc,1048576
64,,1.2928574770012347,conc,1048576
64,,1.260744330000307,conc,1048576
64,,1.0276889439992374,conc,1048576
64,,1.27476347099946,conc,1048576
64,,1.216026754998893,conc,1048576
64,,1.3003842950020044,conc,1048576
64,,1.272339484999975,conc,1048576
64,,1.0655106249978417,conc,1048576
64,,0.9140297699996154,conc,1048576
64,,1.2153199029999087,conc,1048576
64,,0.26380516400240595,conc,1048576
64,,1.0884261069986678,conc,1048576
64,,0.9237527839977702,conc,1048576
64,,1.3434364509994339,conc,1048576
64,,1.2855482529994333,conc,1048576
64,,0.5536449479986914,conc,1048576
64,,0.7952622259981581,conc,1048576
64,,1.2609571169996343,conc,1048576
64,,1.0498776530002942,conc,1048576
64,,0.9309042529966973,conc,1048576
64,,0.9182317109989526,conc,1048576
64,,0.8652091559997643,conc,1048576
64,,1.1014492860012979,conc,1048576
64,,0.8956029120017774,conc,1048576
64,,0.14763058199969237,conc,1048576
64,,1.1885047609976027,conc,1048576
64,,0.9866757950003375,conc,1048576
64,,0.9469383469986496,conc,1048576
64,,1.1278202920002514,conc,1048576
64,,1.011610200999712,conc,1048576
64,,1.2723736389998521,conc,1048576
64,,1.2750250059980317,conc,1048576
64,,1.2033845470032247,conc,1048576
64,,1.2290106330001436,conc,1048576
64,,1.2569759039979544,conc,1048576
64,,0.5533554600006028,conc,1048576
64,,1.1257484720008506,conc,1048576
64,,1.0816554779994476,conc,1048576
64,,1.2596209950024786,conc,1048576
64,,1.0462759360016207,conc,1048576
64,,1.1918967720012006,conc,1048576
64,,0.924262885000644,conc,1048576
64,,1.413556299998163,conc,1048576
64,,0.935952025000006,conc,1048576
64,,1.325208439000562,conc,1048576
64,,0.9783014159984305,conc,1048576
64,,0.5867876740012434,conc,1048576
64,,0.9701486929989187,conc,1048576
64,,0.9782946169980278,conc,1048576
64,,0.9724418400001014,conc,1048576
64,,0.532804495000164,conc,1048576
64,,1.124663030001102,conc,1048576
64,,0.9358336949990189,conc,1048576
64,,1.1961835929978406,conc,1048576
64,,0.13536308800030383,conc,1048576
64,,0.9907461629991303,conc,1048576
64,,1.2592163480003364,conc,1048576
64,,1.044220455998584,conc,1048576
64,,1.0214757270005066,conc,1048576
64,,1.160892777999834,conc,1048576
64,,1.03774426399832,conc,1048576
64,,1.0589498150002328,conc,1048576
64,,1.309252840001136,conc,1048576
64,,1.2301281790023495,conc,1048576
64,,1.219585457998619,conc,1048576
64,,0.9127198269998189,conc,1048576
64,,1.1592802550003398,conc,1048576
64,,1.0304539759999898,conc,1048576
64,,0.13158885200027726,conc,1048576
64,,0.998581085998012,conc,1048576
64,,1.2974252099993464,conc,1048576
64,,1.0750415840011556,conc,1048576
64,,1.1190910859986616,conc,1048576
64,,1.0437568529996497,conc,1048576
64,,0.9143317500020203,conc,1048576
64,,1.054812360998767,conc,1048576
64,,1.1721890970002278,conc,1048576
64,,1.3642512990008981,conc,1048576
64,,1.3223034799993911,conc,1048576
64,,1.1309488269980648,conc,1048576
64,,1.1305863950001367,conc,1048576
64,,1.3300824260004447,conc,1048576
64,,0.9281624319992261,conc,1048576
64,,0.8506645890010986,conc,1048576
64,,1.4223545429995283,conc,1048576
64,,1.1403968119993806,conc,1048576
64,,0.9655791519980994,conc,1048576
64,,1.0845987109969428,conc,1048576
64,,0.9193789250020927,conc,1048576
64,,0.9038878030005435,conc,1048576
64,,1.1124605289987812,conc,1048576
64,,1.292126302003453,conc,1048576
64,,0.27984864600148285,conc,1048576
64,,1.1733438559967908,conc,1048576
64,,1.0982053820007422,conc,1048576
64,,1.579509662999044,conc,1048576
64,,1.389566689998901,conc,1048576
64,,0.9775834060019406,conc,1048576
64,,0.9894356490003702,conc,1048576
64,,1.1066672150009254,conc,1048576
64,,0.9971610849970602,conc,1048576
64,,1.0129795799985004,conc,1048576
64,,0.9243922120003845,conc,1048576
64,,1.4337988510014839,conc,1048576
64,,1.301482525002939,conc,1048576
64,,1.1807357770012459,conc,1048576
64,,0.9023969570007466,conc,1048576
64,,1.1267641939994064,conc,1048576
64,,1.107791714999621,conc,1048576
64,,1.0337173049992998,conc,1048576
64,,1.1496378219999315,conc,1048576
64,,0.9849577610002598,conc,1048576
64,,0.9137033540027915,conc,1048576
64,,1.1201682680002705,conc,1048576
64,,1.1708419379974657,conc,1048576
64,,1.263711247000174,conc,1048576
64,,1.2311729920002108,conc,1048576
64,,1.0487434280003072,conc,1048576
64,,1.2483926390013949,conc,1048576
64,,0.643588450999232,conc,1048576
64,,0.7334717160010769,conc,1048576
64,,1.2575186909998592,conc,1048576
64,,1.36652146599954,conc,1048576
64,,1.3349197300012747,conc,1048576
64,,0.5244961130010779,conc,1048576
64,,0.9357484090032813,conc,1048576
64,,1.138769034001598,conc,1048576
64,,0.9115048259991454,conc,1048576
64,,1.3155590909991588,conc,1048576
64,,0.9375995249974949,conc,1048576
64,,1.0523709830013104,conc,1048576
64,,1.1115043319987308,conc,1048576
64,,0.604076196999813,conc,1048576
64,,1.0958104800010915,conc,1048576
64,,1.0034901610015368,conc,1048576
64,,1.0981027600028028,conc,1048576
64,,0.9400735449999047,conc,1048576
64,,1.2590306629972474,conc,1048576
64,,0.8061348619994533,conc,1048576
64,,1.0496948250001878,conc,1048576
64,,0.9310439450018748,conc,1048576
64,,1.2617463159986073,conc,1048576
64,,1.1091860859996814,conc,1048576
64,,1.128714279999258,conc,1048576
64,,0.9999753709998913,conc,1048576
64,,1.1374547790001088,conc,1048576
64,,1.158222112000658,conc,1048576
64,,1.119326613999874,conc,1048576
64,,1.0802397110019228,conc,1048576
64,,1.1684410810012196,conc,1048576
64,,0.9573686020012246,conc,1048576
64,,1.1229694399989967,conc,1048576
64,,1.0237009939992276,conc,1048576
64,,0.8481621370010544,conc,1048576
64,,1.5184406160005892,conc,1048576
64,,1.1040627749971463,conc,1048576
64,,1.0102320180012612,conc,1048576
64,,0.8653567100009241,conc,1048576
64,,1.3963512560003437,conc,1048576
64,,0.9366493810011889,conc,1048576
64,,0.5084201570025471,conc,1048576
64,,1.3812987149976834,conc,1048576
64,,0.5384905200007779,conc,1048576
64,,1.4524945789999038,conc,1048576
64,,1.0571448750015406,conc,1048576
64,,0.9001722629982396,conc,1048576
64,,1.1072974369999429,conc,1048576
64,,0.9603792530033388,conc,1048576
64,,0.4920949320003274,conc,1048576
64,,1.1897502729989355,conc,1048576
64,,1.0228864450000401,conc,1048576
64,,0.9962616370030446,conc,1048576
64,,1.3135957270023937,conc,1048576
64,,0.8696570330030227,conc,1048576
64,,1.1940434319985798,conc,1048576
64,,0.6151645770005416,conc,1048576
64,,0.8698238960023446,conc,1048576
64,,1.005258273002255,conc,1048576
64,,1.16123875500125,conc,1048576
64,,0.5943828700001177,conc,1048576
64,,1.2942681409986108,conc,1048576
64,,1.1961976759994286,conc,1048576
64,,0.9148133789967687,conc,1048576
64,,1.2897773810000217,conc,1048576
64,,1.006088654998166,conc,1048576
64,,1.254668314002629,conc,1048576
64,,1.565540654999495,conc,1048576
64,,0.970590266999352,conc,1048576
64,,1.4442653430014616,conc,1048576
64,,0.19518177200006903,conc,1048576
64,,1.179799235000246,conc,1048576
64,,0.24683372900108225,conc,1048576
64,,1.088589339000464,conc,1048576
64,,1.0893233539973153,conc,1048576
64,,1.0877608379996673,conc,1048576
64,,1.2082391520016245,conc,1048576
64,,0.9294471430002886,conc,1048576
64,,1.1253505880013108,conc,1048576
64,,0.9864572330006922,conc,1048576
64,,1.0364164979982888,conc,1048576
64,,0.2855925030016806,conc,1048576
64,,0.904153965999285,conc,1048576
64,,0.9114702389997547,conc,1048576
64,,0.7275999580015196,conc,1048576
64,,0.6927680579974549,conc,1048576
64,,1.0640020279970486,conc,1048576
64,,1.0410518569988199,conc,1048576
64,,0.8996159849994001,conc,1048576
64,,0.80723214200043,conc,1048576
64,,0.8710701439995319,conc,1048576
64,,1.0325505740001972,conc,1048576
64,,1.2457823569966422,conc,1048576
64,,1.3167112759983866,conc,1048576
64,,0.2733123650032212,conc,1048576
64,,1.097534780998103,conc,1048576
64,,1.3274481019980158,conc,1048576
64,,1.037856410999666,conc,1048576
64,,1.1797305899999628,conc,1048576
64,,1.5268784190011502,conc,1048576
64,,1.296345825001481,conc,1048576
64,,1.1524969700003567,conc,1048576
64,,1.073128721996909,conc,1048576
64,,1.138156960001652,conc,1048576
64,,0.947021225001663,conc,1048576
64,,1.3458299260018975,conc,1048576
64,,1.0687350939988391,conc,1048576
64,,1.081109971000842,conc,1048576
64,,1.183854003000306,conc,1048576
64,,1.3071762180006772,conc,1048576
64,,1.381312921999779,conc,1048576
64,,0.9314952770000673,conc,1048576
64,,1.1262996350014873,conc,1048576
64,,1.0271607819995552,conc,1048576
64,,0.4674952579989622,conc,1048576
64,,1.4027757639996707,conc,1048576
64,,0.8232530770001176,conc,1048576
64,,1.0406747950000863,conc,1048576
64,,1.009324609000032,conc,1048576
64,,0.9422150140017038,conc,1048576
64,,1.1296092910015432,conc,1048576
64,,0.8892758510010026,conc,1048576
64,,1.3053133040011744,conc,1048576
64,,1.1564547100024356,conc,1048576
64,,1.0577879500015115,conc,1048576
64,,0.6921276359971671,conc,1048576
64,,1.510940396998194,conc,1048576
64,,1.0235679549987253,conc,1048576
64,,1.3493991609975637,conc,1048576
64,,1.402894216000277,conc,1048576
64,,1.0406808010011446,conc,1048576
64,,1.0457712309980707,conc,1048576
64,,0.9416506229972583,conc,1048576
64,,1.0194538750001811,conc,1048576
64,,0.9811563340008433,conc,1048576
64,,1.3650860130001092,conc,1048576
64,,0.9875789880024968,conc,1048576
64,,1.0282418620008684,conc,1048576
64,,0.9724154649993579,conc,1048576
64,,0.5726288090008893,conc,1048576
64,,1.0447526230018411,conc,1048576
64,,1.2832656200007477,conc,1048576
64,,1.1311162549973233,conc,1048576
64,,0.9424549549985386,conc,1048576
64,,0.7023212429994601,conc,1048576
64,,1.0464331889997993,conc,1048576
64,,0.9724889630015241,conc,1048576
64,,0.9748595179989934,conc,1048576
64,,1.143208331999631,conc,1048576
64,,1.0065659130013955,conc,1048576
64,,0.6727061480014527,conc,1048576
64,,0.6230349729994487,conc,1048576
64,,1.2560738030006178,conc,1048576
64,,0.9345210070023313,conc,1048576
64,,1.380681671002094,conc,1048576
64,,1.518763095002214,conc,1048576
64,,1.426893496998673,conc,1048576
64,,0.9328315679995285,conc,1048576
64,,1.2831598940028925,conc,1048576
64,,0.8172031399990374,conc,1048576
64,,0.8402747209984227,conc,1048576
64,,0.9972300510016794,conc,1048576
64,,1.0727813390003575,conc,1048576
64,,1.1139873189968057,conc,1048576
64,,0.9313773800022318,conc,1048576
64,,1.029994144999364,conc,1048576
64,,0.9780403110016778,conc,1048576
64,,1.3288041609994252,conc,1048576
64,,0.990573614002642,conc,1048576
64,,1.1681167050010117,conc,1048576
64,,1.2422291969996877,conc,1048576
64,,0.9688539820017468,conc,1048576
64,,1.077931963998708,conc,1048576
64,,0.8714108759995725,conc,1048576
64,,1.2858197650020884,conc,1048576
64,,1.325210535000224,conc,1048576
64,,1.049563701999432,conc,1048576
64,,1.4253248029999668,conc,1048576
64,,1.1000572849989112,conc,1048576
64,,1.211307546000171,conc,1048576
64,,0.543292066999129,conc,1048576
64,,0.9296330140023201,conc,1048576
64,,0.8770337919995654,conc,1048576
64,,1.0499142310000025,conc,1048576
64,,1.071424873000069,conc,1048576
64,,0.5585112599983404,conc,1048576
64,,0.8890588499998557,conc,1048576
64,,1.3524286409992783,conc,1048576
64,,1.1496038189980027,conc,1048576
64,,1.2359010059990396,conc,1048576
64,,1.0638568499998655,conc,1048576
64,,1.1239149330031069,conc,1048576
64,,0.9762486580002587,conc,1048576
64,,1.0865409079997335,conc,1048576
64,,1.4244118060014443,conc,1048576
64,,1.3093571370009158,conc,1048576
64,,1.2097449320026499,conc,1048576
64,,1.3854138829992735,conc,1048576
64,,1.0423106880007253,conc,1048576
64,,1.3797352389992739,conc,1048576
64,,0.8882664689990634,conc,1048576
64,,1.4264545990008628,conc,1048576
64,,1.1411988049985666,conc,1048576
64,,1.1417522329975327,conc,1048576
64,,1.1710363140009576,conc,1048576
64,,1.2008896350016585,conc,1048576
64,,1.2306127660012862,conc,1048576
64,,1.120746690001397,conc,1048576
64,,1.1655664050013002,conc,1048576
64,,1.001311591000558,conc,1048576
64,,0.8417845730000408,conc,1048576
64,,1.343148691998067,conc,1048576
64,,0.5162698990025092,conc,1048576
64,,0.9970159679978678,conc,1048576
64,,1.209374255999137,conc,1048576
64,,0.8704983349998656,conc,1048576
64,,0.9883429820001766,conc,1048576
64,,1.1221128090001002,conc,1048576
64,,1.0952377599969623,conc,1048576
64,,0.7319493929971941,conc,1048576
64,,1.027573310999287,conc,1048576
64,,1.3755295139999362,conc,1048576
64,,1.256236805998924,conc,1048576
64,,0.8599652149969188,conc,1048576
64,,1.4076149290012836,conc,1048576
64,,0.7695836580023752,conc,1048576
64,,1.0059803510011989,conc,1048576
64,,1.1424111849992187,conc,1048576
64,,0.508830525999656,conc,1048576
64,,1.185278245000518,conc,1048576
64,,1.055801459999202,conc,1048576
64,,0.6374057909997646,conc,1048576
64,,1.4479264129986404,conc,1048576
64,,1.269236529002228,conc,1048576
64,,1.2810835290001705,conc,1048576
64,,0.990118268000515,conc,1048576
64,,1.121054372000799,conc,1048576
64,,1.4349456259988074,conc,1048576
64,,0.8312577570031863,conc,1048576
64,,1.264256660000683,conc,1048576
64,,1.2475788770025247,conc,1048576
64,,1.1767537030027597,conc,1048576
64,,0.5781238180024957,conc,1048576
64,,1.3207773030007957,conc,1048576
64,,0.9471821859988268,conc,1048576
64,,1.3189342430014221,conc,1048576
64,,1.0390813679987332,conc,1048576
64,,1.0736955549982667,conc,1048576
64,,1.0295205260008515,conc,1048576
64,,1.113375149001513,conc,1048576
64,,0.6870101339991379,conc,1048576
64,,1.1695136409980478,conc,1048576
64,,0.9971588590015017,conc,1048576
64,,1.0993406499983394,conc,1048576
64,,1.1375392170011764,conc,1048576
64,,0.9241493310000806,conc,1048576
64,,1.024161195000488,conc,1048576
64,,1.2902430290014308,conc,1048576
64,,0.6821966819989029,conc,1048576
64,,0.8920824190026906,conc,1048576
64,,1.0640594809992763,conc,1048576
64,,0.5291652630003227,conc,1048576
64,,0.9810529830028827,conc,1048576
64,,1.3313670640018245,conc,1048576
64,,1.1854477929991845,conc,1048576
64,,1.0588658509987,conc,1048576
64,,1.2883333030003996,conc,1048576
64,,0.9819090899982257,conc,1048576
64,,0.5505763900000602,conc,1048576
64,,1.0225858000012522,conc,1048576
64,,0.95991108599992,conc,1048576
64,,0.7542450809996808,conc,1048576
64,,1.3355662590001884,conc,1048576
64,,0.9261604809980781,conc,1048576
64,,1.1057901100029994,conc,1048576
64,,1.2733774070002255,conc,1048576
64,,0.24753112599864835,conc,1048576
64,,0.6211082699992403,conc,1048576
64,,1.1319929140008753,conc,1048576
64,,1.2811944999994012,conc,1048576
64,,1.058638159000111,conc,1048576
64,,1.0724639010004466,conc,1048576
64,,0.10750057699988247,conc,1048576
64,,1.1803855219986872,conc,1048576
64,,0.9572686210012762,conc,1048576
64,,1.0985340449988144,conc,1048576
64,,0.4960226129987859,conc,1048576
64,,1.3834392390017456,conc,1048576
64,,0.9606885870016413,conc,1048576
64,,1.3360548880009446,conc,1048576
64,,0.5052168399997754,conc,1048576
64,,0.5748286760026531,conc,1048576
64,,1.0579687399986142,conc,1048576
64,,1.1239130510002724,conc,1048576
64,,1.2441643689999182,conc,1048576
64,,1.0142388210006175,conc,1048576
64,,0.6332798959992942,conc,1048576
64,,0.9927098080006544,conc,1048576
64,,1.1340832269997918,conc,1048576
64,,1.3017843149973487,conc,1048576
64,,1.1811243730007845,conc,1048576
64,,1.1294675680001092,conc,1048576
64,,1.237777794001886,conc,1048576
64,,0.10066593999727047,conc,1048576
64,,0.5392281290005485,conc,1048576
64,,1.257279863999429,conc,1048576
64,,0.970349120998435,conc,1048576
64,,0.992934661997424,conc,1048576
64,,1.1372724660031963,conc,1048576
64,,1.2112460779972025,conc,1048576
64,,1.1014373549987795,conc,1048576
64,,1.0014914499988663,conc,1048576
64,,1.0624558970012004,conc,1048576
64,,1.2263205019989982,conc,1048576
64,,1.3983117720017617,conc,1048576
64,,1.229349788998661,conc,1048576
64,,0.25041312699977425,conc,1048576
64,,1.0714090799992846,conc,1048576
64,,1.3928686049985117,conc,1048576
64,,0.16440352900099242,conc,1048576
64,,0.1935035809983674,conc,1048576
64,,0.9611815030002617,conc,1048576
64,,0.9688365399997565,conc,1048576
64,,1.5294129850008176,conc,1048576
64,,0.222775885998999,conc,1048576
64,,1.4779077540006256,conc,1048576
64,,0.9860942779996549,conc,1048576
64,,1.2297478670006967,conc,1048576
64,,0.8630343260010704,conc,1048576
64,,1.1024130189980497,conc,1048576
64,,0.8976016619999427,conc,1048576
64,,0.9163966119995166,conc,1048576
64,,1.3006759069976397,conc,1048576
64,,0.8377277079998748,conc,1048576
64,,1.2139122590015177,conc,1048576
64,,0.8903540260034788,conc,1048576
64,,0.9606645880012366,conc,1048576
64,,0.41943833500045,conc,1048576
64,,0.9166801829996984,conc,1048576
64,,0.8299060980025388,conc,1048576
64,,1.2174453789994004,conc,1048576
64,,0.8195161830008146,conc,1048576
64,,0.19603501399978995,conc,1048576
64,,1.1828406149979855,conc,1048576
64,,1.1846127600001637,conc,1048576
64,,1.1125687419989845,conc,1048576
64,,1.0122662779976963,conc,1048576
64,,1.169554613999935,conc,1048576
64,,1.0212382670033548,conc,1048576
64,,1.1124812480011315,conc,1048576
64,,1.461559228002443,conc,1048576
64,,0.9972810789986397,conc,1048576
64,,1.1915490229985153,conc,1048576
64,,0.9853831139989779,conc,1048576
64,,1.2824031250020198,conc,1048576
64,,1.1355818939991877,conc,1048576
64,,1.196029210001143,conc,1048576
64,,0.17855748999863863,conc,1048576
64,,1.3220602170003986,conc,1048576
64,,1.1805471459992987,conc,1048576
64,,1.1282672199995432,conc,1048576
64,,1.2693950760003645,conc,1048576
64,,1.0028889519999211,conc,1048576
64,,1.0652376680009183,conc,1048576
64,,0.5185285600018688,conc,1048576
64,,1.0984773079981096,conc,1048576
64,,1.0677174749980622,conc,1048576
64,,0.9515709320003225,conc,1048576
64,,0.8808248139976058,conc,1048576
64,,1.056325208999624,conc,1048576
64,,1.0982846900005825,conc,1048576
64,,0.6352956779992383,conc,1048576
64,,1.0337050880007155,conc,1048576
64,,1.1679293170018354,conc,1048576
64,,1.0774549320012738,conc,1048576
64,,1.0689653049994376,conc,1048576
64,,1.090730646999873,conc,1048576
64,,0.9903525310000987,conc,1048576
64,,1.4368435759970453,conc,1048576
64,,1.2922679069997685,conc,1048576
64,,0.9247420979991148,conc,1048576
64,,1.1133326169983775,conc,1048576
64,,1.1409392940004182,conc,1048576
64,,1.1462499449989991,conc,1048576
64,,1.2405828970004222,conc,1048576
64,,0.9902093499986222,conc,1048576
64,,1.393463544001861,conc,1048576
64,,0.5796046830000705,conc,1048576
64,,1.1053083869992406,conc,1048576
64,,1.305346819000988,conc,1048576
64,,0.979750847996911,conc,1048576
64,,1.0036301059990365,conc,1048576
64,,1.0278665680016275,conc,1048576
64,,1.5192919699984486,conc,1048576
64,,0.9356200670008548,conc,1048576
64,,0.6464232299986179,conc,1048576
64,,0.8630488540002261,conc,1048576
64,,1.1520016560025397,conc,1048576
64,,1.1082915010010765,conc,1048576
64,,1.223960243001784,conc,1048576
64,,1.4996982209995622,conc,1048576
64,,1.0388526839997212,conc,1048576
64,,1.2869402489995991,conc,1048576
64,,1.0926386860010098,conc,1048576
64,,1.0231804079994617,conc,1048576
64,,0.8503089339974395,conc,1048576
64,,0.9837932469999942,conc,1048576
64,,0.8337572390009882,conc,1048576
64,,1.1197407090003253,conc,1048576
64,,1.2574162639975839,conc,1048576
64,,0.701612261000264,conc,1048576
64,,1.1342184569984965,conc,1048576
64,,1.251831191999372,conc,1048576
64,,0.9730772449984215,conc,1048576
64,,1.102427941001224,conc,1048576
64,,1.014971897999203,conc,1048576
64,,0.881216702000529,conc,1048576
64,,1.0942195110001194,conc,1048576
64,,1.1454566940010409,conc,1048576
64,,0.9408732949996192,conc,1048576
64,,1.229017814999679,conc,1048576
64,,1.1351327249976748,conc,1048576
64,,0.99639889899845,conc,1048576
64,,1.0878635449989815,conc,1048576
64,,1.0292056160033098,conc,1048576
64,,0.9662966729993059,conc,1048576
64,,1.2004532140017545,conc,1048576
64,,1.015210200999718,conc,1048576
64,,1.01510113599943,conc,1048576
64,,0.9709544799989089,conc,1048576
64,,1.0020937409972248,conc,1048576
64,,0.6235769819977577,conc,1048576
64,,1.199429701999179,conc,1048576
64,,1.176025128999754,conc,1048576
64,,0.8997069110009761,conc,1048576
64,,1.0767523600006825,conc,1048576
64,,1.1826830859972688,conc,1048576
64,,0.8578402989987808,conc,1048576
64,,0.566776170002413,conc,1048576
64,,0.7077226100009284,conc,1048576
64,,1.2175362089983537,conc,1048576
64,,1.0782245789996523,conc,1048576
64,,1.3005243690022326,conc,1048576
64,,1.016443447999336,conc,1048576
64,,0.9834651529999974,conc,1048576
64,,0.8957379700004822,conc,1048576
64,,0.8484910510014743,conc,1048576
64,,1.286487250999926,conc,1048576
64,,1.082673959001113,conc,1048576
64,,1.0895892759981507,conc,1048576
64,,0.8070739679969847,conc,1048576
64,,0.2348911010012671,conc,1048576
64,,1.1330690190006862,conc,1048576
64,,1.0474529830025858,conc,1048576
64,,1.2866942239998025,conc,1048576
64,,0.5053288160015654,conc,1048576
64,,1.1750636949982436,conc,1048576
64,,0.6112852740006929,conc,1048576
64,,1.2244737660003011,conc,1048576
64,,1.0666280799996457,conc,1048576
64,,1.3309152229994652,conc,1048576
64,,1.1010299440022209,conc,1048576
64,,0.8923231909975584,conc,1048576
64,,1.0810925059995498,conc,1048576
64,,1.1417065450004884,conc,1048576
64,,1.0576161190001585,conc,1048576
64,,0.5162892589978583,conc,1048576
64,,1.1104038570010744,conc,1048576
64,,1.034957451000082,conc,1048576
64,,1.1691702110001643,conc,1048576
64,,1.2998850069998298,conc,1048576
64,,1.058401367998158,conc,1048576
64,,1.1078835039988917,conc,1048576
64,,1.20905422800206,conc,1048576
64,,0.9883930610012612,conc,1048576
64,,0.9930338359990856,conc,1048576
64,,0.870285065000644,conc,1048576
64,,1.3031526270024187,conc,1048576
64,,1.1665083019979647,conc,1048576
64,,1.0447662879996642,conc,1048576
64,,0.9488191589989583,conc,1048576
64,,0.9824033980003151,conc,1048576
64,,1.0480244829996082,conc,1048576
64,,0.9212175290012965,conc,1048576
64,,1.0280691910011228,conc,1048576
64,,1.1371770789992297,conc,1048576
64,,0.959142427000188,conc,1048576
64,,1.2048182590006036,conc,1048576
64,,1.2371102490033081,conc,1048576
64,,1.1245484430000943,conc,1048576
64,,1.372314741001901,conc,1048576
64,,0.8968275939987507,conc,1048576
64,,1.0769864430003508,conc,1048576
64,,1.147071561001212,conc,1048576
64,,1.0816491279983893,conc,1048576
64,,1.2232403000016348,conc,1048576
64,,1.1805660710015218,conc,1048576
64,,1.0350760459987214,conc,1048576
64,,1.0889821470009338,conc,1048576
64,,0.5027304559989716,conc,1048576
64,,0.9472321960020054,conc,1048576
64,,1.632162606001657,conc,1048576
64,,0.9332707049979945,conc,1048576
64,,1.2327276969990635,conc,1048576
64,,1.0782493309998245,conc,1048576
64,,1.2191285980006796,conc,1048576
64,,0.8692784359991492,conc,1048576
64,,1.1837995070018223,conc,1048576
64,,1.0452547929999128,conc,1048576
64,,1.3094289690016012,conc,1048576
64,,1.1031696760001068,conc,1048576
64,,1.3330224640012602,conc,1048576
64,,1.2013073889975203,conc,1048576
64,,0.6982656809996115,conc,1048576
64,,1.4889297869995062,conc,1048576
64,,0.988037595001515,conc,1048576
64,,1.116573260002042,conc,1048576
64,,1.4085836480007856,conc,1048576
64,,0.9126837590010837,conc,1048576
64,,1.0739284400006,conc,1048576
64,,0.9510269780003,conc,1048576
64,,1.1693365950013686,conc,1048576
64,,0.9882795060002536,conc,1048576
64,,0.891784211002232,conc,1048576
64,,1.018793839000864,conc,1048576
64,,1.0423561210009211,conc,1048576
64,,1.0357758360005391,conc,1048576
64,,1.2665790760001983,conc,1048576
64,,0.9622074770013569,conc,1048576
64,,1.5326511259991094,conc,1048576
64,,1.3234917230001884,conc,1048576
64,,1.1649684830008482,conc,1048576
64,,1.1776643699995475,conc,1048576
64,,0.9759573800001817,conc,1048576
64,,1.0685514899996633,conc,1048576
64,,1.2616742700010946,conc,1048576
64,,1.3849725789987133,conc,1048576
64,,1.042544424002699,conc,1048576
64,,1.0445078060001833,conc,1048576
64,,1.0314600570018229,conc,1048576
64,,1.1161308100017777,conc,1048576
64,,1.0087816269988252,conc,1048576
64,,1.357815137002035,conc,1048576
64,,0.4563339390006149,conc,1048576
64,,0.9919130689995654,conc,1048576
64,,1.0771361430015531,conc,1048576
64,,1.348925711998163,conc,1048576
64,,1.1510503009994864,conc,1048576
64,,1.2377292800010764,conc,1048576
64,,1.1998563570014085,conc,1048576
64,,1.380992383998091,conc,1048576
64,,1.220014867001737,conc,1048576
64,,1.5186139210018155,conc,1048576
64,,1.0662026790014352,conc,1048576
64,,1.2186695119999058,conc,1048576
64,,1.309230591999949,conc,1048576
64,,1.0547099040013563,conc,1048576
64,,0.9704840910017083,conc,1048576
64,,0.9717523620020074,conc,1048576
64,,1.063266018001741,conc,1048576
64,,1.2122118590013997,conc,1048576
64,,1.0206403550000687,conc,1048576
64,,0.8823997660001623,conc,1048576
64,,1.3427613460007706,conc,1048576
64,,1.5579576670024835,conc,1048576
64,,1.0390815770006157,conc,1048576
64,,1.504762712000229,conc,1048576
64,,1.6325893120010733,conc,1048576
64,,1.1174478860011732,conc,1048576
64,,1.5668122740025865,conc,1048576
64,,1.1234380669993698,conc,1048576
64,,1.5258993479983474,conc,1048576
64,,1.1212183579991688,conc,1048576
64,,1.0135863739997149,conc,1048576
64,,1.0643437079997966,conc,1048576
64,,1.5562483749999956,conc,1048576
64,,1.1950508810004976,conc,1048576
64,,1.5792276400025003,conc,1048576
64,,1.1350704860014957,conc,1048576
64,,1.0046756629999436,conc,1048576
64,,0.9986589369982539,conc,1048576
64,,1.57003560800149,conc,1048576
64,,0.9463235389994225,conc,1048576
64,,1.0813592080012313,conc,1048576
64,,1.0795825320019503,conc,1048576
64,,0.9298641879977367,conc,1048576
64,,1.1554756589976023,conc,1048576
64,,1.1399582720005128,conc,1048576
64,,1.096903626999847,conc,1048576
64,,1.049797612002294,conc,1048576
64,,1.0360185839999758,conc,1048576
64,,1.1449661780025053,conc,1048576
64,,1.0343048760005331,conc,1048576
64,,1.0324173310000333,conc,1048576
64,,1.074300451000454,conc,1048576
64,,0.9794069640011003,conc,1048576
64,,0.9565563249998377,conc,1048576
64,,0.9090521090001857,conc,1048576
64,,0.9805376930016791,conc,1048576
64,,1.0147423190028348,conc,1048576
64,,0.8842053179978393,conc,1048576
64,,0.9294123699983174,conc,1048576
64,,1.053104775997781,conc,1048576
64,,0.970106817996566,conc,1048576
64,,0.9006477160000941,conc,1048576
64,,0.9689184039998509,conc,1048576
64,,1.0163236020016484,conc,1048576
64,,0.8549195030027477,conc,1048576
64,,0.9525195749993145,conc,1048576
64,,0.9541487120004604,conc,1048576
64,,0.8676617139972223,conc,1048576
64,,0.9134757370011357,conc,1048576
64,,0.8125432590022683,conc,1048576
64,,0.8760787860010169,conc,1048576
64,,0.961232084002404,conc,1048576
64,,0.8900339210013044,conc,1048576
64,,0.869001715000195,conc,1048576
64,,0.4186205580008391,conc,1048576
64,,0.4439280900005542,conc,1048576
64,,0.9219437709980411,conc,1048576
64,,0.45480145400142646,conc,1048576
64,,0.44151730600060546,conc,1048576
64,,0.8870152029994642,conc,1048576
64,,0.5087271179982054,conc,1048576
64,,0.37086423199798446,conc,1048576
64,,0.3965033669992408,conc,1048576
64,,0.39297654300025897,conc,1048576
64,,0.4701493569991726,conc,1048576
64,,0.3510950719974062,conc,1048576
64,,0.38739085199995316,conc,1048576
64,,0.5431634730011865,conc,1048576
64,,0.45345064399953117,conc,1048576
64,,0.38469107700075256,conc,1048576
64,,0.3989245390002907,conc,1048576
64,,0.4147163460002048,conc,1048576
64,,0.41178340899932664,conc,1048576
64,,0.4477934329988784,conc,1048576
64,,0.42028456600019126,conc,1048576
64,,0.47294305299874395,conc,1048576
64,,0.40552566799669876,conc,1048576
64,,0.4442365819995757,conc,1048576
64,,0.33669362000000547,conc,1048576
64,,0.393943864000903,conc,1048576
64,,0.4179994420010189,conc,1048576
64,,0.5236321400007,conc,1048576
64,,0.4182279020023998,conc,1048576
64,,0.44486445400252705,conc,1048576
64,,0.4179738279999583,conc,1048576
64,,0.39337508900280227,conc,1048576
64,,0.4158361360023264,conc,1048576
64,,0.45617128099911497,conc,1048576
64,,0.4118670010029746,conc,1048576
64,,0.43327400899943314,conc,1048576
64,,0.5395212729999912,conc,1048576
64,,0.40815590800048085,conc,1048576
64,,0.39639145100227324,conc,1048576
64,,0.5026363849974587,conc,1048576
64,,0.3978209069973673,conc,1048576
64,,0.4182156130009389,conc,1048576
64,,0.41395258199918317,conc,1048576
64,,0.47038520599744515,conc,1048576
64,,0.4114598170017416,conc,1048576
64,,0.44511169599718414,conc,1048576
64,,0.40484237899727304,conc,1048576
64,,0.4262568980011565,conc,1048576
64,,0.38677345600081026,conc,1048576
64,,0.4904520060008508,conc,1048576
64,,0.42235244999756105,conc,1048576
64,,0.3672699630005809,conc,1048576
64,,0.38236806499844533,conc,1048576
64,,0.4169910419986991,conc,1048576
64,,0.439206290000584,conc,1048576
64,,0.44392249299926334,conc,1048576
64,,0.4422750489975442,conc,1048576
64,,0.3798986469992087,conc,1048576
64,,0.4540861079985916,conc,1048576
64,,0.4018167309986893,conc,1048576
64,,0.44046178499775124,conc,1048576
64,,0.4458322460013733,conc,1048576
64,,0.42458209300093586,conc,1048576
64,,0.39734495299853734,conc,1048576
64,,0.48149186900263885,conc,1048576
64,,0.42676075199779007,conc,1048576
64,,0.389543085002515,conc,1048576
64,,0.3794784570018237,conc,1048576
64,,0.4230554169989773,conc,1048576
64,,0.4175461320010072,conc,1048576
64,,0.4698259169999801,conc,1048576
64,,0.39112353299788083,conc,1048576
64,,0.4190416189994721,conc,1048576
64,,0.4125146689984831,conc,1048576
64,,0.43359441100255935,conc,1048576
64,,0.41938247900179704,conc,1048576
64,,0.45773850600016885,conc,1048576
64,,0.4655094720001216,conc,1048576
64,,0.40164267100044526,conc,1048576
64,,0.3770190110008116,conc,1048576
64,,0.4259478970016062,conc,1048576
64,,0.4316863560015918,conc,1048576
64,,0.3662595490022795,conc,1048576
64,,0.4212099739997939,conc,1048576
64,,0.36446646799959126,conc,1048576
64,,0.42198037799971644,conc,1048576
64,,0.44071420000182115,conc,1048576
64,,0.4557662299994263,conc,1048576
64,,0.3798720740014687,conc,1048576
64,,0.42912284299745806,conc,1048576
64,,0.47554938699977356,conc,1048576
64,,0.45235497199973906,conc,1048576
64,,0.37405461000162177,conc,1048576
64,,0.4755377100009355,conc,1048576
64,,0.4327738909996697,conc,1048576
64,,0.41310366700054146,conc,1048576
64,,0.454749835000257,conc,1048576
64,,0.3880646650031849,conc,1048576
64,,0.413110557001346,conc,1048576
64,,0.3524454699982016,conc,1048576
64,,0.4882605960010551,conc,1048576
64,,0.36617044499871554,conc,1048576
64,,0.43781457799923373,conc,1048576
64,,0.4099308420009038,conc,1048576
64,,0.4592964400035271,conc,1048576
64,,0.43658428699927754,conc,1048576
64,,0.4715137370003504,conc,1048576
64,,0.3762610980011232,conc,1048576
64,,0.4393618260000949,conc,1048576
64,,0.4265267330010829,conc,1048576
64,,0.4151793440032634,conc,1048576
64,,0.4046188419997634,conc,1048576
64,,0.37154012999963015,conc,1048576
64,,0.452271660000406,conc,1048576
64,,0.3718234520019905,conc,1048576
64,,0.3490734810002323,conc,1048576
64,,0.42836804399848916,conc,1048576
64,,0.46094448199801263,conc,1048576
64,,0.5020590719977918,conc,1048576
64,,0.42898828200122807,conc,1048576
64,,0.4413261039990175,conc,1048576
64,,0.40885616699961247,conc,1048576
64,,0.4122560069990868,conc,1048576
64,,0.43113141399953747,conc,1048576
64,,0.4844345940000494,conc,1048576
64,,0.39499014299872215,conc,1048576
64,,0.41583437900044373,conc,1048576
64,,0.46800742400228046,conc,1048576
64,,0.4065126169989526,conc,1048576
64,,0.5161967519998143,conc,1048576
64,,0.44383700099933776,conc,1048576
64,,0.4310351690000971,conc,1048576
64,,0.4718606960013858,conc,1048576
64,,0.4195983879981213,conc,1048576
64,,0.42751082700124243,conc,1048576
64,,0.45364199100004043,conc,1048576
64,,0.28987653899821453,conc,1048576
64,,0.4081151919999684,conc,1048576
64,,0.38360880899926997,conc,1048576
64,,0.36928169800012256,conc,1048576
64,,0.4426082869977108,conc,1048576
64,,0.43466581600296195,conc,1048576
64,,0.4226481529985904,conc,1048576
64,,0.44351186499989126,conc,1048576
64,,0.47102150399950915,conc,1048576
64,,0.3576879599968379,conc,1048576
64,,0.410178211001039,conc,1048576
64,,0.44609316300193314,conc,1048576
64,,0.41008518200032995,conc,1048576
64,,0.4659095899987733,conc,1048576
64,,0.4967412730002252,conc,1048576
64,,0.4162349859980168,conc,1048576
64,,0.45710626000072807,conc,1048576
64,,0.4246664399979636,conc,1048576
64,,0.3683369579994178,conc,1048576
64,,0.48165154800153687,conc,1048576
64,,0.41548441800114233,conc,1048576
64,,0.452936816996953,conc,1048576
64,,0.3717901330019231,conc,1048576
64,,0.4395602009972208,conc,1048576
64,,0.4574365440021211,conc,1048576
64,,0.43712652499743854,conc,1048576
64,,0.3135791349995998,conc,1048576
64,,0.38986846799889463,conc,1048576
64,,0.45030152300023474,conc,1048576
64,,0.39137163299892563,conc,1048576
64,,0.3999138440012757,conc,1048576
64,,0.4375818930020614,conc,1048576
64,,0.46383430900095846,conc,1048576
64,,0.4341581660009979,conc,1048576
64,,0.3806536049996794,conc,1048576
64,,0.4408369209995726,conc,1048576
64,,0.40395650600112276,conc,1048576
64,,0.4748295310018875,conc,1048576
64,,0.3974251440013177,conc,1048576
64,,0.4332972910015087,conc,1048576
64,,0.44980406000104267,conc,1048576
64,,0.4235676850003074,conc,1048576
64,,0.394194996002625,conc,1048576
64,,0.4013930459987023,conc,1048576
64,,0.39773249800055055,conc,1048576
64,,0.4407900949991017,conc,1048576
64,,0.38822018900100375,conc,1048576
64,,0.37827129399738624,conc,1048576
64,,0.43947327500063693,conc,1048576
64,,0.4066398350005329,conc,1048576
64,,0.4030362689991307,conc,1048576
64,,0.38288309699782985,conc,1048576
64,,0.3453594160018838,conc,1048576
64,,0.36675784200269845,conc,1048576
64,,0.3752962149992527,conc,1048576
64,,0.33377580500018666,conc,1048576
64,,0.29313888100296026,conc,1048576
64,,0.36394845599716064,conc,1048576
64,,0.3758686420005688,conc,1048576
64,,0.2540140370001609,conc,1048576
64,,0.35580945999754476,conc,1048576
64,,0.3314039309989312,conc,1048576
64,,0.32271613700140733,conc,1048576
64,,0.4066287339992414,conc,1048576
64,,0.3210864959983155,conc,1048576
64,,0.33895464400120545,conc,1048576
64,,0.31310018099975423,conc,1048576
64,,0.3533073449980293,conc,1048576
64,,0.31198702300025616,conc,1048576
64,,0.312525856999855,conc,1048576
64,,0.26229967399922316,conc,1048576
64,,0.31350479400134645,conc,1048576
64,,0.3926496259991836,conc,1048576
64,,0.27835142399999313,conc,1048576
64,,0.22450462699998752,conc,1048576
64,,0.28719530000307714,conc,1048576
64,,0.31522339200091665,conc,1048576
64,,0.22690541299743927,conc,1048576
64,,0.31036369600042235,conc,1048576
64,,0.27275267700315453,conc,1048576
64,,0.3016401439999754,conc,1048576
64,,0.25605020000148215,conc,1048576
64,,0.24933801799852517,conc,1048576
64,,0.24482651099970099,conc,1048576
64,,0.27280281400089734,conc,1048576
64,,0.26089415500246105,conc,1048576
64,,0.2736915669993323,conc,1048576
64,,0.23285402699912083,conc,1048576
64,,0.19051972099987324,conc,1048576
64,,0.22045495899874368,conc,1048576
64,,0.22366685600354685,conc,1048576
64,,0.22768679600267205,conc,1048576
64,,0.24748433499917155,conc,1048576
64,,0.2104204400020535,conc,1048576
64,,0.16246843800036004,conc,1048576
64,,0.19107856600021478,conc,1048576
64,,0.1767269510019105,conc,1048576
64,,0.19722503099910682,conc,1048576
64,,0.2084971369986306,conc,1048576
64,,0.18960295199940447,conc,1048576
64,,0.1943259660001786,conc,1048576
64,,0.17530182799964678,conc,1048576
