timestamp,label,mode,scope,prefix,reads,logicalBytes,remoteGets,remoteBytes,readAmp,cacheHitRate,policySwitches,fallbackReads,demandClampReads,ioLatencySumNanos,nsPerOp,p50Ns,p95Ns,p99Ns,prefetchGets,prefetchBytes,prefetchUsefulBytes,prefetchWastedBytes,prefetchCancelledBytes,budgetMiB,prefetchBlockMiB,prefetchDepth,case,costSeconds
20260729-191740,headroom_b128_block1_depth0_passthrough,passthrough,all,,11189,2588051441,11189,2588051441,1.0000,0.0000,0,0,0,6893076134,1082282.4,9729,2802969,12298443,0,0,0,0,0,128,1,0,passthrough,584.1316
20260729-191740,headroom_b128_block1_depth0_passthrough,passthrough,prefix,tpch,1309,295968743,1309,295968743,1.0000,0.0000,0,0,0,0,0.0,0,0,0,0,0,0,0,0,128,1,0,passthrough,68.2726
20260729-191740,headroom_b128_block1_depth0_passthrough,passthrough,prefix,taxi,659,1064016617,659,1064016617,1.0000,0.0000,0,0,0,0,0.0,0,0,0,0,0,0,0,0,128,1,0,passthrough,43.0973
20260729-191740,headroom_b128_block1_depth0_passthrough,passthrough,prefix,lastfm,1216,1867138,1216,1867138,1.0000,0.0000,0,0,0,0,0.0,0,0,0,0,0,0,0,0,128,1,0,passthrough,60.8178
20260729-191740,headroom_b128_block1_depth0_passthrough,passthrough,prefix,mm,2785,569189337,2785,569189337,1.0000,0.0000,0,0,0,0,0.0,0,0,0,0,0,0,0,0,128,1,0,passthrough,144.6782
20260729-191740,headroom_b128_block1_depth0_passthrough,passthrough,prefix,clickbench,1572,646756165,1572,646756165,1.0000,0.0000,0,0,0,0,0.0,0,0,0,0,0,0,0,0,128,1,0,passthrough,84.7679
20260729-191740,headroom_b128_block1_depth0_passthrough,passthrough,prefix,fmnist,1216,6140828,1216,6140828,1.0000,0.0000,0,0,0,0,0.0,0,0,0,0,0,0,0,0,128,1,0,passthrough,60.8586
20260729-191740,headroom_b128_block1_depth0_passthrough,passthrough,prefix,sift,1216,3142849,1216,3142849,1.0000,0.0000,0,0,0,0,0.0,0,0,0,0,0,0,0,0,128,1,0,passthrough,60.8300
20260729-191740,headroom_b128_block1_depth0_passthrough,passthrough,prefix,emb_real,1216,969764,1216,969764,1.0000,0.0000,0,0,0,0,0.0,0,0,0,0,0,0,0,0,128,1,0,passthrough,60.8092
20260729-191740,headroom_b128_block1_depth0_passthrough,passthrough,all,,11189,2588051441,11189,2588051441,1.0000,0.0000,0,0,0,6893076134,1082282.4,9729,2802969,12298443,0,0,0,0,0,128,1,1,passthrough,584.1316
20260729-191740,headroom_b128_block1_depth0_passthrough,passthrough,prefix,tpch,1309,295968743,1309,295968743,1.0000,0.0000,0,0,0,0,0.0,0,0,0,0,0,0,0,0,128,1,1,passthrough,68.2726
20260729-191740,headroom_b128_block1_depth0_passthrough,passthrough,prefix,taxi,659,1064016617,659,1064016617,1.0000,0.0000,0,0,0,0,0.0,0,0,0,0,0,0,0,0,128,1,1,passthrough,43.0973
20260729-191740,headroom_b128_block1_depth0_passthrough,passthrough,prefix,lastfm,1216,1867138,1216,1867138,1.0000,0.0000,0,0,0,0,0.0,0,0,0,0,0,0,0,0,128,1,1,passthrough,60.8178
20260729-191740,headroom_b128_block1_depth0_passthrough,passthrough,prefix,mm,2785,569189337,2785,569189337,1.0000,0.0000,0,0,0,0,0.0,0,0,0,0,0,0,0,0,128,1,1,passthrough,144.6782
20260729-191740,headroom_b128_block1_depth0_passthrough,passthrough,prefix,clickbench,1572,646756165,1572,646756165,1.0000,0.0000,0,0,0,0,0.0,0,0,0,0,0,0,0,0,128,1,1,passthrough,84.7679
20260729-191740,headroom_b128_block1_depth0_passthrough,passthrough,prefix,fmnist,1216,6140828,1216,6140828,1.0000,0.0000,0,0,0,0,0.0,0,0,0,0,0,0,0,0,128,1,1,passthrough,60.8586
20260729-191740,headroom_b128_block1_depth0_passthrough,passthrough,prefix,sift,1216,3142849,1216,3142849,1.0000,0.0000,0,0,0,0,0.0,0,0,0,0,0,0,0,0,128,1,1,passthrough,60.8300
20260729-191740,headroom_b128_block1_depth0_passthrough,passthrough,prefix,emb_real,1216,969764,1216,969764,1.0000,0.0000,0,0,0,0,0.0,0,0,0,0,0,0,0,0,128,1,1,passthrough,60.8092
20260729-191740,headroom_b128_block1_depth0_passthrough,passthrough,all,,11189,2588051441,11189,2588051441,1.0000,0.0000,0,0,0,6893076134,1082282.4,9729,2802969,12298443,0,0,0,0,0,128,4,4,passthrough,584.1316
20260729-191740,headroom_b128_block1_depth0_passthrough,passthrough,prefix,tpch,1309,295968743,1309,295968743,1.0000,0.0000,0,0,0,0,0.0,0,0,0,0,0,0,0,0,128,4,4,passthrough,68.2726
20260729-191740,headroom_b128_block1_depth0_passthrough,passthrough,prefix,taxi,659,1064016617,659,1064016617,1.0000,0.0000,0,0,0,0,0.0,0,0,0,0,0,0,0,0,128,4,4,passthrough,43.0973
20260729-191740,headroom_b128_block1_depth0_passthrough,passthrough,prefix,lastfm,1216,1867138,1216,1867138,1.0000,0.0000,0,0,0,0,0.0,0,0,0,0,0,0,0,0,128,4,4,passthrough,60.8178
20260729-191740,headroom_b128_block1_depth0_passthrough,passthrough,prefix,mm,2785,569189337,2785,569189337,1.0000,0.0000,0,0,0,0,0.0,0,0,0,0,0,0,0,0,128,4,4,passthrough,144.6782
20260729-191740,headroom_b128_block1_depth0_passthrough,passthrough,prefix,clickbench,1572,646756165,1572,646756165,1.0000,0.0000,0,0,0,0,0.0,0,0,0,0,0,0,0,0,128,4,4,passthrough,84.7679
20260729-191740,headroom_b128_block1_depth0_passthrough,passthrough,prefix,fmnist,1216,6140828,1216,6140828,1.0000,0.0000,0,0,0,0,0.0,0,0,0,0,0,0,0,0,128,4,4,passthrough,60.8586
20260729-191740,headroom_b128_block1_depth0_passthrough,passthrough,prefix,sift,1216,3142849,1216,3142849,1.0000,0.0000,0,0,0,0,0.0,0,0,0,0,0,0,0,0,128,4,4,passthrough,60.8300
20260729-191740,headroom_b128_block1_depth0_passthrough,passthrough,prefix,emb_real,1216,969764,1216,969764,1.0000,0.0000,0,0,0,0,0.0,0,0,0,0,0,0,0,0,128,4,4,passthrough,60.8092
20260729-191740,headroom_b128_block1_depth0_passthrough,passthrough,all,,11189,2588051441,11189,2588051441,1.0000,0.0000,0,0,0,6893076134,1082282.4,9729,2802969,12298443,0,0,0,0,0,128,8,8,passthrough,584.1316
20260729-191740,headroom_b128_block1_depth0_passthrough,passthrough,prefix,tpch,1309,295968743,1309,295968743,1.0000,0.0000,0,0,0,0,0.0,0,0,0,0,0,0,0,0,128,8,8,passthrough,68.2726
20260729-191740,headroom_b128_block1_depth0_passthrough,passthrough,prefix,taxi,659,1064016617,659,1064016617,1.0000,0.0000,0,0,0,0,0.0,0,0,0,0,0,0,0,0,128,8,8,passthrough,43.0973
20260729-191740,headroom_b128_block1_depth0_passthrough,passthrough,prefix,lastfm,1216,1867138,1216,1867138,1.0000,0.0000,0,0,0,0,0.0,0,0,0,0,0,0,0,0,128,8,8,passthrough,60.8178
20260729-191740,headroom_b128_block1_depth0_passthrough,passthrough,prefix,mm,2785,569189337,2785,569189337,1.0000,0.0000,0,0,0,0,0.0,0,0,0,0,0,0,0,0,128,8,8,passthrough,144.6782
20260729-191740,headroom_b128_block1_depth0_passthrough,passthrough,prefix,clickbench,1572,646756165,1572,646756165,1.0000,0.0000,0,0,0,0,0.0,0,0,0,0,0,0,0,0,128,8,8,passthrough,84.7679
20260729-191740,headroom_b128_block1_depth0_passthrough,passthrough,prefix,fmnist,1216,6140828,1216,6140828,1.0000,0.0000,0,0,0,0,0.0,0,0,0,0,0,0,0,0,128,8,8,passthrough,60.8586
20260729-191740,headroom_b128_block1_depth0_passthrough,passthrough,prefix,sift,1216,3142849,1216,3142849,1.0000,0.0000,0,0,0,0,0.0,0,0,0,0,0,0,0,0,128,8,8,passthrough,60.8300
20260729-191740,headroom_b128_block1_depth0_passthrough,passthrough,prefix,emb_real,1216,969764,1216,969764,1.0000,0.0000,0,0,0,0,0.0,0,0,0,0,0,0,0,0,128,8,8,passthrough,60.8092
20260729-191757,headroom_b128_block1_depth0_forced_s3a_random,forced_s3a_random,all,,11189,2588051441,6331,2447110144,0.9455,0.4342,0,0,0,6208371938,1019154.2,169820,2725373,10227965,0,0,0,0,0,128,1,0,forced:s3a_random,339.8875
20260729-191757,headroom_b128_block1_depth0_forced_s3a_random,forced_s3a_random,prefix,tpch,1309,295968743,605,122729226,0.4147,0.5378,0,0,0,0,0.0,0,0,0,0,0,0,0,0,128,1,0,forced:s3a_random,31.4204
20260729-191757,headroom_b128_block1_depth0_forced_s3a_random,forced_s3a_random,prefix,taxi,659,1064016617,622,1019168751,0.9579,0.0561,0,0,0,0,0.0,0,0,0,0,0,0,0,0,128,1,0,forced:s3a_random,40.8196
20260729-191757,headroom_b128_block1_depth0_forced_s3a_random,forced_s3a_random,prefix,lastfm,1216,1867138,75,5482913,2.9365,0.9383,0,0,0,0,0.0,0,0,0,0,0,0,0,0,128,1,0,forced:s3a_random,3.8023
20260729-191757,headroom_b128_block1_depth0_forced_s3a_random,forced_s3a_random,prefix,mm,2785,569189337,1939,511904306,0.8994,0.3038,0,0,0,0,0.0,0,0,0,0,0,0,0,0,128,1,0,forced:s3a_random,101.8319
20260729-191757,headroom_b128_block1_depth0_forced_s3a_random,forced_s3a_random,prefix,clickbench,1572,646756165,1358,672823988,1.0403,0.1361,0,0,0,0,0.0,0,0,0,0,0,0,0,0,128,1,0,forced:s3a_random,74.3165
20260729-191757,headroom_b128_block1_depth0_forced_s3a_random,forced_s3a_random,prefix,fmnist,1216,6140828,951,63541325,10.3474,0.2179,0,0,0,0,0.0,0,0,0,0,0,0,0,0,128,1,0,forced:s3a_random,48.1560
20260729-191757,headroom_b128_block1_depth0_forced_s3a_random,forced_s3a_random,prefix,sift,1216,3142849,756,49700021,15.8137,0.3783,0,0,0,0,0.0,0,0,0,0,0,0,0,0,128,1,0,forced:s3a_random,38.2740
20260729-191757,headroom_b128_block1_depth0_forced_s3a_random,forced_s3a_random,prefix,emb_real,1216,969764,25,1759614,1.8145,0.9794,0,0,0,0,0.0,0,0,0,0,0,0,0,0,128,1,0,forced:s3a_random,1.2668
20260729-191814,headroom_b128_block1_depth0_forced_template_locality,forced_template_locality,all,,11189,2588051441,5996,2782542610,1.0751,0.4641,0,0,0,6888162876,1089111.9,153399,2835240,10710814,0,0,0,0,0,128,1,0,forced:template_locality,326.3364
20260729-191814,headroom_b128_block1_depth0_forced_template_locality,forced_template_locality,prefix,tpch,1309,295968743,580,154582423,0.5223,0.5569,0,0,0,0,0.0,0,0,0,0,0,0,0,0,128,1,0,forced:template_locality,30.4742
20260729-191814,headroom_b128_block1_depth0_forced_template_locality,forced_template_locality,prefix,taxi,659,1064016617,634,1099976705,1.0338,0.0379,0,0,0,0,0.0,0,0,0,0,0,0,0,0,128,1,0,forced:template_locality,42.1902
20260729-191814,headroom_b128_block1_depth0_forced_template_locality,forced_template_locality,prefix,lastfm,1216,1867138,21,3910049,2.0941,0.9827,0,0,0,0,0.0,0,0,0,0,0,0,0,0,128,1,0,forced:template_locality,1.0873
20260729-191814,headroom_b128_block1_depth0_forced_template_locality,forced_template_locality,prefix,mm,2785,569189337,1883,635477021,1.1165,0.3239,0,0,0,0,0.0,0,0,0,0,0,0,0,0,128,1,0,forced:template_locality,100.2104
20260729-191814,headroom_b128_block1_depth0_forced_template_locality,forced_template_locality,prefix,clickbench,1572,646756165,1352,711186480,1.0996,0.1399,0,0,0,0,0.0,0,0,0,0,0,0,0,0,128,1,0,forced:template_locality,74.3824
20260729-191814,headroom_b128_block1_depth0_forced_template_locality,forced_template_locality,prefix,fmnist,1216,6140828,841,110116045,17.9318,0.3084,0,0,0,0,0.0,0,0,0,0,0,0,0,0,128,1,0,forced:template_locality,43.1001
20260729-191814,headroom_b128_block1_depth0_forced_template_locality,forced_template_locality,prefix,sift,1216,3142849,678,66124097,21.0395,0.4424,0,0,0,0,0.0,0,0,0,0,0,0,0,0,128,1,0,forced:template_locality,34.5306
20260729-191814,headroom_b128_block1_depth0_forced_template_locality,forced_template_locality,prefix,emb_real,1216,969764,7,1169790,1.2063,0.9942,0,0,0,0,0.0,0,0,0,0,0,0,0,0,128,1,0,forced:template_locality,0.3612
20260729-191841,headroom_b128_block1_depth0_forced_s3a_prefetch,forced_s3a_prefetch,all,,11189,2588051441,5304,6886706422,2.6610,0.5260,0,0,0,16270945662,1917327.3,25909,3834362,10966636,0,0,0,0,0,128,1,0,forced:s3a_prefetch,330.8768
20260729-191841,headroom_b128_block1_depth0_forced_s3a_prefetch,forced_s3a_prefetch,prefix,tpch,1309,295968743,628,681389704,2.3022,0.5202,0,0,0,0,0.0,0,0,0,0,0,0,0,0,128,1,0,forced:s3a_prefetch,37.8982
20260729-191841,headroom_b128_block1_depth0_forced_s3a_prefetch,forced_s3a_prefetch,prefix,taxi,659,1064016617,628,1492627517,1.4028,0.0470,0,0,0,0,0.0,0,0,0,0,0,0,0,0,128,1,0,forced:s3a_prefetch,45.6348
20260729-191841,headroom_b128_block1_depth0_forced_s3a_prefetch,forced_s3a_prefetch,prefix,lastfm,1216,1867138,3,3198959,1.7133,0.9975,0,0,0,0,0.0,0,0,0,0,0,0,0,0,128,1,0,forced:s3a_prefetch,0.1805
20260729-191841,headroom_b128_block1_depth0_forced_s3a_prefetch,forced_s3a_prefetch,prefix,mm,2785,569189337,1702,1902654035,3.3427,0.3889,0,0,0,0,0.0,0,0,0,0,0,0,0,0,128,1,0,forced:s3a_prefetch,103.2451
20260729-191841,headroom_b128_block1_depth0_forced_s3a_prefetch,forced_s3a_prefetch,prefix,clickbench,1572,646756165,1522,1950276517,3.0155,0.0318,0,0,0,0,0.0,0,0,0,0,0,0,0,0,128,1,0,forced:s3a_prefetch,94.6993
20260729-191841,headroom_b128_block1_depth0_forced_s3a_prefetch,forced_s3a_prefetch,prefix,fmnist,1216,6140828,386,402748965,65.5854,0.6826,0,0,0,0,0.0,0,0,0,0,0,0,0,0,128,1,0,forced:s3a_prefetch,23.1409
20260729-191841,headroom_b128_block1_depth0_forced_s3a_prefetch,forced_s3a_prefetch,prefix,sift,1216,3142849,434,452864660,144.0937,0.6431,0,0,0,0,0.0,0,0,0,0,0,0,0,0,128,1,0,forced:s3a_prefetch,26.0189
20260729-191841,headroom_b128_block1_depth0_forced_s3a_prefetch,forced_s3a_prefetch,prefix,emb_real,1216,969764,1,946065,0.9756,0.9992,0,0,0,0,0.0,0,0,0,0,0,0,0,0,128,1,0,forced:s3a_prefetch,0.0590
20260729-191857,headroom_b128_block1_depth0_forced_template_multimodal,forced_template_multimodal,all,,11189,2588051441,6248,2437913341,0.9420,0.4416,0,0,0,6100833960,1010306.4,154662,2662625,10255988,0,0,0,0,0,128,1,0,forced:template_multimodal,335.6498
20260729-191857,headroom_b128_block1_depth0_forced_template_multimodal,forced_template_multimodal,prefix,tpch,1309,295968743,655,121192773,0.4095,0.4996,0,0,0,0,0.0,0,0,0,0,0,0,0,0,128,1,0,forced:template_multimodal,33.9058
20260729-191857,headroom_b128_block1_depth0_forced_template_multimodal,forced_template_multimodal,prefix,taxi,659,1064016617,622,1018688988,0.9574,0.0561,0,0,0,0,0.0,0,0,0,0,0,0,0,0,128,1,0,forced:template_multimodal,40.8150
20260729-191857,headroom_b128_block1_depth0_forced_template_multimodal,forced_template_multimodal,prefix,lastfm,1216,1867138,42,3320225,1.7782,0.9655,0,0,0,0,0.0,0,0,0,0,0,0,0,0,128,1,0,forced:template_multimodal,2.1317
20260729-191857,headroom_b128_block1_depth0_forced_template_multimodal,forced_template_multimodal,prefix,mm,2785,569189337,1899,506631363,0.8901,0.3181,0,0,0,0,0.0,0,0,0,0,0,0,0,0,128,1,0,forced:template_multimodal,99.7816
20260729-191857,headroom_b128_block1_depth0_forced_template_multimodal,forced_template_multimodal,prefix,clickbench,1572,646756165,1358,671919051,1.0389,0.1361,0,0,0,0,0.0,0,0,0,0,0,0,0,0,128,1,0,forced:template_multimodal,74.3079
20260729-191857,headroom_b128_block1_depth0_forced_template_multimodal,forced_template_multimodal,prefix,fmnist,1216,6140828,936,66725232,10.8658,0.2303,0,0,0,0,0.0,0,0,0,0,0,0,0,0,128,1,0,forced:template_multimodal,47.4363
20260729-191857,headroom_b128_block1_depth0_forced_template_multimodal,forced_template_multimodal,prefix,sift,1216,3142849,722,48396991,15.3991,0.4063,0,0,0,0,0.0,0,0,0,0,0,0,0,0,128,1,0,forced:template_multimodal,36.5615
20260729-191857,headroom_b128_block1_depth0_forced_template_multimodal,forced_template_multimodal,prefix,emb_real,1216,969764,14,1038718,1.0711,0.9885,0,0,0,0,0.0,0,0,0,0,0,0,0,0,128,1,0,forced:template_multimodal,0.7099
20260729-191915,headroom_b128_block1_depth0_template_auto,template_auto,all,,11189,2588051441,5860,3184814701,1.2306,0.4763,3400,0,0,7717800420,1157124.0,151586,2744989,10267628,0,0,0,0,0,128,1,0,selector:template_auto,323.3728
20260729-191915,headroom_b128_block1_depth0_template_auto,template_auto,prefix,tpch,1309,295968743,484,224629141,0.7590,0.6303,610,0,0,0,0.0,0,0,0,0,0,0,0,0,128,1,0,selector:template_auto,26.3422
20260729-191915,headroom_b128_block1_depth0_template_auto,template_auto,prefix,taxi,659,1064016617,640,1237236093,1.1628,0.0288,282,0,0,0,0.0,0,0,0,0,0,0,0,0,128,1,0,selector:template_auto,43.7992
20260729-191915,headroom_b128_block1_depth0_template_auto,template_auto,prefix,lastfm,1216,1867138,21,3985391,2.1345,0.9827,21,0,0,0,0.0,0,0,0,0,0,0,0,0,128,1,0,selector:template_auto,1.0880
20260729-191915,headroom_b128_block1_depth0_template_auto,template_auto,prefix,mm,2785,569189337,1777,787708686,1.3839,0.3619,1069,0,0,0,0.0,0,0,0,0,0,0,0,0,128,1,0,selector:template_auto,96.3622
20260729-191915,headroom_b128_block1_depth0_template_auto,template_auto,prefix,clickbench,1572,646756165,1321,792863427,1.2259,0.1597,560,0,0,0,0.0,0,0,0,0,0,0,0,0,128,1,0,selector:template_auto,73.6113
20260729-191915,headroom_b128_block1_depth0_template_auto,template_auto,prefix,fmnist,1216,6140828,917,82266301,13.3966,0.2459,516,0,0,0,0.0,0,0,0,0,0,0,0,0,128,1,0,selector:template_auto,46.6346
20260729-191915,headroom_b128_block1_depth0_template_auto,template_auto,prefix,sift,1216,3142849,699,55179597,17.5572,0.4252,335,0,0,0,0.0,0,0,0,0,0,0,0,0,128,1,0,selector:template_auto,35.4762
20260729-191915,headroom_b128_block1_depth0_template_auto,template_auto,prefix,emb_real,1216,969764,1,946065,0.9756,0.9992,7,0,0,0,0.0,0,0,0,0,0,0,0,0,128,1,0,selector:template_auto,0.0590
20260729-191932,headroom_b128_block1_depth0_decision_tree,decision_tree,all,,11189,2588051441,5595,2882184918,1.1137,0.5000,68,0,0,7175146873,1110301.5,111761,2734841,10599685,0,0,0,0,0,128,1,0,selector:decision_tree,307.2367
20260729-191932,headroom_b128_block1_depth0_decision_tree,decision_tree,prefix,tpch,1309,295968743,605,123161773,0.4161,0.5378,7,0,0,0,0.0,0,0,0,0,0,0,0,0,128,1,0,selector:decision_tree,31.4246
20260729-191932,headroom_b128_block1_depth0_decision_tree,decision_tree,prefix,taxi,659,1064016617,626,1108025771,1.0414,0.0501,19,0,0,0,0.0,0,0,0,0,0,0,0,0,128,1,0,selector:decision_tree,41.8670
20260729-191932,headroom_b128_block1_depth0_decision_tree,decision_tree,prefix,lastfm,1216,1867138,10,3657711,1.9590,0.9918,2,0,0,0,0.0,0,0,0,0,0,0,0,0,128,1,0,selector:decision_tree,0.5349
20260729-191932,headroom_b128_block1_depth0_decision_tree,decision_tree,prefix,mm,2785,569189337,1900,506820730,0.8904,0.3178,13,0,0,0,0.0,0,0,0,0,0,0,0,0,128,1,0,selector:decision_tree,99.8334
20260729-191932,headroom_b128_block1_depth0_decision_tree,decision_tree,prefix,clickbench,1572,646756165,1358,672637033,1.0400,0.1361,18,0,0,0,0.0,0,0,0,0,0,0,0,0,128,1,0,selector:decision_tree,74.3148
20260729-191932,headroom_b128_block1_depth0_decision_tree,decision_tree,prefix,fmnist,1216,6140828,401,399747197,65.0966,0.6702,4,0,0,0,0.0,0,0,0,0,0,0,0,0,128,1,0,selector:decision_tree,23.8623
20260729-191932,headroom_b128_block1_depth0_decision_tree,decision_tree,prefix,sift,1216,3142849,684,66412064,21.1312,0.4375,3,0,0,0,0.0,0,0,0,0,0,0,0,0,128,1,0,selector:decision_tree,34.8334
20260729-191932,headroom_b128_block1_depth0_decision_tree,decision_tree,prefix,emb_real,1216,969764,11,1722639,1.7763,0.9910,2,0,0,0,0.0,0,0,0,0,0,0,0,0,128,1,0,selector:decision_tree,0.5664
20260729-191949,headroom_b128_block1_depth0_oracle_bytes,oracle_perworkload,all,,11189,2588051441,6211,2434515515,0.9407,0.4449,0,0,0,6465410788,1048560.7,153880,2765368,10561704,0,0,0,0,0,128,1,0,oracle_perworkload:bytes,333.7673
20260729-191949,headroom_b128_block1_depth0_oracle_bytes,oracle_perworkload,prefix,tpch,1309,295968743,655,121192773,0.4095,0.4996,0,0,0,0,0.0,0,0,0,0,0,0,0,0,128,1,0,oracle_perworkload:bytes,33.9058
20260729-191949,headroom_b128_block1_depth0_oracle_bytes,oracle_perworkload,prefix,taxi,659,1064016617,622,1018688988,0.9574,0.0561,0,0,0,0,0.0,0,0,0,0,0,0,0,0,128,1,0,oracle_perworkload:bytes,40.8150
20260729-191949,headroom_b128_block1_depth0_oracle_bytes,oracle_perworkload,prefix,lastfm,1216,1867138,3,3198959,1.7133,0.9975,0,0,0,0,0.0,0,0,0,0,0,0,0,0,128,1,0,oracle_perworkload:bytes,0.1805
20260729-191949,headroom_b128_block1_depth0_oracle_bytes,oracle_perworkload,prefix,mm,2785,569189337,1899,506631363,0.8901,0.3181,0,0,0,0,0.0,0,0,0,0,0,0,0,0,128,1,0,oracle_perworkload:bytes,99.7816
20260729-191949,headroom_b128_block1_depth0_oracle_bytes,oracle_perworkload,prefix,clickbench,1572,646756165,1358,671919051,1.0389,0.1361,0,0,0,0,0.0,0,0,0,0,0,0,0,0,128,1,0,oracle_perworkload:bytes,74.3079
20260729-191949,headroom_b128_block1_depth0_oracle_bytes,oracle_perworkload,prefix,fmnist,1216,6140828,951,63541325,10.3474,0.2179,0,0,0,0,0.0,0,0,0,0,0,0,0,0,128,1,0,oracle_perworkload:bytes,48.1560
20260729-191949,headroom_b128_block1_depth0_oracle_bytes,oracle_perworkload,prefix,sift,1216,3142849,722,48396991,15.3991,0.4063,0,0,0,0,0.0,0,0,0,0,0,0,0,0,128,1,0,oracle_perworkload:bytes,36.5615
20260729-191949,headroom_b128_block1_depth0_oracle_bytes,oracle_perworkload,prefix,emb_real,1216,969764,1,946065,0.9756,0.9992,0,0,0,0,0.0,0,0,0,0,0,0,0,0,128,1,0,oracle_perworkload:bytes,0.0590
20260729-192008,headroom_b128_block1_depth0_oracle_cost,oracle_perworkload,all,,11189,2588051441,5283,3211580474,1.2409,0.5278,0,0,0,8945078940,1263225.2,29094,2946450,12334602,0,0,0,0,0,128,1,0,oracle_perworkload:cost,294.7780
20260729-192008,headroom_b128_block1_depth0_oracle_cost,oracle_perworkload,prefix,tpch,1309,295968743,580,154582423,0.5223,0.5569,0,0,0,0,0.0,0,0,0,0,0,0,0,0,128,1,0,oracle_perworkload:cost,30.4742
20260729-192008,headroom_b128_block1_depth0_oracle_cost,oracle_perworkload,prefix,taxi,659,1064016617,622,1018688988,0.9574,0.0561,0,0,0,0,0.0,0,0,0,0,0,0,0,0,128,1,0,oracle_perworkload:cost,40.8150
20260729-192008,headroom_b128_block1_depth0_oracle_cost,oracle_perworkload,prefix,lastfm,1216,1867138,3,3198959,1.7133,0.9975,0,0,0,0,0.0,0,0,0,0,0,0,0,0,128,1,0,oracle_perworkload:cost,0.1805
20260729-192008,headroom_b128_block1_depth0_oracle_cost,oracle_perworkload,prefix,mm,2785,569189337,1899,506631363,0.8901,0.3181,0,0,0,0,0.0,0,0,0,0,0,0,0,0,128,1,0,oracle_perworkload:cost,99.7816
20260729-192008,headroom_b128_block1_depth0_oracle_cost,oracle_perworkload,prefix,clickbench,1572,646756165,1358,671919051,1.0389,0.1361,0,0,0,0,0.0,0,0,0,0,0,0,0,0,128,1,0,oracle_perworkload:cost,74.3079
20260729-192008,headroom_b128_block1_depth0_oracle_cost,oracle_perworkload,prefix,fmnist,1216,6140828,386,402748965,65.5854,0.6826,0,0,0,0,0.0,0,0,0,0,0,0,0,0,128,1,0,oracle_perworkload:cost,23.1409
20260729-192008,headroom_b128_block1_depth0_oracle_cost,oracle_perworkload,prefix,sift,1216,3142849,434,452864660,144.0937,0.6431,0,0,0,0,0.0,0,0,0,0,0,0,0,0,128,1,0,oracle_perworkload:cost,26.0189
20260729-192008,headroom_b128_block1_depth0_oracle_cost,oracle_perworkload,prefix,emb_real,1216,969764,1,946065,0.9756,0.9992,0,0,0,0,0.0,0,0,0,0,0,0,0,0,128,1,0,oracle_perworkload:cost,0.0590
20260729-192027,headroom_b128_block1_depth1_forced_template_locality,forced_template_locality,all,,11189,2588051441,7595,3253885398,1.2573,0.4706,0,0,0,9058584133,1278213.8,189166,3109127,12587418,1671,437739709,25946770,413797177,0,128,1,1,forced:template_locality,410.7815
20260729-192027,headroom_b128_block1_depth1_forced_template_locality,forced_template_locality,prefix,tpch,1309,295968743,877,255571279,0.8635,0.5027,0,0,0,0,0.0,0,0,0,226,59244544,6159767,53084777,0,128,1,1,forced:template_locality,46.2873
20260729-192027,headroom_b128_block1_depth1_forced_template_locality,forced_template_locality,prefix,taxi,659,1064016617,842,1154502657,1.0850,0.0379,0,0,0,0,0.0,0,0,0,208,54525952,8883838,47646352,0,128,1,1,forced:template_locality,53.1102
20260729-192027,headroom_b128_block1_depth1_forced_template_locality,forced_template_locality,prefix,lastfm,1216,1867138,18,3713441,1.9888,0.9901,0,0,0,0,0.0,0,0,0,6,1572864,283126,1289738,0,128,1,1,forced:template_locality,0.9354
20260729-192027,headroom_b128_block1_depth1_forced_template_locality,forced_template_locality,prefix,mm,2785,569189337,2482,800609176,1.4066,0.3110,0,0,0,0,0.0,0,0,0,563,147587072,8438404,139148668,0,128,1,1,forced:template_locality,131.7352
20260729-192027,headroom_b128_block1_depth1_forced_template_locality,forced_template_locality,prefix,clickbench,1572,646756165,1638,786159664,1.2155,0.1406,0,0,0,0,0.0,0,0,0,287,75235328,190435,75044893,0,128,1,1,forced:template_locality,89.3974
20260729-192027,headroom_b128_block1_depth1_forced_template_locality,forced_template_locality,prefix,fmnist,1216,6140828,965,158153933,25.7545,0.4153,0,0,0,0,0.0,0,0,0,254,66584576,580200,66004376,0,128,1,1,forced:template_locality,49.7583
20260729-192027,headroom_b128_block1_depth1_forced_template_locality,forced_template_locality,prefix,sift,1216,3142849,766,93911361,29.8810,0.4720,0,0,0,0,0.0,0,0,0,124,32305452,1108240,31197212,0,128,1,1,forced:template_locality,39.1956
20260729-192027,headroom_b128_block1_depth1_forced_template_locality,forced_template_locality,prefix,emb_real,1216,969764,7,1263887,1.3033,0.9967,0,0,0,0,0.0,0,0,0,3,683921,302760,381161,0,128,1,1,forced:template_locality,0.3621
20260729-192104,headroom_b128_block1_depth1_forced_s3a_prefetch,forced_s3a_prefetch,all,,11189,2588051441,9552,11348987923,4.3851,0.5337,0,0,0,26612007823,2843301.7,2347401,5767311,11210956,4335,4545382525,169250798,4376131727,0,128,1,1,forced:s3a_prefetch,585.8324
20260729-192104,headroom_b128_block1_depth1_forced_s3a_prefetch,forced_s3a_prefetch,prefix,tpch,1309,295968743,1160,1243235555,4.2006,0.4843,0,0,0,0,0.0,0,0,0,485,508364925,64993671,443371254,0,128,1,1,forced:s3a_prefetch,69.8564
20260729-192104,headroom_b128_block1_depth1_forced_s3a_prefetch,forced_s3a_prefetch,prefix,taxi,659,1064016617,907,1790387621,1.6827,0.1047,0,0,0,0,0.0,0,0,0,317,332398592,12529267,319869325,0,128,1,1,forced:s3a_prefetch,62.4245
20260729-192104,headroom_b128_block1_depth1_forced_s3a_prefetch,forced_s3a_prefetch,prefix,lastfm,1216,1867138,3,3198959,1.7133,0.9984,0,0,0,0,0.0,0,0,0,1,1048576,203840,844736,0,128,1,1,forced:s3a_prefetch,0.1805
20260729-192104,headroom_b128_block1_depth1_forced_s3a_prefetch,forced_s3a_prefetch,prefix,mm,2785,569189337,3275,3552654665,6.2416,0.3961,0,0,0,0,0.0,0,0,0,1593,1670381568,74743754,1595637814,0,128,1,1,forced:s3a_prefetch,197.6308
20260729-192104,headroom_b128_block1_depth1_forced_s3a_prefetch,forced_s3a_prefetch,prefix,clickbench,1572,646756165,2767,3255753637,5.0340,0.0655,0,0,0,0,0.0,0,0,0,1298,1361051648,15035242,1346016406,0,128,1,1,forced:s3a_prefetch,169.3993
20260729-192104,headroom_b128_block1_depth1_forced_s3a_prefetch,forced_s3a_prefetch,prefix,fmnist,1216,6140828,669,698087773,113.6797,0.6875,0,0,0,0,0.0,0,0,0,289,303038464,1571136,301467328,0,128,1,1,forced:s3a_prefetch,40.1075
20260729-192104,headroom_b128_block1_depth1_forced_s3a_prefetch,forced_s3a_prefetch,prefix,sift,1216,3142849,770,804723648,256.0491,0.6563,0,0,0,0,0.0,0,0,0,352,369098752,173888,368924864,0,128,1,1,forced:s3a_prefetch,46.1744
20260729-192104,headroom_b128_block1_depth1_forced_s3a_prefetch,forced_s3a_prefetch,prefix,emb_real,1216,969764,1,946065,0.9756,0.9992,0,0,0,0,0.0,0,0,0,0,0,0,0,0,128,1,1,forced:s3a_prefetch,0.0590
20260729-191757,headroom_b128_block1_depth0_forced_s3a_random,forced_s3a_random,all,,11189,2588051441,6331,2447110144,0.9455,0.4342,0,0,0,6208371938,1019154.2,169820,2725373,10227965,0,0,0,0,0,128,1,1,forced:s3a_random,339.8875
20260729-191757,headroom_b128_block1_depth0_forced_s3a_random,forced_s3a_random,prefix,tpch,1309,295968743,605,122729226,0.4147,0.5378,0,0,0,0,0.0,0,0,0,0,0,0,0,0,128,1,1,forced:s3a_random,31.4204
20260729-191757,headroom_b128_block1_depth0_forced_s3a_random,forced_s3a_random,prefix,taxi,659,1064016617,622,1019168751,0.9579,0.0561,0,0,0,0,0.0,0,0,0,0,0,0,0,0,128,1,1,forced:s3a_random,40.8196
20260729-191757,headroom_b128_block1_depth0_forced_s3a_random,forced_s3a_random,prefix,lastfm,1216,1867138,75,5482913,2.9365,0.9383,0,0,0,0,0.0,0,0,0,0,0,0,0,0,128,1,1,forced:s3a_random,3.8023
20260729-191757,headroom_b128_block1_depth0_forced_s3a_random,forced_s3a_random,prefix,mm,2785,569189337,1939,511904306,0.8994,0.3038,0,0,0,0,0.0,0,0,0,0,0,0,0,0,128,1,1,forced:s3a_random,101.8319
20260729-191757,headroom_b128_block1_depth0_forced_s3a_random,forced_s3a_random,prefix,clickbench,1572,646756165,1358,672823988,1.0403,0.1361,0,0,0,0,0.0,0,0,0,0,0,0,0,0,128,1,1,forced:s3a_random,74.3165
20260729-191757,headroom_b128_block1_depth0_forced_s3a_random,forced_s3a_random,prefix,fmnist,1216,6140828,951,63541325,10.3474,0.2179,0,0,0,0,0.0,0,0,0,0,0,0,0,0,128,1,1,forced:s3a_random,48.1560
20260729-191757,headroom_b128_block1_depth0_forced_s3a_random,forced_s3a_random,prefix,sift,1216,3142849,756,49700021,15.8137,0.3783,0,0,0,0,0.0,0,0,0,0,0,0,0,0,128,1,1,forced:s3a_random,38.2740
20260729-191757,headroom_b128_block1_depth0_forced_s3a_random,forced_s3a_random,prefix,emb_real,1216,969764,25,1759614,1.8145,0.9794,0,0,0,0,0.0,0,0,0,0,0,0,0,0,128,1,1,forced:s3a_random,1.2668
20260729-191857,headroom_b128_block1_depth0_forced_template_multimodal,forced_template_multimodal,all,,11189,2588051441,6248,2437913341,0.9420,0.4416,0,0,0,6100833960,1010306.4,154662,2662625,10255988,0,0,0,0,0,128,1,1,forced:template_multimodal,335.6498
20260729-191857,headroom_b128_block1_depth0_forced_template_multimodal,forced_template_multimodal,prefix,tpch,1309,295968743,655,121192773,0.4095,0.4996,0,0,0,0,0.0,0,0,0,0,0,0,0,0,128,1,1,forced:template_multimodal,33.9058
20260729-191857,headroom_b128_block1_depth0_forced_template_multimodal,forced_template_multimodal,prefix,taxi,659,1064016617,622,1018688988,0.9574,0.0561,0,0,0,0,0.0,0,0,0,0,0,0,0,0,128,1,1,forced:template_multimodal,40.8150
20260729-191857,headroom_b128_block1_depth0_forced_template_multimodal,forced_template_multimodal,prefix,lastfm,1216,1867138,42,3320225,1.7782,0.9655,0,0,0,0,0.0,0,0,0,0,0,0,0,0,128,1,1,forced:template_multimodal,2.1317
20260729-191857,headroom_b128_block1_depth0_forced_template_multimodal,forced_template_multimodal,prefix,mm,2785,569189337,1899,506631363,0.8901,0.3181,0,0,0,0,0.0,0,0,0,0,0,0,0,0,128,1,1,forced:template_multimodal,99.7816
20260729-191857,headroom_b128_block1_depth0_forced_template_multimodal,forced_template_multimodal,prefix,clickbench,1572,646756165,1358,671919051,1.0389,0.1361,0,0,0,0,0.0,0,0,0,0,0,0,0,0,128,1,1,forced:template_multimodal,74.3079
20260729-191857,headroom_b128_block1_depth0_forced_template_multimodal,forced_template_multimodal,prefix,fmnist,1216,6140828,936,66725232,10.8658,0.2303,0,0,0,0,0.0,0,0,0,0,0,0,0,0,128,1,1,forced:template_multimodal,47.4363
20260729-191857,headroom_b128_block1_depth0_forced_template_multimodal,forced_template_multimodal,prefix,sift,1216,3142849,722,48396991,15.3991,0.4063,0,0,0,0,0.0,0,0,0,0,0,0,0,0,128,1,1,forced:template_multimodal,36.5615
20260729-191857,headroom_b128_block1_depth0_forced_template_multimodal,forced_template_multimodal,prefix,emb_real,1216,969764,14,1038718,1.0711,0.9885,0,0,0,0,0.0,0,0,0,0,0,0,0,0,128,1,1,forced:template_multimodal,0.7099
20260729-192125,headroom_b128_block1_depth1_template_auto,template_auto,all,,11189,2588051441,7136,4240253962,1.6384,0.4592,3400,0,0,10273697766,1388295.3,167234,4858712,10416098,1085,933972482,61664445,872308037,0,128,1,1,selector:template_auto,397.2382
20260729-192125,headroom_b128_block1_depth1_template_auto,template_auto,prefix,tpch,1309,295968743,928,572917253,1.9357,0.4492,610,0,0,0,0.0,0,0,0,207,208558294,26614343,181943951,0,128,1,1,selector:template_auto,51.8638
20260729-192125,headroom_b128_block1_depth1_template_auto,template_auto,prefix,taxi,659,1064016617,851,1453271519,1.3658,0.0303,282,0,0,0,0.0,0,0,0,212,214433792,255688,214178104,0,128,1,1,selector:template_auto,56.4095
20260729-192125,headroom_b128_block1_depth1_template_auto,template_auto,prefix,lastfm,1216,1867138,16,3657711,1.9590,0.9901,21,0,0,0,0.0,0,0,0,4,1048576,194710,853866,0,128,1,1,selector:template_auto,0.8349
20260729-192125,headroom_b128_block1_depth1_template_auto,template_auto,prefix,mm,2785,569189337,2107,1093363254,1.9209,0.3691,1069,0,0,0,0.0,0,0,0,350,319029248,31748037,287281211,0,128,1,1,selector:template_auto,115.7771
20260729-192125,headroom_b128_block1_depth1_template_auto,template_auto,prefix,clickbench,1572,646756165,1510,938019942,1.4503,0.1272,560,0,0,0,0.0,0,0,0,138,143130624,1627131,141503493,0,128,1,1,selector:template_auto,84.4457
20260729-192125,headroom_b128_block1_depth1_template_auto,template_auto,prefix,fmnist,1216,6140828,999,112412861,18.3058,0.2862,516,0,0,0,0.0,0,0,0,131,34340864,238376,34102488,0,128,1,1,selector:template_auto,51.0221
20260729-192125,headroom_b128_block1_depth1_template_auto,template_auto,prefix,sift,1216,3142849,724,65665357,20.8936,0.4400,335,0,0,0,0.0,0,0,0,43,13431084,986160,12444924,0,128,1,1,selector:template_auto,36.8262
20260729-192125,headroom_b128_block1_depth1_template_auto,template_auto,prefix,emb_real,1216,969764,1,946065,0.9756,0.9992,7,0,0,0,0.0,0,0,0,0,0,0,0,0,128,1,1,selector:template_auto,0.0590
20260729-192144,headroom_b128_block1_depth1_decision_tree,decision_tree,all,,11189,2588051441,6171,3278526435,1.2668,0.5029,68,0,0,9086040090,1279691.2,163389,4322681,12768189,609,401080320,5663723,395416597,0,128,1,1,selector:decision_tree,339.8165
20260729-192144,headroom_b128_block1_depth1_decision_tree,decision_tree,prefix,tpch,1309,295968743,605,123161773,0.4161,0.5378,7,0,0,0,0.0,0,0,0,0,0,0,0,0,128,1,1,selector:decision_tree,31.4246
20260729-192144,headroom_b128_block1_depth1_decision_tree,decision_tree,prefix,taxi,659,1064016617,835,1182606824,1.1115,0.0440,19,0,0,0,0.0,0,0,0,205,67895296,3084635,64810661,0,128,1,1,selector:decision_tree,53.0282
20260729-192144,headroom_b128_block1_depth1_decision_tree,decision_tree,prefix,lastfm,1216,1867138,10,3657711,1.9590,0.9918,2,0,0,0,0.0,0,0,0,0,0,0,0,0,128,1,1,selector:decision_tree,0.5349
20260729-192144,headroom_b128_block1_depth1_decision_tree,decision_tree,prefix,mm,2785,569189337,1901,507082874,0.8909,0.3178,13,0,0,0,0.0,0,0,0,1,262144,0,262144,0,128,1,1,selector:decision_tree,99.8859
20260729-192144,headroom_b128_block1_depth1_decision_tree,decision_tree,prefix,clickbench,1572,646756165,1358,672637033,1.0400,0.1361,18,0,0,0,0.0,0,0,0,0,0,0,0,0,128,1,1,selector:decision_tree,74.3148
20260729-192144,headroom_b128_block1_depth1_decision_tree,decision_tree,prefix,fmnist,1216,6140828,684,695555405,113.2674,0.6752,4,0,0,0,0.0,0,0,0,289,303038464,1571136,301467328,0,128,1,1,selector:decision_tree,40.8333
20260729-192144,headroom_b128_block1_depth1_decision_tree,decision_tree,prefix,sift,1216,3142849,767,92102176,29.3053,0.4630,3,0,0,0,0.0,0,0,0,114,29884416,1007952,28876464,0,128,1,1,selector:decision_tree,39.2284
20260729-192144,headroom_b128_block1_depth1_decision_tree,decision_tree,prefix,emb_real,1216,969764,11,1722639,1.7763,0.9910,2,0,0,0,0.0,0,0,0,0,0,0,0,0,128,1,1,selector:decision_tree,0.5664
20260729-192201,headroom_b128_block1_depth1_oracle_bytes,oracle_perworkload,all,,11189,2588051441,6211,2434515515,0.9407,0.4450,0,0,0,6276831289,1034664.0,159991,2743167,10386673,1,1048576,203840,844736,0,128,1,1,oracle_perworkload:bytes,333.7673
20260729-192201,headroom_b128_block1_depth1_oracle_bytes,oracle_perworkload,prefix,tpch,1309,295968743,655,121192773,0.4095,0.4996,0,0,0,0,0.0,0,0,0,0,0,0,0,0,128,1,1,oracle_perworkload:bytes,33.9058
20260729-192201,headroom_b128_block1_depth1_oracle_bytes,oracle_perworkload,prefix,taxi,659,1064016617,622,1018688988,0.9574,0.0561,0,0,0,0,0.0,0,0,0,0,0,0,0,0,128,1,1,oracle_perworkload:bytes,40.8150
20260729-192201,headroom_b128_block1_depth1_oracle_bytes,oracle_perworkload,prefix,lastfm,1216,1867138,3,3198959,1.7133,0.9984,0,0,0,0,0.0,0,0,0,1,1048576,203840,844736,0,128,1,1,oracle_perworkload:bytes,0.1805
20260729-192201,headroom_b128_block1_depth1_oracle_bytes,oracle_perworkload,prefix,mm,2785,569189337,1899,506631363,0.8901,0.3181,0,0,0,0,0.0,0,0,0,0,0,0,0,0,128,1,1,oracle_perworkload:bytes,99.7816
20260729-192201,headroom_b128_block1_depth1_oracle_bytes,oracle_perworkload,prefix,clickbench,1572,646756165,1358,671919051,1.0389,0.1361,0,0,0,0,0.0,0,0,0,0,0,0,0,0,128,1,1,oracle_perworkload:bytes,74.3079
20260729-192201,headroom_b128_block1_depth1_oracle_bytes,oracle_perworkload,prefix,fmnist,1216,6140828,951,63541325,10.3474,0.2179,0,0,0,0,0.0,0,0,0,0,0,0,0,0,128,1,1,oracle_perworkload:bytes,48.1560
20260729-192201,headroom_b128_block1_depth1_oracle_bytes,oracle_perworkload,prefix,sift,1216,3142849,722,48396991,15.3991,0.4063,0,0,0,0,0.0,0,0,0,0,0,0,0,0,128,1,1,oracle_perworkload:bytes,36.5615
20260729-192201,headroom_b128_block1_depth1_oracle_bytes,oracle_perworkload,prefix,emb_real,1216,969764,1,946065,0.9756,0.9992,0,0,0,0,0.0,0,0,0,0,0,0,0,0,128,1,1,oracle_perworkload:bytes,0.0590
20260729-192218,headroom_b128_block1_depth1_oracle_cost,oracle_perworkload,all,,11189,2588051441,5879,3070598416,1.1865,0.5005,0,0,0,7532208500,1144342.6,115086,3475646,10389418,290,304087040,1774976,302312064,0,128,1,1,oracle_perworkload:cost,323.2335
20260729-192218,headroom_b128_block1_depth1_oracle_cost,oracle_perworkload,prefix,tpch,1309,295968743,605,122729226,0.4147,0.5378,0,0,0,0,0.0,0,0,0,0,0,0,0,0,128,1,1,oracle_perworkload:cost,31.4204
20260729-192218,headroom_b128_block1_depth1_oracle_cost,oracle_perworkload,prefix,taxi,659,1064016617,622,1018688988,0.9574,0.0561,0,0,0,0,0.0,0,0,0,0,0,0,0,0,128,1,1,oracle_perworkload:cost,40.8150
20260729-192218,headroom_b128_block1_depth1_oracle_cost,oracle_perworkload,prefix,lastfm,1216,1867138,3,3198959,1.7133,0.9984,0,0,0,0,0.0,0,0,0,1,1048576,203840,844736,0,128,1,1,oracle_perworkload:cost,0.1805
20260729-192218,headroom_b128_block1_depth1_oracle_cost,oracle_perworkload,prefix,mm,2785,569189337,1899,506631363,0.8901,0.3181,0,0,0,0,0.0,0,0,0,0,0,0,0,0,128,1,1,oracle_perworkload:cost,99.7816
20260729-192218,headroom_b128_block1_depth1_oracle_cost,oracle_perworkload,prefix,clickbench,1572,646756165,1358,671919051,1.0389,0.1361,0,0,0,0,0.0,0,0,0,0,0,0,0,0,128,1,1,oracle_perworkload:cost,74.3079
20260729-192218,headroom_b128_block1_depth1_oracle_cost,oracle_perworkload,prefix,fmnist,1216,6140828,669,698087773,113.6797,0.6875,0,0,0,0,0.0,0,0,0,289,303038464,1571136,301467328,0,128,1,1,oracle_perworkload:cost,40.1075
20260729-192218,headroom_b128_block1_depth1_oracle_cost,oracle_perworkload,prefix,sift,1216,3142849,722,48396991,15.3991,0.4063,0,0,0,0,0.0,0,0,0,0,0,0,0,0,128,1,1,oracle_perworkload:cost,36.5615
20260729-192218,headroom_b128_block1_depth1_oracle_cost,oracle_perworkload,prefix,emb_real,1216,969764,1,946065,0.9756,0.9992,0,0,0,0,0.0,0,0,0,0,0,0,0,0,128,1,1,oracle_perworkload:cost,0.0590
20260729-192240,headroom_b128_block4_depth4_forced_template_locality,forced_template_locality,all,,11189,2588051441,13591,4924794723,1.9029,0.4488,0,0,0,11811761897,1524610.9,169880,3549014,10478224,7424,1944952904,50410157,1894542747,0,128,4,4,forced:template_locality,726.5165
20260729-192240,headroom_b128_block4_depth4_forced_template_locality,forced_template_locality,prefix,tpch,1309,295968743,2437,725366142,2.4508,0.3163,0,0,0,0,0.0,0,0,0,1542,403532933,25437688,378095245,0,128,4,4,forced:template_locality,128.7676
20260729-192240,headroom_b128_block4_depth4_forced_template_locality,forced_template_locality,prefix,taxi,659,1064016617,1464,1324856303,1.2451,0.0501,0,0,0,0,0.0,0,0,0,838,219676672,6022798,213653874,0,128,4,4,forced:template_locality,85.8348
20260729-192240,headroom_b128_block4_depth4_forced_template_locality,forced_template_locality,prefix,lastfm,1216,1867138,15,3516833,1.8835,0.9934,0,0,0,0,0.0,0,0,0,7,1835008,330060,1504948,0,128,4,4,forced:template_locality,0.7835
20260729-192240,headroom_b128_block4_depth4_forced_template_locality,forced_template_locality,prefix,mm,2785,569189337,4561,1357488674,2.3850,0.3009,0,0,0,0,0.0,0,0,0,2614,685244416,15343424,669900992,0,128,4,4,forced:template_locality,240.9960
20260729-192240,headroom_b128_block4_depth4_forced_template_locality,forced_template_locality,prefix,clickbench,1572,646756165,2710,1067178032,1.6500,0.0655,0,0,0,0,0.0,0,0,0,1241,325320704,190435,325130269,0,128,4,4,forced:template_locality,145.6774
20260729-192240,headroom_b128_block4_depth4_forced_template_locality,forced_template_locality,prefix,fmnist,1216,6140828,1375,279580627,45.5282,0.5033,0,0,0,0,0.0,0,0,0,771,201904902,1343032,200561870,0,128,4,4,forced:template_locality,71.4163
20260729-192240,headroom_b128_block4_depth4_forced_template_locality,forced_template_locality,prefix,sift,1216,3142849,1022,165544225,52.6733,0.4951,0,0,0,0,0.0,0,0,0,408,106754348,1439960,105314388,0,128,4,4,forced:template_locality,52.6788
20260729-192240,headroom_b128_block4_depth4_forced_template_locality,forced_template_locality,prefix,emb_real,1216,969764,7,1263887,1.3033,0.9967,0,0,0,0,0.0,0,0,0,3,683921,302760,381161,0,128,4,4,forced:template_locality,0.3621
20260729-192604,headroom_b128_block4_depth4_forced_s3a_prefetch,forced_s3a_prefetch,all,,11189,2588051441,16863,70288990769,27.1590,0.6454,0,0,0,193401683494,17745635.5,21391,58054987,60345599,12895,53564992814,666051845,52898940969,0,128,4,4,forced:s3a_prefetch,1513.4781
20260729-192604,headroom_b128_block4_depth4_forced_s3a_prefetch,forced_s3a_prefetch,prefix,tpch,1309,295968743,323,1286828261,4.3479,0.9641,0,0,0,0,0.0,0,0,0,276,1142162290,272163633,869998657,0,128,4,4,forced:s3a_prefetch,28.4222
20260729-192604,headroom_b128_block4_depth4_forced_s3a_prefetch,forced_s3a_prefetch,prefix,taxi,659,1064016617,803,3483767311,3.2742,0.5281,0,0,0,0,0.0,0,0,0,492,1977150305,199204082,1777946223,0,128,4,4,forced:s3a_prefetch,73.3738
20260729-192604,headroom_b128_block4_depth4_forced_s3a_prefetch,forced_s3a_prefetch,prefix,lastfm,1216,1867138,1,3198959,1.7133,0.9992,0,0,0,0,0.0,0,0,0,0,0,0,0,0,128,4,4,forced:s3a_prefetch,0.0805
20260729-192604,headroom_b128_block4_depth4_forced_s3a_prefetch,forced_s3a_prefetch,prefix,mm,2785,569189337,8226,33965982995,59.6743,0.3813,0,0,0,0,0.0,0,0,0,6503,26863340243,117851552,26745488691,0,128,4,4,forced:s3a_prefetch,735.2249
20260729-192604,headroom_b128_block4_depth4_forced_s3a_prefetch,forced_s3a_prefetch,prefix,clickbench,1572,646756165,5838,24586924881,38.0158,0.2462,0,0,0,0,0.0,0,0,0,4653,19516096512,73634722,19442461790,0,128,4,4,forced:s3a_prefetch,526.3792
20260729-192604,headroom_b128_block4_depth4_forced_s3a_prefetch,forced_s3a_prefetch,prefix,fmnist,1216,6140828,599,2496363077,406.5190,0.7089,0,0,0,0,0.0,0,0,0,245,1025726880,2921680,1022805200,0,128,4,4,forced:s3a_prefetch,53.7572
20260729-192604,headroom_b128_block4_depth4_forced_s3a_prefetch,forced_s3a_prefetch,prefix,sift,1216,3142849,1072,4464979220,1420.6789,0.7155,0,0,0,0,0.0,0,0,0,726,3040516584,276176,3040240408,0,128,4,4,forced:s3a_prefetch,96.1814
20260729-192604,headroom_b128_block4_depth4_forced_s3a_prefetch,forced_s3a_prefetch,prefix,emb_real,1216,969764,1,946065,0.9756,0.9992,0,0,0,0,0.0,0,0,0,0,0,0,0,0,128,4,4,forced:s3a_prefetch,0.0590
20260729-191757,headroom_b128_block1_depth0_forced_s3a_random,forced_s3a_random,all,,11189,2588051441,6331,2447110144,0.9455,0.4342,0,0,0,6208371938,1019154.2,169820,2725373,10227965,0,0,0,0,0,128,4,4,forced:s3a_random,339.8875
20260729-191757,headroom_b128_block1_depth0_forced_s3a_random,forced_s3a_random,prefix,tpch,1309,295968743,605,122729226,0.4147,0.5378,0,0,0,0,0.0,0,0,0,0,0,0,0,0,128,4,4,forced:s3a_random,31.4204
20260729-191757,headroom_b128_block1_depth0_forced_s3a_random,forced_s3a_random,prefix,taxi,659,1064016617,622,1019168751,0.9579,0.0561,0,0,0,0,0.0,0,0,0,0,0,0,0,0,128,4,4,forced:s3a_random,40.8196
20260729-191757,headroom_b128_block1_depth0_forced_s3a_random,forced_s3a_random,prefix,lastfm,1216,1867138,75,5482913,2.9365,0.9383,0,0,0,0,0.0,0,0,0,0,0,0,0,0,128,4,4,forced:s3a_random,3.8023
20260729-191757,headroom_b128_block1_depth0_forced_s3a_random,forced_s3a_random,prefix,mm,2785,569189337,1939,511904306,0.8994,0.3038,0,0,0,0,0.0,0,0,0,0,0,0,0,0,128,4,4,forced:s3a_random,101.8319
20260729-191757,headroom_b128_block1_depth0_forced_s3a_random,forced_s3a_random,prefix,clickbench,1572,646756165,1358,672823988,1.0403,0.1361,0,0,0,0,0.0,0,0,0,0,0,0,0,0,128,4,4,forced:s3a_random,74.3165
20260729-191757,headroom_b128_block1_depth0_forced_s3a_random,forced_s3a_random,prefix,fmnist,1216,6140828,951,63541325,10.3474,0.2179,0,0,0,0,0.0,0,0,0,0,0,0,0,0,128,4,4,forced:s3a_random,48.1560
20260729-191757,headroom_b128_block1_depth0_forced_s3a_random,forced_s3a_random,prefix,sift,1216,3142849,756,49700021,15.8137,0.3783,0,0,0,0,0.0,0,0,0,0,0,0,0,0,128,4,4,forced:s3a_random,38.2740
20260729-191757,headroom_b128_block1_depth0_forced_s3a_random,forced_s3a_random,prefix,emb_real,1216,969764,25,1759614,1.8145,0.9794,0,0,0,0,0.0,0,0,0,0,0,0,0,0,128,4,4,forced:s3a_random,1.2668
20260729-191857,headroom_b128_block1_depth0_forced_template_multimodal,forced_template_multimodal,all,,11189,2588051441,6248,2437913341,0.9420,0.4416,0,0,0,6100833960,1010306.4,154662,2662625,10255988,0,0,0,0,0,128,4,4,forced:template_multimodal,335.6498
20260729-191857,headroom_b128_block1_depth0_forced_template_multimodal,forced_template_multimodal,prefix,tpch,1309,295968743,655,121192773,0.4095,0.4996,0,0,0,0,0.0,0,0,0,0,0,0,0,0,128,4,4,forced:template_multimodal,33.9058
20260729-191857,headroom_b128_block1_depth0_forced_template_multimodal,forced_template_multimodal,prefix,taxi,659,1064016617,622,1018688988,0.9574,0.0561,0,0,0,0,0.0,0,0,0,0,0,0,0,0,128,4,4,forced:template_multimodal,40.8150
20260729-191857,headroom_b128_block1_depth0_forced_template_multimodal,forced_template_multimodal,prefix,lastfm,1216,1867138,42,3320225,1.7782,0.9655,0,0,0,0,0.0,0,0,0,0,0,0,0,0,128,4,4,forced:template_multimodal,2.1317
20260729-191857,headroom_b128_block1_depth0_forced_template_multimodal,forced_template_multimodal,prefix,mm,2785,569189337,1899,506631363,0.8901,0.3181,0,0,0,0,0.0,0,0,0,0,0,0,0,0,128,4,4,forced:template_multimodal,99.7816
20260729-191857,headroom_b128_block1_depth0_forced_template_multimodal,forced_template_multimodal,prefix,clickbench,1572,646756165,1358,671919051,1.0389,0.1361,0,0,0,0,0.0,0,0,0,0,0,0,0,0,128,4,4,forced:template_multimodal,74.3079
20260729-191857,headroom_b128_block1_depth0_forced_template_multimodal,forced_template_multimodal,prefix,fmnist,1216,6140828,936,66725232,10.8658,0.2303,0,0,0,0,0.0,0,0,0,0,0,0,0,0,128,4,4,forced:template_multimodal,47.4363
20260729-191857,headroom_b128_block1_depth0_forced_template_multimodal,forced_template_multimodal,prefix,sift,1216,3142849,722,48396991,15.3991,0.4063,0,0,0,0,0.0,0,0,0,0,0,0,0,0,128,4,4,forced:template_multimodal,36.5615
20260729-191857,headroom_b128_block1_depth0_forced_template_multimodal,forced_template_multimodal,prefix,emb_real,1216,969764,14,1038718,1.0711,0.9885,0,0,0,0,0.0,0,0,0,0,0,0,0,0,128,4,4,forced:template_multimodal,0.7099
20260729-192647,headroom_b128_block4_depth4_template_auto,template_auto,all,,11189,2588051441,8304,13983292638,5.4030,0.5338,3400,0,0,32795422418,3396398.9,95490,19152409,48150114,3088,9587442445,496832287,9090610158,0,128,4,4,selector:template_auto,548.5551
20260729-192647,headroom_b128_block4_depth4_template_auto,template_auto,prefix,tpch,1309,295968743,566,1004257973,3.3931,0.7181,610,0,0,0,0.0,0,0,0,197,747309452,182790368,564519084,0,128,4,4,selector:template_auto,37.8774
20260729-192647,headroom_b128_block4_depth4_template_auto,template_auto,prefix,taxi,659,1064016617,819,3309289479,3.1102,0.5205,282,0,0,0,0.0,0,0,0,503,2020081362,197254874,1822826488,0,128,4,4,selector:template_auto,72.5098
20260729-192647,headroom_b128_block4_depth4_template_auto,template_auto,prefix,lastfm,1216,1867138,1,3198959,1.7133,0.9992,21,0,0,0,0.0,0,0,0,0,0,0,0,0,128,4,4,selector:template_auto,0.0805
20260729-192647,headroom_b128_block4_depth4_template_auto,template_auto,prefix,mm,2785,569189337,2934,5805421651,10.1995,0.4065,1069,0,0,0,0.0,0,0,0,1281,4314802569,113362048,4201440521,0,128,4,4,selector:template_auto,202.0648
20260729-192647,headroom_b128_block4_depth4_template_auto,template_auto,prefix,clickbench,1572,646756165,2016,3583460427,5.5407,0.0789,560,0,0,0,0.0,0,0,0,568,2350907392,1290909,2349616483,0,128,4,4,selector:template_auto,134.9745
20260729-192647,headroom_b128_block4_depth4_template_auto,template_auto,prefix,fmnist,1216,6140828,1173,176298947,28.7093,0.3692,516,0,0,0,0.0,0,0,0,406,106222342,738704,105483638,0,128,4,4,selector:template_auto,60.3313
20260729-192647,headroom_b128_block4_depth4_template_auto,template_auto,prefix,sift,1216,3142849,794,100419137,31.9516,0.4564,335,0,0,0,0.0,0,0,0,133,48119328,1395384,46723944,0,128,4,4,selector:template_auto,40.6577
20260729-192647,headroom_b128_block4_depth4_template_auto,template_auto,prefix,emb_real,1216,969764,1,946065,0.9756,0.9992,7,0,0,0,0.0,0,0,0,0,0,0,0,0,128,4,4,selector:template_auto,0.0590
20260729-192712,headroom_b128_block4_depth4_decision_tree,decision_tree,all,,11189,2588051441,6891,5419364381,2.0940,0.5101,68,0,0,14882145057,1798381.2,101512,9578722,21296782,1409,1451423204,15860210,1435562994,0,128,4,4,selector:decision_tree,396.2331
20260729-192712,headroom_b128_block4_depth4_decision_tree,decision_tree,prefix,tpch,1309,295968743,604,123489453,0.4172,0.5401,7,0,0,0,0.0,0,0,0,2,524288,358371,165917,0,128,4,4,selector:decision_tree,31.3777
20260729-192712,headroom_b128_block4_depth4_decision_tree,decision_tree,prefix,taxi,659,1064016617,1387,1453874786,1.3664,0.0804,19,0,0,0,0.0,0,0,0,781,321832412,11215471,310616941,0,128,4,4,selector:decision_tree,83.2152
20260729-192712,headroom_b128_block4_depth4_decision_tree,decision_tree,prefix,lastfm,1216,1867138,1,3198959,1.7133,0.9992,2,0,0,0,0.0,0,0,0,0,0,0,0,0,128,4,4,selector:decision_tree,0.0805
20260729-192712,headroom_b128_block4_depth4_decision_tree,decision_tree,prefix,mm,2785,569189337,1903,507607162,0.8918,0.3178,13,0,0,0,0.0,0,0,0,3,786432,0,786432,0,128,4,4,selector:decision_tree,99.9909
20260729-192712,headroom_b128_block4_depth4_decision_tree,decision_tree,prefix,clickbench,1572,646756165,1358,672637033,1.0400,0.1361,18,0,0,0,0.0,0,0,0,0,0,0,0,0,128,4,4,selector:decision_tree,74.3148
20260729-192712,headroom_b128_block4_depth4_decision_tree,decision_tree,prefix,fmnist,1216,6140828,616,2496375965,406.5211,0.6957,4,0,0,0,0.0,0,0,0,246,1029451784,3099840,1026351944,0,128,4,4,selector:decision_tree,54.6073
20260729-192712,headroom_b128_block4_depth4_decision_tree,decision_tree,prefix,sift,1216,3142849,1011,160458384,51.0551,0.4786,3,0,0,0,0.0,0,0,0,377,98828288,1186528,97641760,0,128,4,4,selector:decision_tree,52.0803
20260729-192712,headroom_b128_block4_depth4_decision_tree,decision_tree,prefix,emb_real,1216,969764,11,1722639,1.7763,0.9910,2,0,0,0,0.0,0,0,0,0,0,0,0,0,128,4,4,selector:decision_tree,0.5664
20260729-192729,headroom_b128_block4_depth4_oracle_bytes,oracle_perworkload,all,,11189,2588051441,6209,2434515515,0.9407,0.4451,0,0,0,6418643103,1051380.5,153840,2712830,10706295,0,0,0,0,0,128,4,4,oracle_perworkload:bytes,333.6673
20260729-192729,headroom_b128_block4_depth4_oracle_bytes,oracle_perworkload,prefix,tpch,1309,295968743,655,121192773,0.4095,0.4996,0,0,0,0,0.0,0,0,0,0,0,0,0,0,128,4,4,oracle_perworkload:bytes,33.9058
20260729-192729,headroom_b128_block4_depth4_oracle_bytes,oracle_perworkload,prefix,taxi,659,1064016617,622,1018688988,0.9574,0.0561,0,0,0,0,0.0,0,0,0,0,0,0,0,0,128,4,4,oracle_perworkload:bytes,40.8150
20260729-192729,headroom_b128_block4_depth4_oracle_bytes,oracle_perworkload,prefix,lastfm,1216,1867138,1,3198959,1.7133,0.9992,0,0,0,0,0.0,0,0,0,0,0,0,0,0,128,4,4,oracle_perworkload:bytes,0.0805
20260729-192729,headroom_b128_block4_depth4_oracle_bytes,oracle_perworkload,prefix,mm,2785,569189337,1899,506631363,0.8901,0.3181,0,0,0,0,0.0,0,0,0,0,0,0,0,0,128,4,4,oracle_perworkload:bytes,99.7816
20260729-192729,headroom_b128_block4_depth4_oracle_bytes,oracle_perworkload,prefix,clickbench,1572,646756165,1358,671919051,1.0389,0.1361,0,0,0,0,0.0,0,0,0,0,0,0,0,0,128,4,4,oracle_perworkload:bytes,74.3079
20260729-192729,headroom_b128_block4_depth4_oracle_bytes,oracle_perworkload,prefix,fmnist,1216,6140828,951,63541325,10.3474,0.2179,0,0,0,0,0.0,0,0,0,0,0,0,0,0,128,4,4,oracle_perworkload:bytes,48.1560
20260729-192729,headroom_b128_block4_depth4_oracle_bytes,oracle_perworkload,prefix,sift,1216,3142849,722,48396991,15.3991,0.4063,0,0,0,0,0.0,0,0,0,0,0,0,0,0,128,4,4,oracle_perworkload:bytes,36.5615
20260729-192729,headroom_b128_block4_depth4_oracle_bytes,oracle_perworkload,prefix,emb_real,1216,969764,1,946065,0.9756,0.9992,0,0,0,0,0.0,0,0,0,0,0,0,0,0,128,4,4,oracle_perworkload:bytes,0.0590
20260729-192749,headroom_b128_block4_depth4_oracle_cost,oracle_perworkload,all,,11189,2588051441,5862,3603334910,1.3923,0.5008,0,0,0,8885003403,1265649.3,123863,3420022,10921581,276,1142162290,272163633,869998657,0,128,4,4,oracle_perworkload:cost,327.4641
20260729-192749,headroom_b128_block4_depth4_oracle_cost,oracle_perworkload,prefix,tpch,1309,295968743,323,1286828261,4.3479,0.9641,0,0,0,0,0.0,0,0,0,276,1142162290,272163633,869998657,0,128,4,4,oracle_perworkload:cost,28.4222
20260729-192749,headroom_b128_block4_depth4_oracle_cost,oracle_perworkload,prefix,taxi,659,1064016617,622,1018688988,0.9574,0.0561,0,0,0,0,0.0,0,0,0,0,0,0,0,0,128,4,4,oracle_perworkload:cost,40.8150
20260729-192749,headroom_b128_block4_depth4_oracle_cost,oracle_perworkload,prefix,lastfm,1216,1867138,1,3198959,1.7133,0.9992,0,0,0,0,0.0,0,0,0,0,0,0,0,0,128,4,4,oracle_perworkload:cost,0.0805
20260729-192749,headroom_b128_block4_depth4_oracle_cost,oracle_perworkload,prefix,mm,2785,569189337,1899,506631363,0.8901,0.3181,0,0,0,0,0.0,0,0,0,0,0,0,0,0,128,4,4,oracle_perworkload:cost,99.7816
20260729-192749,headroom_b128_block4_depth4_oracle_cost,oracle_perworkload,prefix,clickbench,1572,646756165,1358,671919051,1.0389,0.1361,0,0,0,0,0.0,0,0,0,0,0,0,0,0,128,4,4,oracle_perworkload:cost,74.3079
20260729-192749,headroom_b128_block4_depth4_oracle_cost,oracle_perworkload,prefix,fmnist,1216,6140828,936,66725232,10.8658,0.2303,0,0,0,0,0.0,0,0,0,0,0,0,0,0,128,4,4,oracle_perworkload:cost,47.4363
20260729-192749,headroom_b128_block4_depth4_oracle_cost,oracle_perworkload,prefix,sift,1216,3142849,722,48396991,15.3991,0.4063,0,0,0,0,0.0,0,0,0,0,0,0,0,0,128,4,4,oracle_perworkload:cost,36.5615
20260729-192749,headroom_b128_block4_depth4_oracle_cost,oracle_perworkload,prefix,emb_real,1216,969764,1,946065,0.9756,0.9992,0,0,0,0,0.0,0,0,0,0,0,0,0,0,128,4,4,oracle_perworkload:cost,0.0590
20260729-192818,headroom_b128_block8_depth8_forced_template_locality,forced_template_locality,all,,11189,2588051441,21258,6975671060,2.6953,0.4505,0,0,0,18820875509,2158006.9,189427,6711310,12404633,15110,3959759931,48102814,3911657117,0,128,8,8,forced:template_locality,1129.4252
20260729-192818,headroom_b128_block8_depth8_forced_template_locality,forced_template_locality,prefix,tpch,1309,295968743,4049,1163277410,3.9304,0.2628,0,0,0,0,0.0,0,0,0,3084,807949062,15135616,792813446,0,128,8,8,forced:template_locality,213.5439
20260729-192818,headroom_b128_block8_depth8_forced_template_locality,forced_template_locality,prefix,taxi,659,1064016617,2168,1516645384,1.4254,0.1351,0,0,0,0,0.0,0,0,0,1598,418684274,11129789,407554485,0,128,8,8,forced:template_locality,122.8639
20260729-192818,headroom_b128_block8_depth8_forced_template_locality,forced_template_locality,prefix,lastfm,1216,1867138,13,3385761,1.8133,0.9967,0,0,0,0,0.0,0,0,0,9,2359296,422664,1936632,0,128,8,8,forced:template_locality,0.6823
20260729-192818,headroom_b128_block8_depth8_forced_template_locality,forced_template_locality,prefix,mm,2785,569189337,7483,2126972630,3.7368,0.2937,0,0,0,0,0.0,0,0,0,5516,1445986304,17629878,1428356426,0,128,8,8,forced:template_locality,394.4344
20260729-192818,headroom_b128_block8_depth8_forced_template_locality,forced_template_locality,prefix,clickbench,1572,646756165,4344,1495521328,2.3123,0.0382,0,0,0,0,0.0,0,0,0,2832,742391808,190435,742201373,0,128,8,8,forced:template_locality,231.4624
20260729-192818,headroom_b128_block8_depth8_forced_template_locality,forced_template_locality,prefix,fmnist,1216,6140828,1861,415045587,67.5879,0.5485,0,0,0,0,0.0,0,0,0,1312,343724806,1694264,342030542,0,128,8,8,forced:template_locality,97.0082
20260729-192818,headroom_b128_block8_depth8_forced_template_locality,forced_template_locality,prefix,sift,1216,3142849,1333,253559073,80.6781,0.5255,0,0,0,0,0.0,0,0,0,756,197980460,1597408,196383052,0,128,8,8,forced:template_locality,69.0681
20260729-192818,headroom_b128_block8_depth8_forced_template_locality,forced_template_locality,prefix,emb_real,1216,969764,7,1263887,1.3033,0.9967,0,0,0,0,0.0,0,0,0,3,683921,302760,381161,0,128,8,8,forced:template_locality,0.3621
20260729-193643,headroom_b128_block8_depth8_forced_s3a_prefetch,forced_s3a_prefetch,all,,11189,2588051441,26030,216328849489,83.5875,0.7327,0,0,0,494503930400,44658241.9,18425,172677677,180038241,23039,191917681984,1207656962,190710025022,0,128,8,8,forced:s3a_prefetch,3364.5727
20260729-193643,headroom_b128_block8_depth8_forced_s3a_prefetch,forced_s3a_prefetch,prefix,tpch,1309,295968743,338,2700697806,9.1249,0.9565,0,0,0,0,0.0,0,0,0,281,2330804937,263692118,2067112819,0,128,8,8,forced:s3a_prefetch,42.6559
20260729-193643,headroom_b128_block8_depth8_forced_s3a_prefetch,forced_s3a_prefetch,prefix,taxi,659,1064016617,539,4149114793,3.8995,0.6950,0,0,0,0,0.0,0,0,0,338,2399985716,444153257,1955832459,0,128,8,8,forced:s3a_prefetch,66.5190
20260729-193643,headroom_b128_block8_depth8_forced_s3a_prefetch,forced_s3a_prefetch,prefix,lastfm,1216,1867138,1,3198959,1.7133,0.9992,0,0,0,0,0.0,0,0,0,0,0,0,0,0,128,8,8,forced:s3a_prefetch,0.0805
20260729-193643,headroom_b128_block8_depth8_forced_s3a_prefetch,forced_s3a_prefetch,prefix,mm,2785,569189337,14508,120458759264,211.6321,0.3903,0,0,0,0,0.0,0,0,0,12810,106669650249,130853638,106538796611,0,128,8,8,forced:s3a_prefetch,1874.1842
20260729-193643,headroom_b128_block8_depth8_forced_s3a_prefetch,forced_s3a_prefetch,prefix,clickbench,1572,646756165,8578,72007154169,111.3359,0.6705,0,0,0,0,0.0,0,0,0,8060,67608426230,363856149,67244570081,0,128,8,8,forced:s3a_prefetch,1115.6137
20260729-193643,headroom_b128_block8_depth8_forced_s3a_prefetch,forced_s3a_prefetch,prefix,fmnist,1216,6140828,594,4848398525,789.5350,0.8355,0,0,0,0,0.0,0,0,0,394,3253810808,3361568,3250449240,0,128,8,8,forced:s3a_prefetch,75.9379
20260729-193643,headroom_b128_block8_depth8_forced_s3a_prefetch,forced_s3a_prefetch,prefix,sift,1216,3142849,1471,12160579908,3869.2855,0.7410,0,0,0,0,0.0,0,0,0,1156,9655004044,1740232,9653263812,0,128,8,8,forced:s3a_prefetch,189.5223
20260729-193643,headroom_b128_block8_depth8_forced_s3a_prefetch,forced_s3a_prefetch,prefix,emb_real,1216,969764,1,946065,0.9756,0.9992,0,0,0,0,0.0,0,0,0,0,0,0,0,0,128,8,8,forced:s3a_prefetch,0.0590
20260729-191757,headroom_b128_block1_depth0_forced_s3a_random,forced_s3a_random,all,,11189,2588051441,6331,2447110144,0.9455,0.4342,0,0,0,6208371938,1019154.2,169820,2725373,10227965,0,0,0,0,0,128,8,8,forced:s3a_random,339.8875
20260729-191757,headroom_b128_block1_depth0_forced_s3a_random,forced_s3a_random,prefix,tpch,1309,295968743,605,122729226,0.4147,0.5378,0,0,0,0,0.0,0,0,0,0,0,0,0,0,128,8,8,forced:s3a_random,31.4204
20260729-191757,headroom_b128_block1_depth0_forced_s3a_random,forced_s3a_random,prefix,taxi,659,1064016617,622,1019168751,0.9579,0.0561,0,0,0,0,0.0,0,0,0,0,0,0,0,0,128,8,8,forced:s3a_random,40.8196
20260729-191757,headroom_b128_block1_depth0_forced_s3a_random,forced_s3a_random,prefix,lastfm,1216,1867138,75,5482913,2.9365,0.9383,0,0,0,0,0.0,0,0,0,0,0,0,0,0,128,8,8,forced:s3a_random,3.8023
20260729-191757,headroom_b128_block1_depth0_forced_s3a_random,forced_s3a_random,prefix,mm,2785,569189337,1939,511904306,0.8994,0.3038,0,0,0,0,0.0,0,0,0,0,0,0,0,0,128,8,8,forced:s3a_random,101.8319
20260729-191757,headroom_b128_block1_depth0_forced_s3a_random,forced_s3a_random,prefix,clickbench,1572,646756165,1358,672823988,1.0403,0.1361,0,0,0,0,0.0,0,0,0,0,0,0,0,0,128,8,8,forced:s3a_random,74.3165
20260729-191757,headroom_b128_block1_depth0_forced_s3a_random,forced_s3a_random,prefix,fmnist,1216,6140828,951,63541325,10.3474,0.2179,0,0,0,0,0.0,0,0,0,0,0,0,0,0,128,8,8,forced:s3a_random,48.1560
20260729-191757,headroom_b128_block1_depth0_forced_s3a_random,forced_s3a_random,prefix,sift,1216,3142849,756,49700021,15.8137,0.3783,0,0,0,0,0.0,0,0,0,0,0,0,0,0,128,8,8,forced:s3a_random,38.2740
20260729-191757,headroom_b128_block1_depth0_forced_s3a_random,forced_s3a_random,prefix,emb_real,1216,969764,25,1759614,1.8145,0.9794,0,0,0,0,0.0,0,0,0,0,0,0,0,0,128,8,8,forced:s3a_random,1.2668
20260729-191857,headroom_b128_block1_depth0_forced_template_multimodal,forced_template_multimodal,all,,11189,2588051441,6248,2437913341,0.9420,0.4416,0,0,0,6100833960,1010306.4,154662,2662625,10255988,0,0,0,0,0,128,8,8,forced:template_multimodal,335.6498
20260729-191857,headroom_b128_block1_depth0_forced_template_multimodal,forced_template_multimodal,prefix,tpch,1309,295968743,655,121192773,0.4095,0.4996,0,0,0,0,0.0,0,0,0,0,0,0,0,0,128,8,8,forced:template_multimodal,33.9058
20260729-191857,headroom_b128_block1_depth0_forced_template_multimodal,forced_template_multimodal,prefix,taxi,659,1064016617,622,1018688988,0.9574,0.0561,0,0,0,0,0.0,0,0,0,0,0,0,0,0,128,8,8,forced:template_multimodal,40.8150
20260729-191857,headroom_b128_block1_depth0_forced_template_multimodal,forced_template_multimodal,prefix,lastfm,1216,1867138,42,3320225,1.7782,0.9655,0,0,0,0,0.0,0,0,0,0,0,0,0,0,128,8,8,forced:template_multimodal,2.1317
20260729-191857,headroom_b128_block1_depth0_forced_template_multimodal,forced_template_multimodal,prefix,mm,2785,569189337,1899,506631363,0.8901,0.3181,0,0,0,0,0.0,0,0,0,0,0,0,0,0,128,8,8,forced:template_multimodal,99.7816
20260729-191857,headroom_b128_block1_depth0_forced_template_multimodal,forced_template_multimodal,prefix,clickbench,1572,646756165,1358,671919051,1.0389,0.1361,0,0,0,0,0.0,0,0,0,0,0,0,0,0,128,8,8,forced:template_multimodal,74.3079
20260729-191857,headroom_b128_block1_depth0_forced_template_multimodal,forced_template_multimodal,prefix,fmnist,1216,6140828,936,66725232,10.8658,0.2303,0,0,0,0,0.0,0,0,0,0,0,0,0,0,128,8,8,forced:template_multimodal,47.4363
20260729-191857,headroom_b128_block1_depth0_forced_template_multimodal,forced_template_multimodal,prefix,sift,1216,3142849,722,48396991,15.3991,0.4063,0,0,0,0,0.0,0,0,0,0,0,0,0,0,128,8,8,forced:template_multimodal,36.5615
20260729-191857,headroom_b128_block1_depth0_forced_template_multimodal,forced_template_multimodal,prefix,emb_real,1216,969764,14,1038718,1.0711,0.9885,0,0,0,0,0.0,0,0,0,0,0,0,0,0,128,8,8,forced:template_multimodal,0.7099
20260729-193823,headroom_b128_block8_depth8_template_auto,template_auto,all,,11189,2588051441,9862,35537999943,13.7316,0.5671,3400,0,0,89556976510,8464969.2,83517,31606207,194100944,5018,29658828980,809836372,28848992608,0,128,8,8,selector:template_auto,832.0168
20260729-193823,headroom_b128_block8_depth8_template_auto,template_auto,prefix,tpch,1309,295968743,445,1364324897,4.6097,0.7762,610,0,0,0,0.0,0,0,0,152,1098000103,196943128,901056975,0,128,8,8,selector:template_auto,35.2612
20260729-193823,headroom_b128_block8_depth8_template_auto,template_auto,prefix,taxi,659,1064016617,548,3682827850,3.4613,0.6889,282,0,0,0,0.0,0,0,0,343,2433557784,442450273,1991107511,0,128,8,8,selector:template_auto,62.5222
20260729-193823,headroom_b128_block8_depth8_template_auto,template_auto,prefix,lastfm,1216,1867138,1,3198959,1.7133,0.9992,21,0,0,0,0.0,0,0,0,0,0,0,0,0,128,8,8,selector:template_auto,0.0805
20260729-193823,headroom_b128_block8_depth8_template_auto,template_auto,prefix,mm,2785,569189337,4261,20039260174,35.2067,0.4036,1069,0,0,0,0.0,0,0,0,2600,17326300563,119865729,17206434834,0,128,8,8,selector:template_auto,404.1593
20260729-193823,headroom_b128_block8_depth8_template_auto,template_auto,prefix,clickbench,1572,646756165,2366,10086248010,15.5951,0.1539,560,0,0,0,0.0,0,0,0,1036,8559072764,48104386,8510968378,0,128,8,8,selector:template_auto,214.4900
20260729-193823,headroom_b128_block8_depth8_template_auto,template_auto,prefix,fmnist,1216,6140828,1356,233905091,38.0902,0.4194,516,0,0,0,0.0,0,0,0,650,170185478,1027216,169158262,0,128,8,8,selector:template_auto,70.0307
20260729-193823,headroom_b128_block8_depth8_template_auto,template_auto,prefix,sift,1216,3142849,884,127288897,40.5011,0.4679,335,0,0,0,0.0,0,0,0,237,71712288,1445640,70266648,0,128,8,8,selector:template_auto,45.4139
20260729-193823,headroom_b128_block8_depth8_template_auto,template_auto,prefix,emb_real,1216,969764,1,946065,0.9756,0.9992,7,0,0,0,0.0,0,0,0,0,0,0,0,0,128,8,8,selector:template_auto,0.0590
20260729-193852,headroom_b128_block8_depth8_decision_tree,decision_tree,all,,11189,2588051441,7782,7959938741,3.0756,0.5316,68,0,0,19231435423,2187237.3,65894,5546907,19238674,2541,3861283291,16389466,3844893825,0,128,8,8,selector:decision_tree,465.0119
20260729-193852,headroom_b128_block8_depth8_decision_tree,decision_tree,prefix,tpch,1309,295968743,608,124538029,0.4208,0.5401,7,0,0,0,0.0,0,0,0,6,1572864,358371,1214493,0,128,8,8,selector:decision_tree,31.5877
20260729-193852,headroom_b128_block8_depth8_decision_tree,decision_tree,prefix,taxi,659,1064016617,2002,1628061314,1.5301,0.1624,19,0,0,0,0.0,0,0,0,1450,478180603,11411463,466769140,0,128,8,8,selector:decision_tree,115.6264
20260729-193852,headroom_b128_block8_depth8_decision_tree,decision_tree,prefix,lastfm,1216,1867138,1,3198959,1.7133,0.9992,2,0,0,0,0.0,0,0,0,0,0,0,0,0,128,8,8,selector:decision_tree,0.0805
20260729-193852,headroom_b128_block8_depth8_decision_tree,decision_tree,prefix,mm,2785,569189337,1903,507607162,0.8918,0.3178,13,0,0,0,0.0,0,0,0,3,786432,0,786432,0,128,8,8,selector:decision_tree,99.9909
20260729-193852,headroom_b128_block8_depth8_decision_tree,decision_tree,prefix,clickbench,1572,646756165,1358,672637033,1.0400,0.1361,18,0,0,0,0.0,0,0,0,0,0,0,0,0,128,8,8,selector:decision_tree,74.3148
20260729-193852,headroom_b128_block8_depth8_decision_tree,decision_tree,prefix,fmnist,1216,6140828,604,4781368085,778.6194,0.8224,4,0,0,0,0.0,0,0,0,388,3198815456,3409024,3195406432,0,128,8,8,selector:decision_tree,75.7987
20260729-193852,headroom_b128_block8_depth8_decision_tree,decision_tree,prefix,sift,1216,3142849,1295,240805520,76.6201,0.5058,3,0,0,0,0.0,0,0,0,694,181927936,1210608,180717328,0,128,8,8,selector:decision_tree,67.0465
20260729-193852,headroom_b128_block8_depth8_decision_tree,decision_tree,prefix,emb_real,1216,969764,11,1722639,1.7763,0.9910,2,0,0,0,0.0,0,0,0,0,0,0,0,0,128,8,8,selector:decision_tree,0.5664
20260729-193909,headroom_b128_block8_depth8_oracle_bytes,oracle_perworkload,all,,11189,2588051441,6209,2434515515,0.9407,0.4451,0,0,0,6972001682,1105306.9,165121,2830030,12589524,0,0,0,0,0,128,8,8,oracle_perworkload:bytes,333.6673
20260729-193909,headroom_b128_block8_depth8_oracle_bytes,oracle_perworkload,prefix,tpch,1309,295968743,655,121192773,0.4095,0.4996,0,0,0,0,0.0,0,0,0,0,0,0,0,0,128,8,8,oracle_perworkload:bytes,33.9058
20260729-193909,headroom_b128_block8_depth8_oracle_bytes,oracle_perworkload,prefix,taxi,659,1064016617,622,1018688988,0.9574,0.0561,0,0,0,0,0.0,0,0,0,0,0,0,0,0,128,8,8,oracle_perworkload:bytes,40.8150
20260729-193909,headroom_b128_block8_depth8_oracle_bytes,oracle_perworkload,prefix,lastfm,1216,1867138,1,3198959,1.7133,0.9992,0,0,0,0,0.0,0,0,0,0,0,0,0,0,128,8,8,oracle_perworkload:bytes,0.0805
20260729-193909,headroom_b128_block8_depth8_oracle_bytes,oracle_perworkload,prefix,mm,2785,569189337,1899,506631363,0.8901,0.3181,0,0,0,0,0.0,0,0,0,0,0,0,0,0,128,8,8,oracle_perworkload:bytes,99.7816
20260729-193909,headroom_b128_block8_depth8_oracle_bytes,oracle_perworkload,prefix,clickbench,1572,646756165,1358,671919051,1.0389,0.1361,0,0,0,0,0.0,0,0,0,0,0,0,0,0,128,8,8,oracle_perworkload:bytes,74.3079
20260729-193909,headroom_b128_block8_depth8_oracle_bytes,oracle_perworkload,prefix,fmnist,1216,6140828,951,63541325,10.3474,0.2179,0,0,0,0,0.0,0,0,0,0,0,0,0,0,128,8,8,oracle_perworkload:bytes,48.1560
20260729-193909,headroom_b128_block8_depth8_oracle_bytes,oracle_perworkload,prefix,sift,1216,3142849,722,48396991,15.3991,0.4063,0,0,0,0,0.0,0,0,0,0,0,0,0,0,128,8,8,oracle_perworkload:bytes,36.5615
20260729-193909,headroom_b128_block8_depth8_oracle_bytes,oracle_perworkload,prefix,emb_real,1216,969764,1,946065,0.9756,0.9992,0,0,0,0,0.0,0,0,0,0,0,0,0,0,128,8,8,oracle_perworkload:bytes,0.0590
20260729-193926,headroom_b128_block8_depth8_oracle_cost,oracle_perworkload,all,,11189,2588051441,6144,2439235875,0.9425,0.4509,0,0,0,6832565232,1078698.3,167657,2782993,12423081,0,0,0,0,0,128,8,8,oracle_perworkload:cost,330.4624
20260729-193926,headroom_b128_block8_depth8_oracle_cost,oracle_perworkload,prefix,tpch,1309,295968743,605,122729226,0.4147,0.5378,0,0,0,0,0.0,0,0,0,0,0,0,0,0,128,8,8,oracle_perworkload:cost,31.4204
20260729-193926,headroom_b128_block8_depth8_oracle_cost,oracle_perworkload,prefix,taxi,659,1064016617,622,1018688988,0.9574,0.0561,0,0,0,0,0.0,0,0,0,0,0,0,0,0,128,8,8,oracle_perworkload:cost,40.8150
20260729-193926,headroom_b128_block8_depth8_oracle_cost,oracle_perworkload,prefix,lastfm,1216,1867138,1,3198959,1.7133,0.9992,0,0,0,0,0.0,0,0,0,0,0,0,0,0,128,8,8,oracle_perworkload:cost,0.0805
20260729-193926,headroom_b128_block8_depth8_oracle_cost,oracle_perworkload,prefix,mm,2785,569189337,1899,506631363,0.8901,0.3181,0,0,0,0,0.0,0,0,0,0,0,0,0,0,128,8,8,oracle_perworkload:cost,99.7816
20260729-193926,headroom_b128_block8_depth8_oracle_cost,oracle_perworkload,prefix,clickbench,1572,646756165,1358,671919051,1.0389,0.1361,0,0,0,0,0.0,0,0,0,0,0,0,0,0,128,8,8,oracle_perworkload:cost,74.3079
20260729-193926,headroom_b128_block8_depth8_oracle_cost,oracle_perworkload,prefix,fmnist,1216,6140828,936,66725232,10.8658,0.2303,0,0,0,0,0.0,0,0,0,0,0,0,0,0,128,8,8,oracle_perworkload:cost,47.4363
20260729-193926,headroom_b128_block8_depth8_oracle_cost,oracle_perworkload,prefix,sift,1216,3142849,722,48396991,15.3991,0.4063,0,0,0,0,0.0,0,0,0,0,0,0,0,0,128,8,8,oracle_perworkload:cost,36.5615
20260729-193926,headroom_b128_block8_depth8_oracle_cost,oracle_perworkload,prefix,emb_real,1216,969764,1,946065,0.9756,0.9992,0,0,0,0,0.0,0,0,0,0,0,0,0,0,128,8,8,oracle_perworkload:cost,0.0590
20260729-193944,headroom_b256_block1_depth0_passthrough,passthrough,all,,11189,2588051441,11189,2588051441,1.0000,0.0000,0,0,0,7227623582,1107079.7,10190,3260662,12219387,0,0,0,0,0,256,1,0,passthrough,584.1316
20260729-193944,headroom_b256_block1_depth0_passthrough,passthrough,prefix,tpch,1309,295968743,1309,295968743,1.0000,0.0000,0,0,0,0,0.0,0,0,0,0,0,0,0,0,256,1,0,passthrough,68.2726
20260729-193944,headroom_b256_block1_depth0_passthrough,passthrough,prefix,taxi,659,1064016617,659,1064016617,1.0000,0.0000,0,0,0,0,0.0,0,0,0,0,0,0,0,0,256,1,0,passthrough,43.0973
20260729-193944,headroom_b256_block1_depth0_passthrough,passthrough,prefix,lastfm,1216,1867138,1216,1867138,1.0000,0.0000,0,0,0,0,0.0,0,0,0,0,0,0,0,0,256,1,0,passthrough,60.8178
20260729-193944,headroom_b256_block1_depth0_passthrough,passthrough,prefix,mm,2785,569189337,2785,569189337,1.0000,0.0000,0,0,0,0,0.0,0,0,0,0,0,0,0,0,256,1,0,passthrough,144.6782
20260729-193944,headroom_b256_block1_depth0_passthrough,passthrough,prefix,clickbench,1572,646756165,1572,646756165,1.0000,0.0000,0,0,0,0,0.0,0,0,0,0,0,0,0,0,256,1,0,passthrough,84.7679
20260729-193944,headroom_b256_block1_depth0_passthrough,passthrough,prefix,fmnist,1216,6140828,1216,6140828,1.0000,0.0000,0,0,0,0,0.0,0,0,0,0,0,0,0,0,256,1,0,passthrough,60.8586
20260729-193944,headroom_b256_block1_depth0_passthrough,passthrough,prefix,sift,1216,3142849,1216,3142849,1.0000,0.0000,0,0,0,0,0.0,0,0,0,0,0,0,0,0,256,1,0,passthrough,60.8300
20260729-193944,headroom_b256_block1_depth0_passthrough,passthrough,prefix,emb_real,1216,969764,1216,969764,1.0000,0.0000,0,0,0,0,0.0,0,0,0,0,0,0,0,0,256,1,0,passthrough,60.8092
20260729-193944,headroom_b256_block1_depth0_passthrough,passthrough,all,,11189,2588051441,11189,2588051441,1.0000,0.0000,0,0,0,7227623582,1107079.7,10190,3260662,12219387,0,0,0,0,0,256,1,1,passthrough,584.1316
20260729-193944,headroom_b256_block1_depth0_passthrough,passthrough,prefix,tpch,1309,295968743,1309,295968743,1.0000,0.0000,0,0,0,0,0.0,0,0,0,0,0,0,0,0,256,1,1,passthrough,68.2726
20260729-193944,headroom_b256_block1_depth0_passthrough,passthrough,prefix,taxi,659,1064016617,659,1064016617,1.0000,0.0000,0,0,0,0,0.0,0,0,0,0,0,0,0,0,256,1,1,passthrough,43.0973
20260729-193944,headroom_b256_block1_depth0_passthrough,passthrough,prefix,lastfm,1216,1867138,1216,1867138,1.0000,0.0000,0,0,0,0,0.0,0,0,0,0,0,0,0,0,256,1,1,passthrough,60.8178
20260729-193944,headroom_b256_block1_depth0_passthrough,passthrough,prefix,mm,2785,569189337,2785,569189337,1.0000,0.0000,0,0,0,0,0.0,0,0,0,0,0,0,0,0,256,1,1,passthrough,144.6782
20260729-193944,headroom_b256_block1_depth0_passthrough,passthrough,prefix,clickbench,1572,646756165,1572,646756165,1.0000,0.0000,0,0,0,0,0.0,0,0,0,0,0,0,0,0,256,1,1,passthrough,84.7679
20260729-193944,headroom_b256_block1_depth0_passthrough,passthrough,prefix,fmnist,1216,6140828,1216,6140828,1.0000,0.0000,0,0,0,0,0.0,0,0,0,0,0,0,0,0,256,1,1,passthrough,60.8586
20260729-193944,headroom_b256_block1_depth0_passthrough,passthrough,prefix,sift,1216,3142849,1216,3142849,1.0000,0.0000,0,0,0,0,0.0,0,0,0,0,0,0,0,0,256,1,1,passthrough,60.8300
20260729-193944,headroom_b256_block1_depth0_passthrough,passthrough,prefix,emb_real,1216,969764,1216,969764,1.0000,0.0000,0,0,0,0,0.0,0,0,0,0,0,0,0,0,256,1,1,passthrough,60.8092
20260729-193944,headroom_b256_block1_depth0_passthrough,passthrough,all,,11189,2588051441,11189,2588051441,1.0000,0.0000,0,0,0,7227623582,1107079.7,10190,3260662,12219387,0,0,0,0,0,256,4,4,passthrough,584.1316
20260729-193944,headroom_b256_block1_depth0_passthrough,passthrough,prefix,tpch,1309,295968743,1309,295968743,1.0000,0.0000,0,0,0,0,0.0,0,0,0,0,0,0,0,0,256,4,4,passthrough,68.2726
20260729-193944,headroom_b256_block1_depth0_passthrough,passthrough,prefix,taxi,659,1064016617,659,1064016617,1.0000,0.0000,0,0,0,0,0.0,0,0,0,0,0,0,0,0,256,4,4,passthrough,43.0973
20260729-193944,headroom_b256_block1_depth0_passthrough,passthrough,prefix,lastfm,1216,1867138,1216,1867138,1.0000,0.0000,0,0,0,0,0.0,0,0,0,0,0,0,0,0,256,4,4,passthrough,60.8178
20260729-193944,headroom_b256_block1_depth0_passthrough,passthrough,prefix,mm,2785,569189337,2785,569189337,1.0000,0.0000,0,0,0,0,0.0,0,0,0,0,0,0,0,0,256,4,4,passthrough,144.6782
20260729-193944,headroom_b256_block1_depth0_passthrough,passthrough,prefix,clickbench,1572,646756165,1572,646756165,1.0000,0.0000,0,0,0,0,0.0,0,0,0,0,0,0,0,0,256,4,4,passthrough,84.7679
20260729-193944,headroom_b256_block1_depth0_passthrough,passthrough,prefix,fmnist,1216,6140828,1216,6140828,1.0000,0.0000,0,0,0,0,0.0,0,0,0,0,0,0,0,0,256,4,4,passthrough,60.8586
20260729-193944,headroom_b256_block1_depth0_passthrough,passthrough,prefix,sift,1216,3142849,1216,3142849,1.0000,0.0000,0,0,0,0,0.0,0,0,0,0,0,0,0,0,256,4,4,passthrough,60.8300
20260729-193944,headroom_b256_block1_depth0_passthrough,passthrough,prefix,emb_real,1216,969764,1216,969764,1.0000,0.0000,0,0,0,0,0.0,0,0,0,0,0,0,0,0,256,4,4,passthrough,60.8092
20260729-193944,headroom_b256_block1_depth0_passthrough,passthrough,all,,11189,2588051441,11189,2588051441,1.0000,0.0000,0,0,0,7227623582,1107079.7,10190,3260662,12219387,0,0,0,0,0,256,8,8,passthrough,584.1316
20260729-193944,headroom_b256_block1_depth0_passthrough,passthrough,prefix,tpch,1309,295968743,1309,295968743,1.0000,0.0000,0,0,0,0,0.0,0,0,0,0,0,0,0,0,256,8,8,passthrough,68.2726
20260729-193944,headroom_b256_block1_depth0_passthrough,passthrough,prefix,taxi,659,1064016617,659,1064016617,1.0000,0.0000,0,0,0,0,0.0,0,0,0,0,0,0,0,0,256,8,8,passthrough,43.0973
20260729-193944,headroom_b256_block1_depth0_passthrough,passthrough,prefix,lastfm,1216,1867138,1216,1867138,1.0000,0.0000,0,0,0,0,0.0,0,0,0,0,0,0,0,0,256,8,8,passthrough,60.8178
20260729-193944,headroom_b256_block1_depth0_passthrough,passthrough,prefix,mm,2785,569189337,2785,569189337,1.0000,0.0000,0,0,0,0,0.0,0,0,0,0,0,0,0,0,256,8,8,passthrough,144.6782
20260729-193944,headroom_b256_block1_depth0_passthrough,passthrough,prefix,clickbench,1572,646756165,1572,646756165,1.0000,0.0000,0,0,0,0,0.0,0,0,0,0,0,0,0,0,256,8,8,passthrough,84.7679
20260729-193944,headroom_b256_block1_depth0_passthrough,passthrough,prefix,fmnist,1216,6140828,1216,6140828,1.0000,0.0000,0,0,0,0,0.0,0,0,0,0,0,0,0,0,256,8,8,passthrough,60.8586
20260729-193944,headroom_b256_block1_depth0_passthrough,passthrough,prefix,sift,1216,3142849,1216,3142849,1.0000,0.0000,0,0,0,0,0.0,0,0,0,0,0,0,0,0,256,8,8,passthrough,60.8300
20260729-193944,headroom_b256_block1_depth0_passthrough,passthrough,prefix,emb_real,1216,969764,1216,969764,1.0000,0.0000,0,0,0,0,0.0,0,0,0,0,0,0,0,0,256,8,8,passthrough,60.8092
20260729-193959,headroom_b256_block1_depth0_forced_s3a_random,forced_s3a_random,all,,11189,2588051441,5965,2170498785,0.8387,0.4669,0,0,0,5517759395,967420.1,154922,2155250,10186657,0,0,0,0,0,256,1,0,forced:s3a_random,318.9495
20260729-193959,headroom_b256_block1_depth0_forced_s3a_random,forced_s3a_random,prefix,tpch,1309,295968743,605,122729226,0.4147,0.5378,0,0,0,0,0.0,0,0,0,0,0,0,0,0,256,1,0,forced:s3a_random,31.4204
20260729-193959,headroom_b256_block1_depth0_forced_s3a_random,forced_s3a_random,prefix,taxi,659,1064016617,490,801511881,0.7533,0.2564,0,0,0,0,0.0,0,0,0,0,0,0,0,0,256,1,0,forced:s3a_random,32.1438
20260729-193959,headroom_b256_block1_depth0_forced_s3a_random,forced_s3a_random,prefix,lastfm,1216,1867138,75,5482913,2.9365,0.9383,0,0,0,0,0.0,0,0,0,0,0,0,0,0,256,1,0,forced:s3a_random,3.8023
20260729-193959,headroom_b256_block1_depth0_forced_s3a_random,forced_s3a_random,prefix,mm,2785,569189337,1705,452949817,0.7958,0.3878,0,0,0,0,0.0,0,0,0,0,0,0,0,0,256,1,0,forced:s3a_random,89.5697
20260729-193959,headroom_b256_block1_depth0_forced_s3a_random,forced_s3a_random,prefix,clickbench,1572,646756165,1358,672823988,1.0403,0.1361,0,0,0,0,0.0,0,0,0,0,0,0,0,0,256,1,0,forced:s3a_random,74.3165
20260729-193959,headroom_b256_block1_depth0_forced_s3a_random,forced_s3a_random,prefix,fmnist,1216,6140828,951,63541325,10.3474,0.2179,0,0,0,0,0.0,0,0,0,0,0,0,0,0,256,1,0,forced:s3a_random,48.1560
20260729-193959,headroom_b256_block1_depth0_forced_s3a_random,forced_s3a_random,prefix,sift,1216,3142849,756,49700021,15.8137,0.3783,0,0,0,0,0.0,0,0,0,0,0,0,0,0,256,1,0,forced:s3a_random,38.2740
20260729-193959,headroom_b256_block1_depth0_forced_s3a_random,forced_s3a_random,prefix,emb_real,1216,969764,25,1759614,1.8145,0.9794,0,0,0,0,0.0,0,0,0,0,0,0,0,0,256,1,0,forced:s3a_random,1.2668
20260729-194017,headroom_b256_block1_depth0_forced_template_locality,forced_template_locality,all,,11189,2588051441,5643,2451835144,0.9474,0.4957,0,0,0,6956755354,1090870.4,149111,2543069,12522704,0,0,0,0,0,256,1,0,forced:template_locality,305.5325
20260729-194017,headroom_b256_block1_depth0_forced_template_locality,forced_template_locality,prefix,tpch,1309,295968743,564,149719125,0.5059,0.5691,0,0,0,0,0.0,0,0,0,0,0,0,0,0,256,1,0,forced:template_locality,29.6278
20260729-194017,headroom_b256_block1_depth0_forced_template_locality,forced_template_locality,prefix,taxi,659,1064016617,496,858657634,0.8070,0.2473,0,0,0,0,0.0,0,0,0,0,0,0,0,0,256,1,0,forced:template_locality,32.9888
20260729-194017,headroom_b256_block1_depth0_forced_template_locality,forced_template_locality,prefix,lastfm,1216,1867138,21,3910049,2.0941,0.9827,0,0,0,0,0.0,0,0,0,0,0,0,0,0,256,1,0,forced:template_locality,1.0873
20260729-194017,headroom_b256_block1_depth0_forced_template_locality,forced_template_locality,prefix,mm,2785,569189337,1687,551738356,0.9693,0.3943,0,0,0,0,0.0,0,0,0,0,0,0,0,0,256,1,0,forced:template_locality,89.6118
20260729-194017,headroom_b256_block1_depth0_forced_template_locality,forced_template_locality,prefix,clickbench,1572,646756165,1349,710400048,1.0984,0.1419,0,0,0,0,0.0,0,0,0,0,0,0,0,0,256,1,0,forced:template_locality,74.2249
20260729-194017,headroom_b256_block1_depth0_forced_template_locality,forced_template_locality,prefix,fmnist,1216,6140828,841,110116045,17.9318,0.3084,0,0,0,0,0.0,0,0,0,0,0,0,0,0,256,1,0,forced:template_locality,43.1001
20260729-194017,headroom_b256_block1_depth0_forced_template_locality,forced_template_locality,prefix,sift,1216,3142849,678,66124097,21.0395,0.4424,0,0,0,0,0.0,0,0,0,0,0,0,0,0,256,1,0,forced:template_locality,34.5306
20260729-194017,headroom_b256_block1_depth0_forced_template_locality,forced_template_locality,prefix,emb_real,1216,969764,7,1169790,1.2063,0.9942,0,0,0,0,0.0,0,0,0,0,0,0,0,0,256,1,0,forced:template_locality,0.3612
20260729-194040,headroom_b256_block1_depth0_forced_s3a_prefetch,forced_s3a_prefetch,all,,11189,2588051441,4176,5556851143,2.1471,0.6268,0,0,0,13368942260,1667452.2,16040,3673789,10968286,0,0,0,0,0,256,1,0,forced:s3a_prefetch,261.7943
20260729-194040,headroom_b256_block1_depth0_forced_s3a_prefetch,forced_s3a_prefetch,prefix,tpch,1309,295968743,287,310825076,1.0502,0.7807,0,0,0,0,0.0,0,0,0,0,0,0,0,0,256,1,0,forced:s3a_prefetch,17.3143
20260729-194040,headroom_b256_block1_depth0_forced_s3a_prefetch,forced_s3a_prefetch,prefix,taxi,659,1064016617,534,1268115362,1.1918,0.1897,0,0,0,0,0.0,0,0,0,0,0,0,0,0,256,1,0,forced:s3a_prefetch,38.7937
20260729-194040,headroom_b256_block1_depth0_forced_s3a_prefetch,forced_s3a_prefetch,prefix,lastfm,1216,1867138,3,3198959,1.7133,0.9975,0,0,0,0,0.0,0,0,0,0,0,0,0,0,256,1,0,forced:s3a_prefetch,0.1805
20260729-194040,headroom_b256_block1_depth0_forced_s3a_prefetch,forced_s3a_prefetch,prefix,mm,2785,569189337,1339,1513905619,2.6598,0.5192,0,0,0,0,0.0,0,0,0,0,0,0,0,0,256,1,0,forced:s3a_prefetch,81.3877
20260729-194040,headroom_b256_block1_depth0_forced_s3a_prefetch,forced_s3a_prefetch,prefix,clickbench,1572,646756165,1464,1889459109,2.9214,0.0687,0,0,0,0,0.0,0,0,0,0,0,0,0,0,256,1,0,forced:s3a_prefetch,91.2193
20260729-194040,headroom_b256_block1_depth0_forced_s3a_prefetch,forced_s3a_prefetch,prefix,fmnist,1216,6140828,186,193033765,31.4345,0.8470,0,0,0,0,0.0,0,0,0,0,0,0,0,0,256,1,0,forced:s3a_prefetch,11.1409
20260729-194040,headroom_b256_block1_depth0_forced_s3a_prefetch,forced_s3a_prefetch,prefix,sift,1216,3142849,362,377367188,120.0717,0.7023,0,0,0,0,0.0,0,0,0,0,0,0,0,0,256,1,0,forced:s3a_prefetch,21.6989
20260729-194040,headroom_b256_block1_depth0_forced_s3a_prefetch,forced_s3a_prefetch,prefix,emb_real,1216,969764,1,946065,0.9756,0.9992,0,0,0,0,0.0,0,0,0,0,0,0,0,0,256,1,0,forced:s3a_prefetch,0.0590
20260729-194057,headroom_b256_block1_depth0_forced_template_multimodal,forced_template_multimodal,all,,11189,2588051441,5898,2162188324,0.8355,0.4729,0,0,0,6248572568,1028763.1,151627,2346259,12287571,0,0,0,0,0,256,1,0,forced:template_multimodal,315.5202
20260729-194057,headroom_b256_block1_depth0_forced_template_multimodal,forced_template_multimodal,prefix,tpch,1309,295968743,655,121192773,0.4095,0.4996,0,0,0,0,0.0,0,0,0,0,0,0,0,0,256,1,0,forced:template_multimodal,33.9058
20260729-194057,headroom_b256_block1_depth0_forced_template_multimodal,forced_template_multimodal,prefix,taxi,659,1064016617,490,801089668,0.7529,0.2564,0,0,0,0,0.0,0,0,0,0,0,0,0,0,256,1,0,forced:template_multimodal,32.1398
20260729-194057,headroom_b256_block1_depth0_forced_template_multimodal,forced_template_multimodal,prefix,lastfm,1216,1867138,42,3320225,1.7782,0.9655,0,0,0,0,0.0,0,0,0,0,0,0,0,0,256,1,0,forced:template_multimodal,2.1317
20260729-194057,headroom_b256_block1_depth0_forced_template_multimodal,forced_template_multimodal,prefix,mm,2785,569189337,1681,448505666,0.7880,0.3964,0,0,0,0,0.0,0,0,0,0,0,0,0,0,256,1,0,forced:template_multimodal,88.3273
20260729-194057,headroom_b256_block1_depth0_forced_template_multimodal,forced_template_multimodal,prefix,clickbench,1572,646756165,1358,671919051,1.0389,0.1361,0,0,0,0,0.0,0,0,0,0,0,0,0,0,256,1,0,forced:template_multimodal,74.3079
20260729-194057,headroom_b256_block1_depth0_forced_template_multimodal,forced_template_multimodal,prefix,fmnist,1216,6140828,936,66725232,10.8658,0.2303,0,0,0,0,0.0,0,0,0,0,0,0,0,0,256,1,0,forced:template_multimodal,47.4363
20260729-194057,headroom_b256_block1_depth0_forced_template_multimodal,forced_template_multimodal,prefix,sift,1216,3142849,722,48396991,15.3991,0.4063,0,0,0,0,0.0,0,0,0,0,0,0,0,0,256,1,0,forced:template_multimodal,36.5615
20260729-194057,headroom_b256_block1_depth0_forced_template_multimodal,forced_template_multimodal,prefix,emb_real,1216,969764,14,1038718,1.0711,0.9885,0,0,0,0,0.0,0,0,0,0,0,0,0,0,256,1,0,forced:template_multimodal,0.7099
20260729-194115,headroom_b256_block1_depth0_template_auto,template_auto,all,,11189,2588051441,5360,2832389147,1.0944,0.5210,3400,0,0,8017046200,1182594.5,55375,2969362,12290256,0,0,0,0,0,256,1,0,selector:template_auto,295.0118
20260729-194115,headroom_b256_block1_depth0_template_auto,template_auto,prefix,tpch,1309,295968743,395,186456314,0.6300,0.6982,610,0,0,0,0.0,0,0,0,0,0,0,0,0,256,1,0,selector:template_auto,21.5282
20260729-194115,headroom_b256_block1_depth0_template_auto,template_auto,prefix,taxi,659,1064016617,532,1037259151,0.9749,0.1927,282,0,0,0,0.0,0,0,0,0,0,0,0,0,256,1,0,selector:template_auto,36.4921
20260729-194115,headroom_b256_block1_depth0_template_auto,template_auto,prefix,lastfm,1216,1867138,21,3985391,2.1345,0.9827,21,0,0,0,0.0,0,0,0,0,0,0,0,0,256,1,0,selector:template_auto,1.0880
20260729-194115,headroom_b256_block1_depth0_template_auto,template_auto,prefix,mm,2785,569189337,1480,676230118,1.1881,0.4686,1069,0,0,0,0.0,0,0,0,0,0,0,0,0,256,1,0,selector:template_auto,80.4490
20260729-194115,headroom_b256_block1_depth0_template_auto,template_auto,prefix,clickbench,1572,646756165,1315,790066210,1.2216,0.1635,560,0,0,0,0.0,0,0,0,0,0,0,0,0,256,1,0,selector:template_auto,73.2847
20260729-194115,headroom_b256_block1_depth0_template_auto,template_auto,prefix,fmnist,1216,6140828,917,82266301,13.3966,0.2459,516,0,0,0,0.0,0,0,0,0,0,0,0,0,256,1,0,selector:template_auto,46.6346
20260729-194115,headroom_b256_block1_depth0_template_auto,template_auto,prefix,sift,1216,3142849,699,55179597,17.5572,0.4252,335,0,0,0,0.0,0,0,0,0,0,0,0,0,256,1,0,selector:template_auto,35.4762
20260729-194115,headroom_b256_block1_depth0_template_auto,template_auto,prefix,emb_real,1216,969764,1,946065,0.9756,0.9992,7,0,0,0,0.0,0,0,0,0,0,0,0,0,256,1,0,selector:template_auto,0.0590
20260729-194131,headroom_b256_block1_depth0_decision_tree,decision_tree,all,,11189,2588051441,5042,2372513355,0.9167,0.5494,68,0,0,6169714665,1027504.1,49363,2483117,10395226,0,0,0,0,0,256,1,0,selector:decision_tree,274.7261
20260729-194131,headroom_b256_block1_depth0_decision_tree,decision_tree,prefix,tpch,1309,295968743,605,123161773,0.4161,0.5378,7,0,0,0,0.0,0,0,0,0,0,0,0,0,256,1,0,selector:decision_tree,31.4246
20260729-194131,headroom_b256_block1_depth0_decision_tree,decision_tree,prefix,taxi,659,1064016617,488,864085442,0.8121,0.2595,19,0,0,0,0.0,0,0,0,0,0,0,0,0,256,1,0,selector:decision_tree,32.6406
20260729-194131,headroom_b256_block1_depth0_decision_tree,decision_tree,prefix,lastfm,1216,1867138,10,3657711,1.9590,0.9918,2,0,0,0,0.0,0,0,0,0,0,0,0,0,256,1,0,selector:decision_tree,0.5349
20260729-194131,headroom_b256_block1_depth0_decision_tree,decision_tree,prefix,mm,2785,569189337,1683,448707544,0.7883,0.3957,13,0,0,0,0.0,0,0,0,0,0,0,0,0,256,1,0,selector:decision_tree,88.4292
20260729-194131,headroom_b256_block1_depth0_decision_tree,decision_tree,prefix,clickbench,1572,646756165,1358,672637033,1.0400,0.1361,18,0,0,0,0.0,0,0,0,0,0,0,0,0,256,1,0,selector:decision_tree,74.3148
20260729-194131,headroom_b256_block1_depth0_decision_tree,decision_tree,prefix,fmnist,1216,6140828,203,192129149,31.2872,0.8331,4,0,0,0,0.0,0,0,0,0,0,0,0,0,256,1,0,selector:decision_tree,11.9823
20260729-194131,headroom_b256_block1_depth0_decision_tree,decision_tree,prefix,sift,1216,3142849,684,66412064,21.1312,0.4375,3,0,0,0,0.0,0,0,0,0,0,0,0,0,256,1,0,selector:decision_tree,34.8334
20260729-194131,headroom_b256_block1_depth0_decision_tree,decision_tree,prefix,emb_real,1216,969764,11,1722639,1.7763,0.9910,2,0,0,0,0.0,0,0,0,0,0,0,0,0,256,1,0,selector:decision_tree,0.5664
20260729-194147,headroom_b256_block1_depth0_oracle_bytes,oracle_perworkload,all,,11189,2588051441,5861,2158790498,0.8341,0.4762,0,0,0,5574862645,967494.6,148660,2238937,10195391,0,0,0,0,0,256,1,0,oracle_perworkload:bytes,313.6378
20260729-194147,headroom_b256_block1_depth0_oracle_bytes,oracle_perworkload,prefix,tpch,1309,295968743,655,121192773,0.4095,0.4996,0,0,0,0,0.0,0,0,0,0,0,0,0,0,256,1,0,oracle_perworkload:bytes,33.9058
20260729-194147,headroom_b256_block1_depth0_oracle_bytes,oracle_perworkload,prefix,taxi,659,1064016617,490,801089668,0.7529,0.2564,0,0,0,0,0.0,0,0,0,0,0,0,0,0,256,1,0,oracle_perworkload:bytes,32.1398
20260729-194147,headroom_b256_block1_depth0_oracle_bytes,oracle_perworkload,prefix,lastfm,1216,1867138,3,3198959,1.7133,0.9975,0,0,0,0,0.0,0,0,0,0,0,0,0,0,256,1,0,oracle_perworkload:bytes,0.1805
20260729-194147,headroom_b256_block1_depth0_oracle_bytes,oracle_perworkload,prefix,mm,2785,569189337,1681,448505666,0.7880,0.3964,0,0,0,0,0.0,0,0,0,0,0,0,0,0,256,1,0,oracle_perworkload:bytes,88.3273
20260729-194147,headroom_b256_block1_depth0_oracle_bytes,oracle_perworkload,prefix,clickbench,1572,646756165,1358,671919051,1.0389,0.1361,0,0,0,0,0.0,0,0,0,0,0,0,0,0,256,1,0,oracle_perworkload:bytes,74.3079
20260729-194147,headroom_b256_block1_depth0_oracle_bytes,oracle_perworkload,prefix,fmnist,1216,6140828,951,63541325,10.3474,0.2179,0,0,0,0,0.0,0,0,0,0,0,0,0,0,256,1,0,oracle_perworkload:bytes,48.1560
20260729-194147,headroom_b256_block1_depth0_oracle_bytes,oracle_perworkload,prefix,sift,1216,3142849,722,48396991,15.3991,0.4063,0,0,0,0,0.0,0,0,0,0,0,0,0,0,256,1,0,oracle_perworkload:bytes,36.5615
20260729-194147,headroom_b256_block1_depth0_oracle_bytes,oracle_perworkload,prefix,emb_real,1216,969764,1,946065,0.9756,0.9992,0,0,0,0,0.0,0,0,0,0,0,0,0,0,256,1,0,oracle_perworkload:bytes,0.0590
20260729-194207,headroom_b256_block1_depth0_oracle_cost,oracle_perworkload,all,,11189,2588051441,4017,3910766388,1.5111,0.6410,0,0,0,9365141753,1303970.9,13375,3187083,10135067,0,0,0,0,0,256,1,0,oracle_perworkload:cost,238.1460
20260729-194207,headroom_b256_block1_depth0_oracle_cost,oracle_perworkload,prefix,tpch,1309,295968743,287,310825076,1.0502,0.7807,0,0,0,0,0.0,0,0,0,0,0,0,0,0,256,1,0,oracle_perworkload:cost,17.3143
20260729-194207,headroom_b256_block1_depth0_oracle_cost,oracle_perworkload,prefix,taxi,659,1064016617,490,801089668,0.7529,0.2564,0,0,0,0,0.0,0,0,0,0,0,0,0,0,256,1,0,oracle_perworkload:cost,32.1398
20260729-194207,headroom_b256_block1_depth0_oracle_cost,oracle_perworkload,prefix,lastfm,1216,1867138,3,3198959,1.7133,0.9975,0,0,0,0,0.0,0,0,0,0,0,0,0,0,256,1,0,oracle_perworkload:cost,0.1805
20260729-194207,headroom_b256_block1_depth0_oracle_cost,oracle_perworkload,prefix,mm,2785,569189337,1339,1513905619,2.6598,0.5192,0,0,0,0,0.0,0,0,0,0,0,0,0,0,256,1,0,oracle_perworkload:cost,81.3877
20260729-194207,headroom_b256_block1_depth0_oracle_cost,oracle_perworkload,prefix,clickbench,1572,646756165,1349,710400048,1.0984,0.1419,0,0,0,0,0.0,0,0,0,0,0,0,0,0,256,1,0,oracle_perworkload:cost,74.2249
20260729-194207,headroom_b256_block1_depth0_oracle_cost,oracle_perworkload,prefix,fmnist,1216,6140828,186,193033765,31.4345,0.8470,0,0,0,0,0.0,0,0,0,0,0,0,0,0,256,1,0,oracle_perworkload:cost,11.1409
20260729-194207,headroom_b256_block1_depth0_oracle_cost,oracle_perworkload,prefix,sift,1216,3142849,362,377367188,120.0717,0.7023,0,0,0,0,0.0,0,0,0,0,0,0,0,0,256,1,0,oracle_perworkload:cost,21.6989
20260729-194207,headroom_b256_block1_depth0_oracle_cost,oracle_perworkload,prefix,emb_real,1216,969764,1,946065,0.9756,0.9992,0,0,0,0,0.0,0,0,0,0,0,0,0,0,256,1,0,oracle_perworkload:cost,0.0590
20260729-194225,headroom_b256_block1_depth1_forced_template_locality,forced_template_locality,all,,11189,2588051441,6918,2821216433,1.0901,0.5111,0,0,0,7118225874,1111125.9,158588,2453441,10343760,1448,379281597,35517548,345768287,0,256,1,1,forced:template_locality,372.8052
20260729-194225,headroom_b256_block1_depth1_forced_template_locality,forced_template_locality,prefix,tpch,1309,295968743,708,189585736,0.6406,0.5989,0,0,0,0,0.0,0,0,0,183,47972352,3453440,44518912,0,256,1,1,forced:template_locality,37.2080
20260729-194225,headroom_b256_block1_depth1_forced_template_locality,forced_template_locality,prefix,taxi,659,1064016617,660,901649250,0.8474,0.2473,0,0,0,0,0.0,0,0,0,164,42991616,20919814,24076040,0,256,1,1,forced:template_locality,41.5988
20260729-194225,headroom_b256_block1_depth1_forced_template_locality,forced_template_locality,prefix,lastfm,1216,1867138,18,3713441,1.9888,0.9901,0,0,0,0,0.0,0,0,0,6,1572864,283126,1289738,0,256,1,1,forced:template_locality,0.9354
20260729-194225,headroom_b256_block1_depth1_forced_template_locality,forced_template_locality,prefix,mm,2785,569189337,2165,689138457,1.2107,0.3774,0,0,0,0,0.0,0,0,0,431,112984064,8679533,104304531,0,256,1,1,forced:template_locality,114.8221
20260729-194225,headroom_b256_block1_depth1_forced_template_locality,forced_template_locality,prefix,clickbench,1572,646756165,1632,784586800,1.2131,0.1425,0,0,0,0,0.0,0,0,0,284,74448896,190435,74258461,0,256,1,1,forced:template_locality,89.0824
20260729-194225,headroom_b256_block1_depth1_forced_template_locality,forced_template_locality,prefix,fmnist,1216,6140828,962,157367501,25.6264,0.4169,0,0,0,0,0.0,0,0,0,253,66322432,580200,65742232,0,256,1,1,forced:template_locality,49.6008
20260729-194225,headroom_b256_block1_depth1_forced_template_locality,forced_template_locality,prefix,sift,1216,3142849,766,93911361,29.8810,0.4720,0,0,0,0,0.0,0,0,0,124,32305452,1108240,31197212,0,256,1,1,forced:template_locality,39.1956
20260729-194225,headroom_b256_block1_depth1_forced_template_locality,forced_template_locality,prefix,emb_real,1216,969764,7,1263887,1.3033,0.9967,0,0,0,0,0.0,0,0,0,3,683921,302760,381161,0,256,1,1,forced:template_locality,0.3621
20260729-194258,headroom_b256_block1_depth1_forced_s3a_prefetch,forced_s3a_prefetch,all,,11189,2588051441,7220,8781592633,3.3931,0.6410,0,0,0,23184624764,2531733.7,17843,6177143,12999793,3203,3358394493,189239168,3169155325,0,256,1,1,forced:s3a_prefetch,444.7478
20260729-194258,headroom_b256_block1_depth1_forced_s3a_prefetch,forced_s3a_prefetch,prefix,tpch,1309,295968743,424,453682499,1.5329,0.7815,0,0,0,0,0.0,0,0,0,138,144509053,29048912,115460141,0,256,1,1,forced:s3a_prefetch,25.5267
20260729-194258,headroom_b256_block1_depth1_forced_s3a_prefetch,forced_s3a_prefetch,prefix,taxi,659,1064016617,789,1561975346,1.4680,0.2215,0,0,0,0,0.0,0,0,0,276,289406976,12529267,276877709,0,256,1,1,forced:s3a_prefetch,54.3462
20260729-194258,headroom_b256_block1_depth1_forced_s3a_prefetch,forced_s3a_prefetch,prefix,lastfm,1216,1867138,3,3198959,1.7133,0.9984,0,0,0,0,0.0,0,0,0,1,1048576,203840,844736,0,256,1,1,forced:s3a_prefetch,0.1805
20260729-194258,headroom_b256_block1_depth1_forced_s3a_prefetch,forced_s3a_prefetch,prefix,mm,2785,569189337,2465,2701802726,4.7468,0.5242,0,0,0,0,0.0,0,0,0,1140,1195376640,130823635,1064553005,0,256,1,1,forced:s3a_prefetch,149.0164
20260729-194258,headroom_b256_block1_depth1_forced_s3a_prefetch,forced_s3a_prefetch,prefix,clickbench,1572,646756165,2767,3255753637,5.0340,0.0655,0,0,0,0,0.0,0,0,0,1298,1361051648,15035242,1346016406,0,256,1,1,forced:s3a_prefetch,169.3993
20260729-194258,headroom_b256_block1_depth1_forced_s3a_prefetch,forced_s3a_prefetch,prefix,fmnist,1216,6140828,186,193033765,31.4345,0.9145,0,0,0,0,0.0,0,0,0,82,85983232,1404928,84578304,0,256,1,1,forced:s3a_prefetch,11.1409
20260729-194258,headroom_b256_block1_depth1_forced_s3a_prefetch,forced_s3a_prefetch,prefix,sift,1216,3142849,585,611199636,194.4731,0.7393,0,0,0,0,0.0,0,0,0,268,281018368,193344,280825024,0,256,1,1,forced:s3a_prefetch,35.0789
20260729-194258,headroom_b256_block1_depth1_forced_s3a_prefetch,forced_s3a_prefetch,prefix,emb_real,1216,969764,1,946065,0.9756,0.9992,0,0,0,0,0.0,0,0,0,0,0,0,0,0,256,1,1,forced:s3a_prefetch,0.0590
20260729-193959,headroom_b256_block1_depth0_forced_s3a_random,forced_s3a_random,all,,11189,2588051441,5965,2170498785,0.8387,0.4669,0,0,0,5517759395,967420.1,154922,2155250,10186657,0,0,0,0,0,256,1,1,forced:s3a_random,318.9495
20260729-193959,headroom_b256_block1_depth0_forced_s3a_random,forced_s3a_random,prefix,tpch,1309,295968743,605,122729226,0.4147,0.5378,0,0,0,0,0.0,0,0,0,0,0,0,0,0,256,1,1,forced:s3a_random,31.4204
20260729-193959,headroom_b256_block1_depth0_forced_s3a_random,forced_s3a_random,prefix,taxi,659,1064016617,490,801511881,0.7533,0.2564,0,0,0,0,0.0,0,0,0,0,0,0,0,0,256,1,1,forced:s3a_random,32.1438
20260729-193959,headroom_b256_block1_depth0_forced_s3a_random,forced_s3a_random,prefix,lastfm,1216,1867138,75,5482913,2.9365,0.9383,0,0,0,0,0.0,0,0,0,0,0,0,0,0,256,1,1,forced:s3a_random,3.8023
20260729-193959,headroom_b256_block1_depth0_forced_s3a_random,forced_s3a_random,prefix,mm,2785,569189337,1705,452949817,0.7958,0.3878,0,0,0,0,0.0,0,0,0,0,0,0,0,0,256,1,1,forced:s3a_random,89.5697
20260729-193959,headroom_b256_block1_depth0_forced_s3a_random,forced_s3a_random,prefix,clickbench,1572,646756165,1358,672823988,1.0403,0.1361,0,0,0,0,0.0,0,0,0,0,0,0,0,0,256,1,1,forced:s3a_random,74.3165
20260729-193959,headroom_b256_block1_depth0_forced_s3a_random,forced_s3a_random,prefix,fmnist,1216,6140828,951,63541325,10.3474,0.2179,0,0,0,0,0.0,0,0,0,0,0,0,0,0,256,1,1,forced:s3a_random,48.1560
20260729-193959,headroom_b256_block1_depth0_forced_s3a_random,forced_s3a_random,prefix,sift,1216,3142849,756,49700021,15.8137,0.3783,0,0,0,0,0.0,0,0,0,0,0,0,0,0,256,1,1,forced:s3a_random,38.2740
20260729-193959,headroom_b256_block1_depth0_forced_s3a_random,forced_s3a_random,prefix,emb_real,1216,969764,25,1759614,1.8145,0.9794,0,0,0,0,0.0,0,0,0,0,0,0,0,0,256,1,1,forced:s3a_random,1.2668
20260729-194057,headroom_b256_block1_depth0_forced_template_multimodal,forced_template_multimodal,all,,11189,2588051441,5898,2162188324,0.8355,0.4729,0,0,0,6248572568,1028763.1,151627,2346259,12287571,0,0,0,0,0,256,1,1,forced:template_multimodal,315.5202
20260729-194057,headroom_b256_block1_depth0_forced_template_multimodal,forced_template_multimodal,prefix,tpch,1309,295968743,655,121192773,0.4095,0.4996,0,0,0,0,0.0,0,0,0,0,0,0,0,0,256,1,1,forced:template_multimodal,33.9058
20260729-194057,headroom_b256_block1_depth0_forced_template_multimodal,forced_template_multimodal,prefix,taxi,659,1064016617,490,801089668,0.7529,0.2564,0,0,0,0,0.0,0,0,0,0,0,0,0,0,256,1,1,forced:template_multimodal,32.1398
20260729-194057,headroom_b256_block1_depth0_forced_template_multimodal,forced_template_multimodal,prefix,lastfm,1216,1867138,42,3320225,1.7782,0.9655,0,0,0,0,0.0,0,0,0,0,0,0,0,0,256,1,1,forced:template_multimodal,2.1317
20260729-194057,headroom_b256_block1_depth0_forced_template_multimodal,forced_template_multimodal,prefix,mm,2785,569189337,1681,448505666,0.7880,0.3964,0,0,0,0,0.0,0,0,0,0,0,0,0,0,256,1,1,forced:template_multimodal,88.3273
20260729-194057,headroom_b256_block1_depth0_forced_template_multimodal,forced_template_multimodal,prefix,clickbench,1572,646756165,1358,671919051,1.0389,0.1361,0,0,0,0,0.0,0,0,0,0,0,0,0,0,256,1,1,forced:template_multimodal,74.3079
20260729-194057,headroom_b256_block1_depth0_forced_template_multimodal,forced_template_multimodal,prefix,fmnist,1216,6140828,936,66725232,10.8658,0.2303,0,0,0,0,0.0,0,0,0,0,0,0,0,0,256,1,1,forced:template_multimodal,47.4363
20260729-194057,headroom_b256_block1_depth0_forced_template_multimodal,forced_template_multimodal,prefix,sift,1216,3142849,722,48396991,15.3991,0.4063,0,0,0,0,0.0,0,0,0,0,0,0,0,0,256,1,1,forced:template_multimodal,36.5615
20260729-194057,headroom_b256_block1_depth0_forced_template_multimodal,forced_template_multimodal,prefix,emb_real,1216,969764,14,1038718,1.0711,0.9885,0,0,0,0,0.0,0,0,0,0,0,0,0,0,256,1,1,forced:template_multimodal,0.7099
20260729-194317,headroom_b256_block1_depth1_template_auto,template_auto,all,,11189,2588051441,6016,3537084838,1.3667,0.5398,3400,0,0,8727266767,1249833.6,80101,4773731,10218678,867,736686380,86410548,650275832,0,256,1,1,selector:template_auto,334.5323
20260729-194317,headroom_b256_block1_depth1_template_auto,template_auto,prefix,tpch,1309,295968743,402,242317929,0.8187,0.7632,610,0,0,0,0.0,0,0,0,92,96468992,28575161,67893831,0,256,1,1,selector:template_auto,22.4109
20260729-194317,headroom_b256_block1_depth1_template_auto,template_auto,prefix,taxi,659,1064016617,741,1269713609,1.1933,0.1563,282,0,0,0,0.0,0,0,0,185,187695104,255688,187439416,0,256,1,1,selector:template_auto,49.1589
20260729-194317,headroom_b256_block1_depth1_template_auto,template_auto,prefix,lastfm,1216,1867138,16,3657711,1.9590,0.9901,21,0,0,0,0.0,0,0,0,4,1048576,194710,853866,0,256,1,1,selector:template_auto,0.8349
20260729-194317,headroom_b256_block1_depth1_template_auto,template_auto,prefix,mm,2785,569189337,1693,911342885,1.6011,0.4908,1069,0,0,0,0.0,0,0,0,275,260833280,54581198,206252082,0,256,1,1,selector:template_auto,93.3412
20260729-194317,headroom_b256_block1_depth1_template_auto,template_auto,prefix,clickbench,1572,646756165,1440,931028421,1.4395,0.1711,560,0,0,0,0.0,0,0,0,137,142868480,1579255,141289225,0,256,1,1,selector:template_auto,80.8790
20260729-194317,headroom_b256_block1_depth1_template_auto,template_auto,prefix,fmnist,1216,6140828,999,112412861,18.3058,0.2862,516,0,0,0,0.0,0,0,0,131,34340864,238376,34102488,0,256,1,1,selector:template_auto,51.0221
20260729-194317,headroom_b256_block1_depth1_template_auto,template_auto,prefix,sift,1216,3142849,724,65665357,20.8936,0.4400,335,0,0,0,0.0,0,0,0,43,13431084,986160,12444924,0,256,1,1,selector:template_auto,36.8262
20260729-194317,headroom_b256_block1_depth1_template_auto,template_auto,prefix,emb_real,1216,969764,1,946065,0.9756,0.9992,7,0,0,0,0.0,0,0,0,0,0,0,0,0,256,1,1,selector:template_auto,0.0590
20260729-194334,headroom_b256_block1_depth1_decision_tree,decision_tree,all,,11189,2588051441,5297,2465706450,0.9527,0.5592,68,0,0,6446851108,1053783.0,51086,2839980,10476062,365,175112192,11714361,163397831,0,256,1,1,selector:decision_tree,288.3648
20260729-194334,headroom_b256_block1_depth1_decision_tree,decision_tree,prefix,tpch,1309,295968743,605,123161773,0.4161,0.5378,7,0,0,0,0.0,0,0,0,0,0,0,0,0,256,1,1,selector:decision_tree,31.4246
20260729-194334,headroom_b256_block1_depth1_decision_tree,decision_tree,prefix,taxi,659,1064016617,659,931326281,0.8753,0.2534,19,0,0,0,0.0,0,0,0,167,57933824,9285801,48648023,0,256,1,1,selector:decision_tree,41.8318
20260729-194334,headroom_b256_block1_depth1_decision_tree,decision_tree,prefix,lastfm,1216,1867138,10,3657711,1.9590,0.9918,2,0,0,0,0.0,0,0,0,0,0,0,0,0,256,1,1,selector:decision_tree,0.5349
20260729-194334,headroom_b256_block1_depth1_decision_tree,decision_tree,prefix,mm,2785,569189337,1684,448969688,0.7888,0.3957,13,0,0,0,0.0,0,0,0,1,262144,0,262144,0,256,1,1,selector:decision_tree,88.4817
20260729-194334,headroom_b256_block1_depth1_decision_tree,decision_tree,prefix,clickbench,1572,646756165,1358,672637033,1.0400,0.1361,18,0,0,0,0.0,0,0,0,0,0,0,0,0,256,1,1,selector:decision_tree,74.3148
20260729-194334,headroom_b256_block1_depth1_decision_tree,decision_tree,prefix,fmnist,1216,6140828,203,192129149,31.2872,0.9013,4,0,0,0,0.0,0,0,0,83,87031808,1420608,85611200,0,256,1,1,selector:decision_tree,11.9823
20260729-194334,headroom_b256_block1_depth1_decision_tree,decision_tree,prefix,sift,1216,3142849,767,92102176,29.3053,0.4630,3,0,0,0,0.0,0,0,0,114,29884416,1007952,28876464,0,256,1,1,selector:decision_tree,39.2284
20260729-194334,headroom_b256_block1_depth1_decision_tree,decision_tree,prefix,emb_real,1216,969764,11,1722639,1.7763,0.9910,2,0,0,0,0.0,0,0,0,0,0,0,0,0,256,1,1,selector:decision_tree,0.5664
20260729-194350,headroom_b256_block1_depth1_oracle_bytes,oracle_perworkload,all,,11189,2588051441,5861,2158790498,0.8341,0.4763,0,0,0,5565529356,960053.6,148710,2196998,10037266,1,1048576,203840,844736,0,256,1,1,oracle_perworkload:bytes,313.6378
20260729-194350,headroom_b256_block1_depth1_oracle_bytes,oracle_perworkload,prefix,tpch,1309,295968743,655,121192773,0.4095,0.4996,0,0,0,0,0.0,0,0,0,0,0,0,0,0,256,1,1,oracle_perworkload:bytes,33.9058
20260729-194350,headroom_b256_block1_depth1_oracle_bytes,oracle_perworkload,prefix,taxi,659,1064016617,490,801089668,0.7529,0.2564,0,0,0,0,0.0,0,0,0,0,0,0,0,0,256,1,1,oracle_perworkload:bytes,32.1398
20260729-194350,headroom_b256_block1_depth1_oracle_bytes,oracle_perworkload,prefix,lastfm,1216,1867138,3,3198959,1.7133,0.9984,0,0,0,0,0.0,0,0,0,1,1048576,203840,844736,0,256,1,1,oracle_perworkload:bytes,0.1805
20260729-194350,headroom_b256_block1_depth1_oracle_bytes,oracle_perworkload,prefix,mm,2785,569189337,1681,448505666,0.7880,0.3964,0,0,0,0,0.0,0,0,0,0,0,0,0,0,256,1,1,oracle_perworkload:bytes,88.3273
20260729-194350,headroom_b256_block1_depth1_oracle_bytes,oracle_perworkload,prefix,clickbench,1572,646756165,1358,671919051,1.0389,0.1361,0,0,0,0,0.0,0,0,0,0,0,0,0,0,256,1,1,oracle_perworkload:bytes,74.3079
20260729-194350,headroom_b256_block1_depth1_oracle_bytes,oracle_perworkload,prefix,fmnist,1216,6140828,951,63541325,10.3474,0.2179,0,0,0,0,0.0,0,0,0,0,0,0,0,0,256,1,1,oracle_perworkload:bytes,48.1560
20260729-194350,headroom_b256_block1_depth1_oracle_bytes,oracle_perworkload,prefix,sift,1216,3142849,722,48396991,15.3991,0.4063,0,0,0,0,0.0,0,0,0,0,0,0,0,0,256,1,1,oracle_perworkload:bytes,36.5615
20260729-194350,headroom_b256_block1_depth1_oracle_bytes,oracle_perworkload,prefix,emb_real,1216,969764,1,946065,0.9756,0.9992,0,0,0,0,0.0,0,0,0,0,0,0,0,0,256,1,1,oracle_perworkload:bytes,0.0590
20260729-194409,headroom_b256_block1_depth1_oracle_cost,oracle_perworkload,all,,11189,2588051441,4728,3183575309,1.2301,0.6211,0,0,0,8927668005,1267717.1,20639,4968298,12223083,489,512559229,30851024,481708205,0,256,1,1,oracle_perworkload:cost,266.7609
20260729-194409,headroom_b256_block1_depth1_oracle_cost,oracle_perworkload,prefix,tpch,1309,295968743,424,453682499,1.5329,0.7815,0,0,0,0,0.0,0,0,0,138,144509053,29048912,115460141,0,256,1,1,oracle_perworkload:cost,25.5267
20260729-194409,headroom_b256_block1_depth1_oracle_cost,oracle_perworkload,prefix,taxi,659,1064016617,490,801089668,0.7529,0.2564,0,0,0,0,0.0,0,0,0,0,0,0,0,0,256,1,1,oracle_perworkload:cost,32.1398
20260729-194409,headroom_b256_block1_depth1_oracle_cost,oracle_perworkload,prefix,lastfm,1216,1867138,3,3198959,1.7133,0.9984,0,0,0,0,0.0,0,0,0,1,1048576,203840,844736,0,256,1,1,oracle_perworkload:cost,0.1805
20260729-194409,headroom_b256_block1_depth1_oracle_cost,oracle_perworkload,prefix,mm,2785,569189337,1681,448505666,0.7880,0.3964,0,0,0,0,0.0,0,0,0,0,0,0,0,0,256,1,1,oracle_perworkload:cost,88.3273
20260729-194409,headroom_b256_block1_depth1_oracle_cost,oracle_perworkload,prefix,clickbench,1572,646756165,1358,671919051,1.0389,0.1361,0,0,0,0,0.0,0,0,0,0,0,0,0,0,256,1,1,oracle_perworkload:cost,74.3079
20260729-194409,headroom_b256_block1_depth1_oracle_cost,oracle_perworkload,prefix,fmnist,1216,6140828,186,193033765,31.4345,0.9145,0,0,0,0,0.0,0,0,0,82,85983232,1404928,84578304,0,256,1,1,oracle_perworkload:cost,11.1409
20260729-194409,headroom_b256_block1_depth1_oracle_cost,oracle_perworkload,prefix,sift,1216,3142849,585,611199636,194.4731,0.7393,0,0,0,0,0.0,0,0,0,268,281018368,193344,280825024,0,256,1,1,oracle_perworkload:cost,35.0789
20260729-194409,headroom_b256_block1_depth1_oracle_cost,oracle_perworkload,prefix,emb_real,1216,969764,1,946065,0.9756,0.9992,0,0,0,0,0.0,0,0,0,0,0,0,0,0,256,1,1,oracle_perworkload:cost,0.0590
20260729-194429,headroom_b256_block4_depth4_forced_template_locality,forced_template_locality,all,,11189,2588051441,10786,3937886327,1.5216,0.5238,0,0,0,9686325874,1331114.9,155103,3440311,10422635,5458,1430080834,60669815,1369411019,0,256,4,4,forced:template_locality,576.8546
20260729-194429,headroom_b256_block4_depth4_forced_template_locality,forced_template_locality,prefix,tpch,1309,295968743,1101,295146082,0.9972,0.6264,0,0,0,0,0.0,0,0,0,612,160242047,15129157,145112890,0,256,4,4,forced:template_locality,57.8647
20260729-194429,headroom_b256_block4_depth4_forced_template_locality,forced_template_locality,prefix,taxi,659,1064016617,1199,1093995536,1.0282,0.2094,0,0,0,0,0.0,0,0,0,678,177733632,19581300,158152332,0,256,4,4,forced:template_locality,70.3832
20260729-194429,headroom_b256_block4_depth4_forced_template_locality,forced_template_locality,prefix,lastfm,1216,1867138,15,3516833,1.8835,0.9934,0,0,0,0,0.0,0,0,0,7,1835008,330060,1504948,0,256,4,4,forced:template_locality,0.7835
20260729-194429,headroom_b256_block4_depth4_forced_template_locality,forced_template_locality,prefix,mm,2785,569189337,3778,1137501745,1.9985,0.3483,0,0,0,0,0.0,0,0,0,1963,514588672,22186903,492401769,0,256,4,4,forced:template_locality,199.7481
20260729-194429,headroom_b256_block4_depth4_forced_template_locality,forced_template_locality,prefix,clickbench,1572,646756165,2586,1034672176,1.5998,0.1368,0,0,0,0,0.0,0,0,0,1229,322174976,190435,321984541,0,256,4,4,forced:template_locality,139.1674
20260729-194429,headroom_b256_block4_depth4_forced_template_locality,forced_template_locality,prefix,fmnist,1216,6140828,1080,206770131,33.6714,0.5707,0,0,0,0,0.0,0,0,0,558,146068230,1509240,144558990,0,256,4,4,forced:template_locality,55.9719
20260729-194429,headroom_b256_block4_depth4_forced_template_locality,forced_template_locality,prefix,sift,1216,3142849,1020,165019937,52.5065,0.4967,0,0,0,0,0.0,0,0,0,408,106754348,1439960,105314388,0,256,4,4,forced:template_locality,52.5738
20260729-194429,headroom_b256_block4_depth4_forced_template_locality,forced_template_locality,prefix,emb_real,1216,969764,7,1263887,1.3033,0.9967,0,0,0,0,0.0,0,0,0,3,683921,302760,381161,0,256,4,4,forced:template_locality,0.3621
20260729-194644,headroom_b256_block4_depth4_forced_s3a_prefetch,forced_s3a_prefetch,all,,11189,2588051441,13105,54974503394,21.2417,0.7368,0,0,0,125390959530,11666962.6,12363,47772166,49132977,10160,42450613566,817012560,41633601006,0,256,4,4,forced:s3a_prefetch,1179.5277
20260729-194644,headroom_b256_block4_depth4_forced_s3a_prefetch,forced_s3a_prefetch,prefix,tpch,1309,295968743,161,632605590,2.1374,0.9756,0,0,0,0,0.0,0,0,0,129,533355157,265544041,267811116,0,256,4,4,forced:s3a_prefetch,14.0830
20260729-194644,headroom_b256_block4_depth4_forced_s3a_prefetch,forced_s3a_prefetch,prefix,taxi,659,1064016617,704,3073322214,2.8884,0.5615,0,0,0,0,0.0,0,0,0,415,1669421725,225119168,1444302557,0,256,4,4,forced:s3a_prefetch,64.5095
20260729-194644,headroom_b256_block4_depth4_forced_s3a_prefetch,forced_s3a_prefetch,prefix,lastfm,1216,1867138,1,3198959,1.7133,0.9992,0,0,0,0,0.0,0,0,0,0,0,0,0,0,256,4,4,forced:s3a_prefetch,0.0805
20260729-194644,headroom_b256_block4_depth4_forced_s3a_prefetch,forced_s3a_prefetch,prefix,mm,2785,569189337,5562,23196830200,40.7542,0.5842,0,0,0,0,0.0,0,0,0,4404,18391672356,250052149,18141620207,0,256,4,4,forced:s3a_prefetch,499.3222
20260729-194644,headroom_b256_block4_depth4_forced_s3a_prefetch,forced_s3a_prefetch,prefix,clickbench,1572,646756165,5838,24586924881,38.0158,0.2462,0,0,0,0,0.0,0,0,0,4653,19516096512,73634722,19442461790,0,256,4,4,forced:s3a_prefetch,526.3792
20260729-194644,headroom_b256_block4_depth4_forced_s3a_prefetch,forced_s3a_prefetch,prefix,fmnist,1216,6140828,48,190934373,31.0926,0.9852,0,0,0,0,0.0,0,0,0,30,125829120,2352000,123477120,0,256,4,4,forced:s3a_prefetch,4.2209
20260729-194644,headroom_b256_block4_depth4_forced_s3a_prefetch,forced_s3a_prefetch,prefix,sift,1216,3142849,790,3289741112,1046.7385,0.7854,0,0,0,0,0.0,0,0,0,529,2214238696,310480,2213928216,0,256,4,4,forced:s3a_prefetch,70.8734
20260729-194644,headroom_b256_block4_depth4_forced_s3a_prefetch,forced_s3a_prefetch,prefix,emb_real,1216,969764,1,946065,0.9756,0.9992,0,0,0,0,0.0,0,0,0,0,0,0,0,0,256,4,4,forced:s3a_prefetch,0.0590
20260729-193959,headroom_b256_block1_depth0_forced_s3a_random,forced_s3a_random,all,,11189,2588051441,5965,2170498785,0.8387,0.4669,0,0,0,5517759395,967420.1,154922,2155250,10186657,0,0,0,0,0,256,4,4,forced:s3a_random,318.9495
20260729-193959,headroom_b256_block1_depth0_forced_s3a_random,forced_s3a_random,prefix,tpch,1309,295968743,605,122729226,0.4147,0.5378,0,0,0,0,0.0,0,0,0,0,0,0,0,0,256,4,4,forced:s3a_random,31.4204
20260729-193959,headroom_b256_block1_depth0_forced_s3a_random,forced_s3a_random,prefix,taxi,659,1064016617,490,801511881,0.7533,0.2564,0,0,0,0,0.0,0,0,0,0,0,0,0,0,256,4,4,forced:s3a_random,32.1438
20260729-193959,headroom_b256_block1_depth0_forced_s3a_random,forced_s3a_random,prefix,lastfm,1216,1867138,75,5482913,2.9365,0.9383,0,0,0,0,0.0,0,0,0,0,0,0,0,0,256,4,4,forced:s3a_random,3.8023
20260729-193959,headroom_b256_block1_depth0_forced_s3a_random,forced_s3a_random,prefix,mm,2785,569189337,1705,452949817,0.7958,0.3878,0,0,0,0,0.0,0,0,0,0,0,0,0,0,256,4,4,forced:s3a_random,89.5697
20260729-193959,headroom_b256_block1_depth0_forced_s3a_random,forced_s3a_random,prefix,clickbench,1572,646756165,1358,672823988,1.0403,0.1361,0,0,0,0,0.0,0,0,0,0,0,0,0,0,256,4,4,forced:s3a_random,74.3165
20260729-193959,headroom_b256_block1_depth0_forced_s3a_random,forced_s3a_random,prefix,fmnist,1216,6140828,951,63541325,10.3474,0.2179,0,0,0,0,0.0,0,0,0,0,0,0,0,0,256,4,4,forced:s3a_random,48.1560
20260729-193959,headroom_b256_block1_depth0_forced_s3a_random,forced_s3a_random,prefix,sift,1216,3142849,756,49700021,15.8137,0.3783,0,0,0,0,0.0,0,0,0,0,0,0,0,0,256,4,4,forced:s3a_random,38.2740
20260729-193959,headroom_b256_block1_depth0_forced_s3a_random,forced_s3a_random,prefix,emb_real,1216,969764,25,1759614,1.8145,0.9794,0,0,0,0,0.0,0,0,0,0,0,0,0,0,256,4,4,forced:s3a_random,1.2668
20260729-194057,headroom_b256_block1_depth0_forced_template_multimodal,forced_template_multimodal,all,,11189,2588051441,5898,2162188324,0.8355,0.4729,0,0,0,6248572568,1028763.1,151627,2346259,12287571,0,0,0,0,0,256,4,4,forced:template_multimodal,315.5202
20260729-194057,headroom_b256_block1_depth0_forced_template_multimodal,forced_template_multimodal,prefix,tpch,1309,295968743,655,121192773,0.4095,0.4996,0,0,0,0,0.0,0,0,0,0,0,0,0,0,256,4,4,forced:template_multimodal,33.9058
20260729-194057,headroom_b256_block1_depth0_forced_template_multimodal,forced_template_multimodal,prefix,taxi,659,1064016617,490,801089668,0.7529,0.2564,0,0,0,0,0.0,0,0,0,0,0,0,0,0,256,4,4,forced:template_multimodal,32.1398
20260729-194057,headroom_b256_block1_depth0_forced_template_multimodal,forced_template_multimodal,prefix,lastfm,1216,1867138,42,3320225,1.7782,0.9655,0,0,0,0,0.0,0,0,0,0,0,0,0,0,256,4,4,forced:template_multimodal,2.1317
20260729-194057,headroom_b256_block1_depth0_forced_template_multimodal,forced_template_multimodal,prefix,mm,2785,569189337,1681,448505666,0.7880,0.3964,0,0,0,0,0.0,0,0,0,0,0,0,0,0,256,4,4,forced:template_multimodal,88.3273
20260729-194057,headroom_b256_block1_depth0_forced_template_multimodal,forced_template_multimodal,prefix,clickbench,1572,646756165,1358,671919051,1.0389,0.1361,0,0,0,0,0.0,0,0,0,0,0,0,0,0,256,4,4,forced:template_multimodal,74.3079
20260729-194057,headroom_b256_block1_depth0_forced_template_multimodal,forced_template_multimodal,prefix,fmnist,1216,6140828,936,66725232,10.8658,0.2303,0,0,0,0,0.0,0,0,0,0,0,0,0,0,256,4,4,forced:template_multimodal,47.4363
20260729-194057,headroom_b256_block1_depth0_forced_template_multimodal,forced_template_multimodal,prefix,sift,1216,3142849,722,48396991,15.3991,0.4063,0,0,0,0,0.0,0,0,0,0,0,0,0,0,256,4,4,forced:template_multimodal,36.5615
20260729-194057,headroom_b256_block1_depth0_forced_template_multimodal,forced_template_multimodal,prefix,emb_real,1216,969764,14,1038718,1.0711,0.9885,0,0,0,0,0.0,0,0,0,0,0,0,0,0,256,4,4,forced:template_multimodal,0.7099
20260729-194726,headroom_b256_block4_depth4_template_auto,template_auto,all,,11189,2588051441,6962,11260766499,4.3511,0.6003,3400,0,0,31327190857,3260982.1,145155,12731098,57496125,2490,7519028195,636281357,6882746838,0,256,4,4,selector:template_auto,455.4910
20260729-194726,headroom_b256_block4_depth4_template_auto,template_auto,prefix,tpch,1309,295968743,194,378516088,1.2789,0.9022,610,0,0,0,0.0,0,0,0,66,274044444,213870895,60173549,0,256,4,4,selector:template_auto,13.3098
20260729-194726,headroom_b256_block4_depth4_template_auto,template_auto,prefix,taxi,659,1064016617,733,2961302510,2.7831,0.5463,282,0,0,0,0.0,0,0,0,434,1743953057,198690935,1545262122,0,256,4,4,selector:template_auto,64.8912
20260729-194726,headroom_b256_block4_depth4_template_auto,template_auto,prefix,lastfm,1216,1867138,1,3198959,1.7133,0.9992,21,0,0,0,0.0,0,0,0,0,0,0,0,0,256,4,4,selector:template_auto,0.0805
20260729-194726,headroom_b256_block4_depth4_template_auto,template_auto,prefix,mm,2785,569189337,2082,4101454020,7.2058,0.5741,1069,0,0,0,0.0,0,0,0,896,3030646784,220296255,2810350529,0,256,4,4,selector:template_auto,143.2145
20260729-194726,headroom_b256_block4_depth4_template_auto,template_auto,prefix,clickbench,1572,646756165,1995,3540727925,5.4746,0.0872,560,0,0,0,0.0,0,0,0,560,2317352960,1279776,2316073184,0,256,4,4,selector:template_auto,133.5170
20260729-194726,headroom_b256_block4_depth4_template_auto,template_auto,prefix,fmnist,1216,6140828,1162,174201795,28.3678,0.3742,516,0,0,0,0.0,0,0,0,401,104911622,748112,104163510,0,256,4,4,selector:template_auto,59.7613
20260729-194726,headroom_b256_block4_depth4_template_auto,template_auto,prefix,sift,1216,3142849,794,100419137,31.9516,0.4564,335,0,0,0,0.0,0,0,0,133,48119328,1395384,46723944,0,256,4,4,selector:template_auto,40.6577
20260729-194726,headroom_b256_block4_depth4_template_auto,template_auto,prefix,emb_real,1216,969764,1,946065,0.9756,0.9992,7,0,0,0,0.0,0,0,0,0,0,0,0,0,256,4,4,selector:template_auto,0.0590
20260729-194743,headroom_b256_block4_depth4_decision_tree,decision_tree,all,,11189,2588051441,5844,2810355868,1.0859,0.5703,68,0,0,7163543757,1122317.9,52159,3114767,10735036,1036,510106692,28966064,481140628,0,256,4,4,selector:decision_tree,319.0016
20260729-194743,headroom_b256_block4_depth4_decision_tree,decision_tree,prefix,tpch,1309,295968743,604,123489453,0.4172,0.5401,7,0,0,0,0.0,0,0,0,2,524288,358371,165917,0,256,4,4,selector:decision_tree,31.3777
20260729-194743,headroom_b256_block4_depth4_decision_tree,decision_tree,prefix,taxi,659,1064016617,1111,1209194595,1.1364,0.2595,19,0,0,0,0.0,0,0,0,623,280413660,24062013,256351647,0,256,4,4,selector:decision_tree,67.0818
20260729-194743,headroom_b256_block4_depth4_decision_tree,decision_tree,prefix,lastfm,1216,1867138,1,3198959,1.7133,0.9992,2,0,0,0,0.0,0,0,0,0,0,0,0,0,256,4,4,selector:decision_tree,0.0805
20260729-194743,headroom_b256_block4_depth4_decision_tree,decision_tree,prefix,mm,2785,569189337,1686,449493976,0.7897,0.3957,13,0,0,0,0.0,0,0,0,3,786432,0,786432,0,256,4,4,selector:decision_tree,88.5867
20260729-194743,headroom_b256_block4_depth4_decision_tree,decision_tree,prefix,clickbench,1572,646756165,1358,672637033,1.0400,0.1361,18,0,0,0,0.0,0,0,0,0,0,0,0,0,256,4,4,selector:decision_tree,74.3148
20260729-194743,headroom_b256_block4_depth4_decision_tree,decision_tree,prefix,fmnist,1216,6140828,65,190947261,31.0947,0.9720,4,0,0,0,0.0,0,0,0,31,129554024,3359152,126194872,0,256,4,4,selector:decision_tree,5.0710
20260729-194743,headroom_b256_block4_depth4_decision_tree,decision_tree,prefix,sift,1216,3142849,1008,159671952,50.8048,0.4811,3,0,0,0,0.0,0,0,0,377,98828288,1186528,97641760,0,256,4,4,selector:decision_tree,51.9228
20260729-194743,headroom_b256_block4_depth4_decision_tree,decision_tree,prefix,emb_real,1216,969764,11,1722639,1.7763,0.9910,2,0,0,0,0.0,0,0,0,0,0,0,0,0,256,4,4,selector:decision_tree,0.5664
20260729-194759,headroom_b256_block4_depth4_oracle_bytes,oracle_perworkload,all,,11189,2588051441,5859,2158790498,0.8341,0.4764,0,0,0,5492488239,965465.3,149001,2217133,10161806,0,0,0,0,0,256,4,4,oracle_perworkload:bytes,313.5378
20260729-194759,headroom_b256_block4_depth4_oracle_bytes,oracle_perworkload,prefix,tpch,1309,295968743,655,121192773,0.4095,0.4996,0,0,0,0,0.0,0,0,0,0,0,0,0,0,256,4,4,oracle_perworkload:bytes,33.9058
20260729-194759,headroom_b256_block4_depth4_oracle_bytes,oracle_perworkload,prefix,taxi,659,1064016617,490,801089668,0.7529,0.2564,0,0,0,0,0.0,0,0,0,0,0,0,0,0,256,4,4,oracle_perworkload:bytes,32.1398
20260729-194759,headroom_b256_block4_depth4_oracle_bytes,oracle_perworkload,prefix,lastfm,1216,1867138,1,3198959,1.7133,0.9992,0,0,0,0,0.0,0,0,0,0,0,0,0,0,256,4,4,oracle_perworkload:bytes,0.0805
20260729-194759,headroom_b256_block4_depth4_oracle_bytes,oracle_perworkload,prefix,mm,2785,569189337,1681,448505666,0.7880,0.3964,0,0,0,0,0.0,0,0,0,0,0,0,0,0,256,4,4,oracle_perworkload:bytes,88.3273
20260729-194759,headroom_b256_block4_depth4_oracle_bytes,oracle_perworkload,prefix,clickbench,1572,646756165,1358,671919051,1.0389,0.1361,0,0,0,0,0.0,0,0,0,0,0,0,0,0,256,4,4,oracle_perworkload:bytes,74.3079
20260729-194759,headroom_b256_block4_depth4_oracle_bytes,oracle_perworkload,prefix,fmnist,1216,6140828,951,63541325,10.3474,0.2179,0,0,0,0,0.0,0,0,0,0,0,0,0,0,256,4,4,oracle_perworkload:bytes,48.1560
20260729-194759,headroom_b256_block4_depth4_oracle_bytes,oracle_perworkload,prefix,sift,1216,3142849,722,48396991,15.3991,0.4063,0,0,0,0,0.0,0,0,0,0,0,0,0,0,256,4,4,oracle_perworkload:bytes,36.5615
20260729-194759,headroom_b256_block4_depth4_oracle_bytes,oracle_perworkload,prefix,emb_real,1216,969764,1,946065,0.9756,0.9992,0,0,0,0,0.0,0,0,0,0,0,0,0,0,256,4,4,oracle_perworkload:bytes,0.0590
20260729-194818,headroom_b256_block4_depth4_oracle_cost,oracle_perworkload,all,,11189,2588051441,4462,2797596363,1.0810,0.6154,0,0,0,7900498786,1183093.7,21721,3367153,12576180,159,659184277,267896041,391288236,0,256,4,4,oracle_perworkload:cost,249.7800
20260729-194818,headroom_b256_block4_depth4_oracle_cost,oracle_perworkload,prefix,tpch,1309,295968743,161,632605590,2.1374,0.9756,0,0,0,0,0.0,0,0,0,129,533355157,265544041,267811116,0,256,4,4,oracle_perworkload:cost,14.0830
20260729-194818,headroom_b256_block4_depth4_oracle_cost,oracle_perworkload,prefix,taxi,659,1064016617,490,801089668,0.7529,0.2564,0,0,0,0,0.0,0,0,0,0,0,0,0,0,256,4,4,oracle_perworkload:cost,32.1398
20260729-194818,headroom_b256_block4_depth4_oracle_cost,oracle_perworkload,prefix,lastfm,1216,1867138,1,3198959,1.7133,0.9992,0,0,0,0,0.0,0,0,0,0,0,0,0,0,256,4,4,oracle_perworkload:cost,0.0805
20260729-194818,headroom_b256_block4_depth4_oracle_cost,oracle_perworkload,prefix,mm,2785,569189337,1681,448505666,0.7880,0.3964,0,0,0,0,0.0,0,0,0,0,0,0,0,0,256,4,4,oracle_perworkload:cost,88.3273
20260729-194818,headroom_b256_block4_depth4_oracle_cost,oracle_perworkload,prefix,clickbench,1572,646756165,1358,671919051,1.0389,0.1361,0,0,0,0,0.0,0,0,0,0,0,0,0,0,256,4,4,oracle_perworkload:cost,74.3079
20260729-194818,headroom_b256_block4_depth4_oracle_cost,oracle_perworkload,prefix,fmnist,1216,6140828,48,190934373,31.0926,0.9852,0,0,0,0,0.0,0,0,0,30,125829120,2352000,123477120,0,256,4,4,oracle_perworkload:cost,4.2209
20260729-194818,headroom_b256_block4_depth4_oracle_cost,oracle_perworkload,prefix,sift,1216,3142849,722,48396991,15.3991,0.4063,0,0,0,0,0.0,0,0,0,0,0,0,0,0,256,4,4,oracle_perworkload:cost,36.5615
20260729-194818,headroom_b256_block4_depth4_oracle_cost,oracle_perworkload,prefix,emb_real,1216,969764,1,946065,0.9756,0.9992,0,0,0,0,0.0,0,0,0,0,0,0,0,0,256,4,4,oracle_perworkload:cost,0.0590
20260729-194841,headroom_b256_block8_depth8_forced_template_locality,forced_template_locality,all,,11189,2588051441,16267,5471558650,2.1142,0.5249,0,0,0,13425329761,1667232.6,158289,5822497,10461120,10951,2869561056,86956218,2782604838,0,256,8,8,forced:template_locality,865.5308
20260729-194841,headroom_b256_block8_depth8_forced_template_locality,forced_template_locality,prefix,tpch,1309,295968743,1867,509558323,1.7217,0.5584,0,0,0,0,0.0,0,0,0,1289,337458603,31030880,306427723,0,256,8,8,forced:template_locality,98.2095
20260729-194841,headroom_b256_block8_depth8_forced_template_locality,forced_template_locality,prefix,taxi,659,1064016617,1871,1315833815,1.2367,0.2443,0,0,0,0,0.0,0,0,0,1373,359701874,20469092,339232782,0,256,8,8,forced:template_locality,106.0988
20260729-194841,headroom_b256_block8_depth8_forced_template_locality,forced_template_locality,prefix,lastfm,1216,1867138,13,3385761,1.8133,0.9967,0,0,0,0,0.0,0,0,0,9,2359296,422664,1936632,0,256,8,8,forced:template_locality,0.6823
20260729-194841,headroom_b256_block8_depth8_forced_template_locality,forced_template_locality,prefix,mm,2785,569189337,5924,1713846812,3.0110,0.3447,0,0,0,0,0.0,0,0,0,4099,1074528256,30854731,1043673525,0,256,8,8,forced:template_locality,312.5445
20260729-194841,headroom_b256_block8_depth8_forced_template_locality,forced_template_locality,prefix,clickbench,1572,646756165,4277,1477957680,2.2852,0.0757,0,0,0,0,0.0,0,0,0,2824,740294656,190435,740104221,0,256,8,8,forced:template_locality,227.9449
20260729-194841,headroom_b256_block8_depth8_forced_template_locality,forced_template_locality,prefix,fmnist,1216,6140828,1038,211488723,34.4398,0.6801,0,0,0,0,0.0,0,0,0,649,169923334,2083128,167840206,0,256,8,8,forced:template_locality,53.9169
20260729-194841,headroom_b256_block8_depth8_forced_template_locality,forced_template_locality,prefix,sift,1216,3142849,1270,238223649,75.7986,0.5354,0,0,0,0,0.0,0,0,0,705,184611116,1602528,183008588,0,256,8,8,forced:template_locality,65.7719
20260729-194841,headroom_b256_block8_depth8_forced_template_locality,forced_template_locality,prefix,emb_real,1216,969764,7,1263887,1.3033,0.9967,0,0,0,0,0.0,0,0,0,3,683921,302760,381161,0,256,8,8,forced:template_locality,0.3621
20260729-195615,headroom_b256_block8_depth8_forced_s3a_prefetch,forced_s3a_prefetch,all,,11189,2588051441,19406,161533049507,62.4149,0.8129,0,0,0,443391649082,40089355.5,11862,216966549,222521548,17313,144416312841,1371386910,143044925931,0,256,8,8,forced:s3a_prefetch,2510.7992
20260729-195615,headroom_b256_block8_depth8_forced_s3a_prefetch,forced_s3a_prefetch,prefix,tpch,1309,295968743,99,748780584,2.5299,0.9832,0,0,0,0,0.0,0,0,0,77,634018453,266477594,367540859,0,256,8,8,forced:s3a_prefetch,12.0909
20260729-195615,headroom_b256_block8_depth8_forced_s3a_prefetch,forced_s3a_prefetch,prefix,taxi,659,1064016617,423,3340722759,3.1397,0.7253,0,0,0,0,0.0,0,0,0,242,1764960309,446929124,1318031185,0,256,8,8,forced:s3a_prefetch,53.0096
20260729-195615,headroom_b256_block8_depth8_forced_s3a_prefetch,forced_s3a_prefetch,prefix,lastfm,1216,1867138,1,3198959,1.7133,0.9992,0,0,0,0,0.0,0,0,0,0,0,0,0,0,256,8,8,forced:s3a_prefetch,0.0805
20260729-195615,headroom_b256_block8_depth8_forced_s3a_prefetch,forced_s3a_prefetch,prefix,mm,2785,569189337,9959,82675181034,145.2508,0.5777,0,0,0,0,0.0,0,0,0,8783,73160870197,261747149,72899123048,0,256,8,8,forced:s3a_prefetch,1286.4020
20260729-195615,headroom_b256_block8_depth8_forced_s3a_prefetch,forced_s3a_prefetch,prefix,clickbench,1572,646756165,8147,68391664121,105.7457,0.6972,0,0,0,0,0.0,0,0,0,7671,64345257718,392078131,63953179587,0,256,8,8,forced:s3a_prefetch,1059.5837
20260729-195615,headroom_b256_block8_depth8_forced_s3a_prefetch,forced_s3a_prefetch,prefix,fmnist,1216,6140828,26,190934373,31.0926,0.9918,0,0,0,0,0.0,0,0,0,16,134217728,2527616,131690112,0,256,8,8,forced:s3a_prefetch,3.1209
20260729-195615,headroom_b256_block8_depth8_forced_s3a_prefetch,forced_s3a_prefetch,prefix,sift,1216,3142849,750,6181621612,1966.8847,0.8141,0,0,0,0,0.0,0,0,0,524,4376988436,1627296,4375361140,0,256,8,8,forced:s3a_prefetch,96.4525
20260729-195615,headroom_b256_block8_depth8_forced_s3a_prefetch,forced_s3a_prefetch,prefix,emb_real,1216,969764,1,946065,0.9756,0.9992,0,0,0,0,0.0,0,0,0,0,0,0,0,0,256,8,8,forced:s3a_prefetch,0.0590
20260729-193959,headroom_b256_block1_depth0_forced_s3a_random,forced_s3a_random,all,,11189,2588051441,5965,2170498785,0.8387,0.4669,0,0,0,5517759395,967420.1,154922,2155250,10186657,0,0,0,0,0,256,8,8,forced:s3a_random,318.9495
20260729-193959,headroom_b256_block1_depth0_forced_s3a_random,forced_s3a_random,prefix,tpch,1309,295968743,605,122729226,0.4147,0.5378,0,0,0,0,0.0,0,0,0,0,0,0,0,0,256,8,8,forced:s3a_random,31.4204
20260729-193959,headroom_b256_block1_depth0_forced_s3a_random,forced_s3a_random,prefix,taxi,659,1064016617,490,801511881,0.7533,0.2564,0,0,0,0,0.0,0,0,0,0,0,0,0,0,256,8,8,forced:s3a_random,32.1438
20260729-193959,headroom_b256_block1_depth0_forced_s3a_random,forced_s3a_random,prefix,lastfm,1216,1867138,75,5482913,2.9365,0.9383,0,0,0,0,0.0,0,0,0,0,0,0,0,0,256,8,8,forced:s3a_random,3.8023
20260729-193959,headroom_b256_block1_depth0_forced_s3a_random,forced_s3a_random,prefix,mm,2785,569189337,1705,452949817,0.7958,0.3878,0,0,0,0,0.0,0,0,0,0,0,0,0,0,256,8,8,forced:s3a_random,89.5697
20260729-193959,headroom_b256_block1_depth0_forced_s3a_random,forced_s3a_random,prefix,clickbench,1572,646756165,1358,672823988,1.0403,0.1361,0,0,0,0,0.0,0,0,0,0,0,0,0,0,256,8,8,forced:s3a_random,74.3165
20260729-193959,headroom_b256_block1_depth0_forced_s3a_random,forced_s3a_random,prefix,fmnist,1216,6140828,951,63541325,10.3474,0.2179,0,0,0,0,0.0,0,0,0,0,0,0,0,0,256,8,8,forced:s3a_random,48.1560
20260729-193959,headroom_b256_block1_depth0_forced_s3a_random,forced_s3a_random,prefix,sift,1216,3142849,756,49700021,15.8137,0.3783,0,0,0,0,0.0,0,0,0,0,0,0,0,0,256,8,8,forced:s3a_random,38.2740
20260729-193959,headroom_b256_block1_depth0_forced_s3a_random,forced_s3a_random,prefix,emb_real,1216,969764,25,1759614,1.8145,0.9794,0,0,0,0,0.0,0,0,0,0,0,0,0,0,256,8,8,forced:s3a_random,1.2668
20260729-194057,headroom_b256_block1_depth0_forced_template_multimodal,forced_template_multimodal,all,,11189,2588051441,5898,2162188324,0.8355,0.4729,0,0,0,6248572568,1028763.1,151627,2346259,12287571,0,0,0,0,0,256,8,8,forced:template_multimodal,315.5202
20260729-194057,headroom_b256_block1_depth0_forced_template_multimodal,forced_template_multimodal,prefix,tpch,1309,295968743,655,121192773,0.4095,0.4996,0,0,0,0,0.0,0,0,0,0,0,0,0,0,256,8,8,forced:template_multimodal,33.9058
20260729-194057,headroom_b256_block1_depth0_forced_template_multimodal,forced_template_multimodal,prefix,taxi,659,1064016617,490,801089668,0.7529,0.2564,0,0,0,0,0.0,0,0,0,0,0,0,0,0,256,8,8,forced:template_multimodal,32.1398
20260729-194057,headroom_b256_block1_depth0_forced_template_multimodal,forced_template_multimodal,prefix,lastfm,1216,1867138,42,3320225,1.7782,0.9655,0,0,0,0,0.0,0,0,0,0,0,0,0,0,256,8,8,forced:template_multimodal,2.1317
20260729-194057,headroom_b256_block1_depth0_forced_template_multimodal,forced_template_multimodal,prefix,mm,2785,569189337,1681,448505666,0.7880,0.3964,0,0,0,0,0.0,0,0,0,0,0,0,0,0,256,8,8,forced:template_multimodal,88.3273
20260729-194057,headroom_b256_block1_depth0_forced_template_multimodal,forced_template_multimodal,prefix,clickbench,1572,646756165,1358,671919051,1.0389,0.1361,0,0,0,0,0.0,0,0,0,0,0,0,0,0,256,8,8,forced:template_multimodal,74.3079
20260729-194057,headroom_b256_block1_depth0_forced_template_multimodal,forced_template_multimodal,prefix,fmnist,1216,6140828,936,66725232,10.8658,0.2303,0,0,0,0,0.0,0,0,0,0,0,0,0,0,256,8,8,forced:template_multimodal,47.4363
20260729-194057,headroom_b256_block1_depth0_forced_template_multimodal,forced_template_multimodal,prefix,sift,1216,3142849,722,48396991,15.3991,0.4063,0,0,0,0,0.0,0,0,0,0,0,0,0,0,256,8,8,forced:template_multimodal,36.5615
20260729-194057,headroom_b256_block1_depth0_forced_template_multimodal,forced_template_multimodal,prefix,emb_real,1216,969764,14,1038718,1.0711,0.9885,0,0,0,0,0.0,0,0,0,0,0,0,0,0,256,8,8,forced:template_multimodal,0.7099
20260729-195732,headroom_b256_block8_depth8_template_auto,template_auto,all,,11189,2588051441,7862,27284449708,10.5425,0.6392,3400,0,0,66730082586,6419925.9,108435,10429306,172297983,3825,22498685636,970483355,21528202281,0,256,8,8,selector:template_auto,653.3048
20260729-195732,headroom_b256_block8_depth8_template_auto,template_auto,prefix,tpch,1309,295968743,146,398625773,1.3469,0.9137,610,0,0,0,0.0,0,0,0,33,269850140,219347113,50503027,0,256,8,8,selector:template_auto,11.1016
20260729-195732,headroom_b256_block8_depth8_template_auto,template_auto,prefix,taxi,659,1064016617,442,2987716490,2.8080,0.7162,282,0,0,0,0.0,0,0,0,255,1854033762,441518448,1412515314,0,256,8,8,selector:template_auto,50.5931
20260729-195732,headroom_b256_block8_depth8_template_auto,template_auto,prefix,lastfm,1216,1867138,1,3198959,1.7133,0.9992,21,0,0,0,0.0,0,0,0,0,0,0,0,0,256,8,8,selector:template_auto,0.0805
20260729-195732,headroom_b256_block8_depth8_template_auto,template_auto,prefix,mm,2785,569189337,2822,13584832939,23.8670,0.6007,1069,0,0,0,0.0,0,0,0,1710,11688388132,258305563,11430082569,0,256,8,8,selector:template_auto,270.6551
20260729-195732,headroom_b256_block8_depth8_template_auto,template_auto,prefix,clickbench,1572,646756165,2344,9975788294,15.4243,0.1609,560,0,0,0,0.0,0,0,0,1025,8466798076,48735887,8418062189,0,256,8,8,selector:template_auto,212.3365
20260729-195732,headroom_b256_block8_depth8_template_auto,template_auto,prefix,fmnist,1216,6140828,1222,206052291,33.5545,0.4597,516,0,0,0,0.0,0,0,0,565,147903238,1130704,146772534,0,256,8,8,selector:template_auto,63.0651
20260729-195732,headroom_b256_block8_depth8_template_auto,template_auto,prefix,sift,1216,3142849,884,127288897,40.5011,0.4679,335,0,0,0,0.0,0,0,0,237,71712288,1445640,70266648,0,256,8,8,selector:template_auto,45.4139
20260729-195732,headroom_b256_block8_depth8_template_auto,template_auto,prefix,emb_real,1216,969764,1,946065,0.9756,0.9992,7,0,0,0,0.0,0,0,0,0,0,0,0,0,256,8,8,selector:template_auto,0.0590
20260729-195750,headroom_b256_block8_depth8_decision_tree,decision_tree,all,,11189,2588051441,6622,3071407630,1.1868,0.5767,68,0,0,7739208466,1165974.6,54703,3685650,10530269,1886,725961571,40348749,685612822,0,256,8,8,selector:decision_tree,360.3912
20260729-195750,headroom_b256_block8_depth8_decision_tree,decision_tree,prefix,tpch,1309,295968743,608,124538029,0.4208,0.5401,7,0,0,0,0.0,0,0,0,6,1572864,358371,1214493,0,256,8,8,selector:decision_tree,31.5877
20260729-195750,headroom_b256_block8_depth8_decision_tree,decision_tree,prefix,taxi,659,1064016617,1673,1400581589,1.3163,0.2914,19,0,0,0,0.0,0,0,0,1206,414217467,35252426,378965041,0,256,8,8,selector:decision_tree,97.0070
20260729-195750,headroom_b256_block8_depth8_decision_tree,decision_tree,prefix,lastfm,1216,1867138,1,3198959,1.7133,0.9992,2,0,0,0,0.0,0,0,0,0,0,0,0,0,256,8,8,selector:decision_tree,0.0805
20260729-195750,headroom_b256_block8_depth8_decision_tree,decision_tree,prefix,mm,2785,569189337,1686,449493976,0.7897,0.3957,13,0,0,0,0.0,0,0,0,3,786432,0,786432,0,256,8,8,selector:decision_tree,88.5867
20260729-195750,headroom_b256_block8_depth8_decision_tree,decision_tree,prefix,clickbench,1572,646756165,1358,672637033,1.0400,0.1361,18,0,0,0,0.0,0,0,0,0,0,0,0,0,256,8,8,selector:decision_tree,74.3148
20260729-195750,headroom_b256_block8_depth8_decision_tree,decision_tree,prefix,fmnist,1216,6140828,42,190881725,31.0840,0.9794,4,0,0,0,0.0,0,0,0,17,137942632,3522224,134420408,0,256,8,8,selector:decision_tree,3.9204
20260729-195750,headroom_b256_block8_depth8_decision_tree,decision_tree,prefix,sift,1216,3142849,1243,228353680,72.6582,0.5156,3,0,0,0,0.0,0,0,0,654,171442176,1215728,170226448,0,256,8,8,selector:decision_tree,64.3278
20260729-195750,headroom_b256_block8_depth8_decision_tree,decision_tree,prefix,emb_real,1216,969764,11,1722639,1.7763,0.9910,2,0,0,0,0.0,0,0,0,0,0,0,0,0,256,8,8,selector:decision_tree,0.5664
20260729-195806,headroom_b256_block8_depth8_oracle_bytes,oracle_perworkload,all,,11189,2588051441,5859,2158790498,0.8341,0.4764,0,0,0,5507247815,962352.1,148840,2199000,10057479,0,0,0,0,0,256,8,8,oracle_perworkload:bytes,313.5378
20260729-195806,headroom_b256_block8_depth8_oracle_bytes,oracle_perworkload,prefix,tpch,1309,295968743,655,121192773,0.4095,0.4996,0,0,0,0,0.0,0,0,0,0,0,0,0,0,256,8,8,oracle_perworkload:bytes,33.9058
20260729-195806,headroom_b256_block8_depth8_oracle_bytes,oracle_perworkload,prefix,taxi,659,1064016617,490,801089668,0.7529,0.2564,0,0,0,0,0.0,0,0,0,0,0,0,0,0,256,8,8,oracle_perworkload:bytes,32.1398
20260729-195806,headroom_b256_block8_depth8_oracle_bytes,oracle_perworkload,prefix,lastfm,1216,1867138,1,3198959,1.7133,0.9992,0,0,0,0,0.0,0,0,0,0,0,0,0,0,256,8,8,oracle_perworkload:bytes,0.0805
20260729-195806,headroom_b256_block8_depth8_oracle_bytes,oracle_perworkload,prefix,mm,2785,569189337,1681,448505666,0.7880,0.3964,0,0,0,0,0.0,0,0,0,0,0,0,0,0,256,8,8,oracle_perworkload:bytes,88.3273
20260729-195806,headroom_b256_block8_depth8_oracle_bytes,oracle_perworkload,prefix,clickbench,1572,646756165,1358,671919051,1.0389,0.1361,0,0,0,0,0.0,0,0,0,0,0,0,0,0,256,8,8,oracle_perworkload:bytes,74.3079
20260729-195806,headroom_b256_block8_depth8_oracle_bytes,oracle_perworkload,prefix,fmnist,1216,6140828,951,63541325,10.3474,0.2179,0,0,0,0,0.0,0,0,0,0,0,0,0,0,256,8,8,oracle_perworkload:bytes,48.1560
20260729-195806,headroom_b256_block8_depth8_oracle_bytes,oracle_perworkload,prefix,sift,1216,3142849,722,48396991,15.3991,0.4063,0,0,0,0,0.0,0,0,0,0,0,0,0,0,256,8,8,oracle_perworkload:bytes,36.5615
20260729-195806,headroom_b256_block8_depth8_oracle_bytes,oracle_perworkload,prefix,emb_real,1216,969764,1,946065,0.9756,0.9992,0,0,0,0,0.0,0,0,0,0,0,0,0,0,256,8,8,oracle_perworkload:bytes,0.0590
20260729-195823,headroom_b256_block8_depth8_oracle_cost,oracle_perworkload,all,,11189,2588051441,4378,2913771357,1.1259,0.6170,0,0,0,7233987254,1124435.6,20028,2490898,10514408,93,768236181,269005210,499230971,0,256,8,8,oracle_perworkload:cost,246.6879
20260729-195823,headroom_b256_block8_depth8_oracle_cost,oracle_perworkload,prefix,tpch,1309,295968743,99,748780584,2.5299,0.9832,0,0,0,0,0.0,0,0,0,77,634018453,266477594,367540859,0,256,8,8,oracle_perworkload:cost,12.0909
20260729-195823,headroom_b256_block8_depth8_oracle_cost,oracle_perworkload,prefix,taxi,659,1064016617,490,801089668,0.7529,0.2564,0,0,0,0,0.0,0,0,0,0,0,0,0,0,256,8,8,oracle_perworkload:cost,32.1398
20260729-195823,headroom_b256_block8_depth8_oracle_cost,oracle_perworkload,prefix,lastfm,1216,1867138,1,3198959,1.7133,0.9992,0,0,0,0,0.0,0,0,0,0,0,0,0,0,256,8,8,oracle_perworkload:cost,0.0805
20260729-195823,headroom_b256_block8_depth8_oracle_cost,oracle_perworkload,prefix,mm,2785,569189337,1681,448505666,0.7880,0.3964,0,0,0,0,0.0,0,0,0,0,0,0,0,0,256,8,8,oracle_perworkload:cost,88.3273
20260729-195823,headroom_b256_block8_depth8_oracle_cost,oracle_perworkload,prefix,clickbench,1572,646756165,1358,671919051,1.0389,0.1361,0,0,0,0,0.0,0,0,0,0,0,0,0,0,256,8,8,oracle_perworkload:cost,74.3079
20260729-195823,headroom_b256_block8_depth8_oracle_cost,oracle_perworkload,prefix,fmnist,1216,6140828,26,190934373,31.0926,0.9918,0,0,0,0,0.0,0,0,0,16,134217728,2527616,131690112,0,256,8,8,oracle_perworkload:cost,3.1209
20260729-195823,headroom_b256_block8_depth8_oracle_cost,oracle_perworkload,prefix,sift,1216,3142849,722,48396991,15.3991,0.4063,0,0,0,0,0.0,0,0,0,0,0,0,0,0,256,8,8,oracle_perworkload:cost,36.5615
20260729-195823,headroom_b256_block8_depth8_oracle_cost,oracle_perworkload,prefix,emb_real,1216,969764,1,946065,0.9756,0.9992,0,0,0,0,0.0,0,0,0,0,0,0,0,0,256,8,8,oracle_perworkload:cost,0.0590
20260729-195841,headroom_b512_block1_depth0_passthrough,passthrough,all,,11189,2588051441,11189,2588051441,1.0000,0.0000,0,0,0,7014741547,1088747.3,11002,2950604,12217590,0,0,0,0,0,512,1,0,passthrough,584.1316
20260729-195841,headroom_b512_block1_depth0_passthrough,passthrough,prefix,tpch,1309,295968743,1309,295968743,1.0000,0.0000,0,0,0,0,0.0,0,0,0,0,0,0,0,0,512,1,0,passthrough,68.2726
20260729-195841,headroom_b512_block1_depth0_passthrough,passthrough,prefix,taxi,659,1064016617,659,1064016617,1.0000,0.0000,0,0,0,0,0.0,0,0,0,0,0,0,0,0,512,1,0,passthrough,43.0973
20260729-195841,headroom_b512_block1_depth0_passthrough,passthrough,prefix,lastfm,1216,1867138,1216,1867138,1.0000,0.0000,0,0,0,0,0.0,0,0,0,0,0,0,0,0,512,1,0,passthrough,60.8178
20260729-195841,headroom_b512_block1_depth0_passthrough,passthrough,prefix,mm,2785,569189337,2785,569189337,1.0000,0.0000,0,0,0,0,0.0,0,0,0,0,0,0,0,0,512,1,0,passthrough,144.6782
20260729-195841,headroom_b512_block1_depth0_passthrough,passthrough,prefix,clickbench,1572,646756165,1572,646756165,1.0000,0.0000,0,0,0,0,0.0,0,0,0,0,0,0,0,0,512,1,0,passthrough,84.7679
20260729-195841,headroom_b512_block1_depth0_passthrough,passthrough,prefix,fmnist,1216,6140828,1216,6140828,1.0000,0.0000,0,0,0,0,0.0,0,0,0,0,0,0,0,0,512,1,0,passthrough,60.8586
20260729-195841,headroom_b512_block1_depth0_passthrough,passthrough,prefix,sift,1216,3142849,1216,3142849,1.0000,0.0000,0,0,0,0,0.0,0,0,0,0,0,0,0,0,512,1,0,passthrough,60.8300
20260729-195841,headroom_b512_block1_depth0_passthrough,passthrough,prefix,emb_real,1216,969764,1216,969764,1.0000,0.0000,0,0,0,0,0.0,0,0,0,0,0,0,0,0,512,1,0,passthrough,60.8092
20260729-195841,headroom_b512_block1_depth0_passthrough,passthrough,all,,11189,2588051441,11189,2588051441,1.0000,0.0000,0,0,0,7014741547,1088747.3,11002,2950604,12217590,0,0,0,0,0,512,1,1,passthrough,584.1316
20260729-195841,headroom_b512_block1_depth0_passthrough,passthrough,prefix,tpch,1309,295968743,1309,295968743,1.0000,0.0000,0,0,0,0,0.0,0,0,0,0,0,0,0,0,512,1,1,passthrough,68.2726
20260729-195841,headroom_b512_block1_depth0_passthrough,passthrough,prefix,taxi,659,1064016617,659,1064016617,1.0000,0.0000,0,0,0,0,0.0,0,0,0,0,0,0,0,0,512,1,1,passthrough,43.0973
20260729-195841,headroom_b512_block1_depth0_passthrough,passthrough,prefix,lastfm,1216,1867138,1216,1867138,1.0000,0.0000,0,0,0,0,0.0,0,0,0,0,0,0,0,0,512,1,1,passthrough,60.8178
20260729-195841,headroom_b512_block1_depth0_passthrough,passthrough,prefix,mm,2785,569189337,2785,569189337,1.0000,0.0000,0,0,0,0,0.0,0,0,0,0,0,0,0,0,512,1,1,passthrough,144.6782
20260729-195841,headroom_b512_block1_depth0_passthrough,passthrough,prefix,clickbench,1572,646756165,1572,646756165,1.0000,0.0000,0,0,0,0,0.0,0,0,0,0,0,0,0,0,512,1,1,passthrough,84.7679
20260729-195841,headroom_b512_block1_depth0_passthrough,passthrough,prefix,fmnist,1216,6140828,1216,6140828,1.0000,0.0000,0,0,0,0,0.0,0,0,0,0,0,0,0,0,512,1,1,passthrough,60.8586
20260729-195841,headroom_b512_block1_depth0_passthrough,passthrough,prefix,sift,1216,3142849,1216,3142849,1.0000,0.0000,0,0,0,0,0.0,0,0,0,0,0,0,0,0,512,1,1,passthrough,60.8300
20260729-195841,headroom_b512_block1_depth0_passthrough,passthrough,prefix,emb_real,1216,969764,1216,969764,1.0000,0.0000,0,0,0,0,0.0,0,0,0,0,0,0,0,0,512,1,1,passthrough,60.8092
20260729-195841,headroom_b512_block1_depth0_passthrough,passthrough,all,,11189,2588051441,11189,2588051441,1.0000,0.0000,0,0,0,7014741547,1088747.3,11002,2950604,12217590,0,0,0,0,0,512,4,4,passthrough,584.1316
20260729-195841,headroom_b512_block1_depth0_passthrough,passthrough,prefix,tpch,1309,295968743,1309,295968743,1.0000,0.0000,0,0,0,0,0.0,0,0,0,0,0,0,0,0,512,4,4,passthrough,68.2726
20260729-195841,headroom_b512_block1_depth0_passthrough,passthrough,prefix,taxi,659,1064016617,659,1064016617,1.0000,0.0000,0,0,0,0,0.0,0,0,0,0,0,0,0,0,512,4,4,passthrough,43.0973
20260729-195841,headroom_b512_block1_depth0_passthrough,passthrough,prefix,lastfm,1216,1867138,1216,1867138,1.0000,0.0000,0,0,0,0,0.0,0,0,0,0,0,0,0,0,512,4,4,passthrough,60.8178
20260729-195841,headroom_b512_block1_depth0_passthrough,passthrough,prefix,mm,2785,569189337,2785,569189337,1.0000,0.0000,0,0,0,0,0.0,0,0,0,0,0,0,0,0,512,4,4,passthrough,144.6782
20260729-195841,headroom_b512_block1_depth0_passthrough,passthrough,prefix,clickbench,1572,646756165,1572,646756165,1.0000,0.0000,0,0,0,0,0.0,0,0,0,0,0,0,0,0,512,4,4,passthrough,84.7679
20260729-195841,headroom_b512_block1_depth0_passthrough,passthrough,prefix,fmnist,1216,6140828,1216,6140828,1.0000,0.0000,0,0,0,0,0.0,0,0,0,0,0,0,0,0,512,4,4,passthrough,60.8586
20260729-195841,headroom_b512_block1_depth0_passthrough,passthrough,prefix,sift,1216,3142849,1216,3142849,1.0000,0.0000,0,0,0,0,0.0,0,0,0,0,0,0,0,0,512,4,4,passthrough,60.8300
20260729-195841,headroom_b512_block1_depth0_passthrough,passthrough,prefix,emb_real,1216,969764,1216,969764,1.0000,0.0000,0,0,0,0,0.0,0,0,0,0,0,0,0,0,512,4,4,passthrough,60.8092
20260729-195841,headroom_b512_block1_depth0_passthrough,passthrough,all,,11189,2588051441,11189,2588051441,1.0000,0.0000,0,0,0,7014741547,1088747.3,11002,2950604,12217590,0,0,0,0,0,512,8,8,passthrough,584.1316
20260729-195841,headroom_b512_block1_depth0_passthrough,passthrough,prefix,tpch,1309,295968743,1309,295968743,1.0000,0.0000,0,0,0,0,0.0,0,0,0,0,0,0,0,0,512,8,8,passthrough,68.2726
20260729-195841,headroom_b512_block1_depth0_passthrough,passthrough,prefix,taxi,659,1064016617,659,1064016617,1.0000,0.0000,0,0,0,0,0.0,0,0,0,0,0,0,0,0,512,8,8,passthrough,43.0973
20260729-195841,headroom_b512_block1_depth0_passthrough,passthrough,prefix,lastfm,1216,1867138,1216,1867138,1.0000,0.0000,0,0,0,0,0.0,0,0,0,0,0,0,0,0,512,8,8,passthrough,60.8178
20260729-195841,headroom_b512_block1_depth0_passthrough,passthrough,prefix,mm,2785,569189337,2785,569189337,1.0000,0.0000,0,0,0,0,0.0,0,0,0,0,0,0,0,0,512,8,8,passthrough,144.6782
20260729-195841,headroom_b512_block1_depth0_passthrough,passthrough,prefix,clickbench,1572,646756165,1572,646756165,1.0000,0.0000,0,0,0,0,0.0,0,0,0,0,0,0,0,0,512,8,8,passthrough,84.7679
20260729-195841,headroom_b512_block1_depth0_passthrough,passthrough,prefix,fmnist,1216,6140828,1216,6140828,1.0000,0.0000,0,0,0,0,0.0,0,0,0,0,0,0,0,0,512,8,8,passthrough,60.8586
20260729-195841,headroom_b512_block1_depth0_passthrough,passthrough,prefix,sift,1216,3142849,1216,3142849,1.0000,0.0000,0,0,0,0,0.0,0,0,0,0,0,0,0,0,512,8,8,passthrough,60.8300
20260729-195841,headroom_b512_block1_depth0_passthrough,passthrough,prefix,emb_real,1216,969764,1216,969764,1.0000,0.0000,0,0,0,0,0.0,0,0,0,0,0,0,0,0,512,8,8,passthrough,60.8092
20260729-195855,headroom_b512_block1_depth0_forced_s3a_random,forced_s3a_random,all,,11189,2588051441,5304,1409084477,0.5445,0.5260,0,0,0,3907669934,830339.9,111861,1255167,4602930,0,0,0,0,0,512,1,0,forced:s3a_random,278.6381
20260729-195855,headroom_b512_block1_depth0_forced_s3a_random,forced_s3a_random,prefix,tpch,1309,295968743,605,122729226,0.4147,0.5378,0,0,0,0,0.0,0,0,0,0,0,0,0,0,512,1,0,forced:s3a_random,31.4204
20260729-195855,headroom_b512_block1_depth0_forced_s3a_random,forced_s3a_random,prefix,taxi,659,1064016617,226,355820597,0.3344,0.6571,0,0,0,0,0.0,0,0,0,0,0,0,0,0,512,1,0,forced:s3a_random,14.6934
20260729-195855,headroom_b512_block1_depth0_forced_s3a_random,forced_s3a_random,prefix,lastfm,1216,1867138,75,5482913,2.9365,0.9383,0,0,0,0,0.0,0,0,0,0,0,0,0,0,512,1,0,forced:s3a_random,3.8023
20260729-195855,headroom_b512_block1_depth0_forced_s3a_random,forced_s3a_random,prefix,mm,2785,569189337,1534,407343027,0.7157,0.4492,0,0,0,0,0.0,0,0,0,0,0,0,0,0,512,1,0,forced:s3a_random,80.5847
20260729-195855,headroom_b512_block1_depth0_forced_s3a_random,forced_s3a_random,prefix,clickbench,1572,646756165,1132,402707754,0.6227,0.2799,0,0,0,0,0.0,0,0,0,0,0,0,0,0,512,1,0,forced:s3a_random,60.4405
20260729-195855,headroom_b512_block1_depth0_forced_s3a_random,forced_s3a_random,prefix,fmnist,1216,6140828,951,63541325,10.3474,0.2179,0,0,0,0,0.0,0,0,0,0,0,0,0,0,512,1,0,forced:s3a_random,48.1560
20260729-195855,headroom_b512_block1_depth0_forced_s3a_random,forced_s3a_random,prefix,sift,1216,3142849,756,49700021,15.8137,0.3783,0,0,0,0,0.0,0,0,0,0,0,0,0,0,512,1,0,forced:s3a_random,38.2740
20260729-195855,headroom_b512_block1_depth0_forced_s3a_random,forced_s3a_random,prefix,emb_real,1216,969764,25,1759614,1.8145,0.9794,0,0,0,0,0.0,0,0,0,0,0,0,0,0,512,1,0,forced:s3a_random,1.2668
20260729-195910,headroom_b512_block1_depth0_forced_template_locality,forced_template_locality,all,,11189,2588051441,4942,1563029267,0.6039,0.5583,0,0,0,4688801781,901691.7,53231,1477095,5122079,0,0,0,0,0,512,1,0,forced:template_locality,262.0062
20260729-195910,headroom_b512_block1_depth0_forced_template_locality,forced_template_locality,prefix,tpch,1309,295968743,564,149719125,0.5059,0.5691,0,0,0,0,0.0,0,0,0,0,0,0,0,0,512,1,0,forced:template_locality,29.6278
20260729-195910,headroom_b512_block1_depth0_forced_template_locality,forced_template_locality,prefix,taxi,659,1064016617,226,363134563,0.3413,0.6571,0,0,0,0,0.0,0,0,0,0,0,0,0,0,512,1,0,forced:template_locality,14.7631
20260729-195910,headroom_b512_block1_depth0_forced_template_locality,forced_template_locality,prefix,lastfm,1216,1867138,21,3910049,2.0941,0.9827,0,0,0,0,0.0,0,0,0,0,0,0,0,0,512,1,0,forced:template_locality,1.0873
20260729-195910,headroom_b512_block1_depth0_forced_template_locality,forced_template_locality,prefix,mm,2785,569189337,1477,457771044,0.8043,0.4697,0,0,0,0,0.0,0,0,0,0,0,0,0,0,512,1,0,forced:template_locality,78.2156
20260729-195910,headroom_b512_block1_depth0_forced_template_locality,forced_template_locality,prefix,clickbench,1572,646756165,1128,411084554,0.6356,0.2824,0,0,0,0,0.0,0,0,0,0,0,0,0,0,512,1,0,forced:template_locality,60.3204
20260729-195910,headroom_b512_block1_depth0_forced_template_locality,forced_template_locality,prefix,fmnist,1216,6140828,841,110116045,17.9318,0.3084,0,0,0,0,0.0,0,0,0,0,0,0,0,0,512,1,0,forced:template_locality,43.1001
20260729-195910,headroom_b512_block1_depth0_forced_template_locality,forced_template_locality,prefix,sift,1216,3142849,678,66124097,21.0395,0.4424,0,0,0,0,0.0,0,0,0,0,0,0,0,0,512,1,0,forced:template_locality,34.5306
20260729-195910,headroom_b512_block1_depth0_forced_template_locality,forced_template_locality,prefix,emb_real,1216,969764,7,1169790,1.2063,0.9942,0,0,0,0,0.0,0,0,0,0,0,0,0,0,512,1,0,forced:template_locality,0.3612
20260729-195930,headroom_b512_block1_depth0_forced_s3a_prefetch,forced_s3a_prefetch,all,,11189,2588051441,3000,3863413478,1.4928,0.7319,0,0,0,9182123894,1291826.5,12744,2994455,6987311,0,0,0,0,0,512,1,0,forced:s3a_prefetch,186.8444
20260729-195930,headroom_b512_block1_depth0_forced_s3a_prefetch,forced_s3a_prefetch,prefix,tpch,1309,295968743,287,310825076,1.0502,0.7807,0,0,0,0,0.0,0,0,0,0,0,0,0,0,512,1,0,forced:s3a_prefetch,17.3143
20260729-195930,headroom_b512_block1_depth0_forced_s3a_prefetch,forced_s3a_prefetch,prefix,taxi,659,1064016617,222,514792322,0.4838,0.6631,0,0,0,0,0.0,0,0,0,0,0,0,0,0,512,1,0,forced:s3a_prefetch,16.0094
20260729-195930,headroom_b512_block1_depth0_forced_s3a_prefetch,forced_s3a_prefetch,prefix,lastfm,1216,1867138,3,3198959,1.7133,0.9975,0,0,0,0,0.0,0,0,0,0,0,0,0,0,512,1,0,forced:s3a_prefetch,0.1805
20260729-195930,headroom_b512_block1_depth0_forced_s3a_prefetch,forced_s3a_prefetch,prefix,mm,2785,569189337,798,927792216,1.6300,0.7135,0,0,0,0,0.0,0,0,0,0,0,0,0,0,512,1,0,forced:s3a_prefetch,48.7481
20260729-195930,headroom_b512_block1_depth0_forced_s3a_prefetch,forced_s3a_prefetch,prefix,clickbench,1572,646756165,1160,1555380831,2.4049,0.2621,0,0,0,0,0.0,0,0,0,0,0,0,0,0,512,1,0,forced:s3a_prefetch,72.8333
20260729-195930,headroom_b512_block1_depth0_forced_s3a_prefetch,forced_s3a_prefetch,prefix,fmnist,1216,6140828,186,193033765,31.4345,0.8470,0,0,0,0,0.0,0,0,0,0,0,0,0,0,512,1,0,forced:s3a_prefetch,11.1409
20260729-195930,headroom_b512_block1_depth0_forced_s3a_prefetch,forced_s3a_prefetch,prefix,sift,1216,3142849,343,357444244,113.7326,0.7179,0,0,0,0,0.0,0,0,0,0,0,0,0,0,512,1,0,forced:s3a_prefetch,20.5589
20260729-195930,headroom_b512_block1_depth0_forced_s3a_prefetch,forced_s3a_prefetch,prefix,emb_real,1216,969764,1,946065,0.9756,0.9992,0,0,0,0,0.0,0,0,0,0,0,0,0,0,512,1,0,forced:s3a_prefetch,0.0590
20260729-195944,headroom_b512_block1_depth0_forced_template_multimodal,forced_template_multimodal,all,,11189,2588051441,5241,1402355387,0.5419,0.5316,0,0,0,3856627251,822909.6,86813,1260616,5096598,0,0,0,0,0,512,1,0,forced:template_multimodal,275.4239
20260729-195944,headroom_b512_block1_depth0_forced_template_multimodal,forced_template_multimodal,prefix,tpch,1309,295968743,655,121192773,0.4095,0.4996,0,0,0,0,0.0,0,0,0,0,0,0,0,0,512,1,0,forced:template_multimodal,33.9058
20260729-195944,headroom_b512_block1_depth0_forced_template_multimodal,forced_template_multimodal,prefix,taxi,659,1064016617,226,355606007,0.3342,0.6571,0,0,0,0,0.0,0,0,0,0,0,0,0,0,512,1,0,forced:template_multimodal,14.6913
20260729-195944,headroom_b512_block1_depth0_forced_template_multimodal,forced_template_multimodal,prefix,lastfm,1216,1867138,42,3320225,1.7782,0.9655,0,0,0,0,0.0,0,0,0,0,0,0,0,0,512,1,0,forced:template_multimodal,2.1317
20260729-195944,headroom_b512_block1_depth0_forced_template_multimodal,forced_template_multimodal,prefix,mm,2785,569189337,1514,404272624,0.7103,0.4564,0,0,0,0,0.0,0,0,0,0,0,0,0,0,512,1,0,forced:template_multimodal,79.5554
20260729-195944,headroom_b512_block1_depth0_forced_template_multimodal,forced_template_multimodal,prefix,clickbench,1572,646756165,1132,401802817,0.6213,0.2799,0,0,0,0,0.0,0,0,0,0,0,0,0,0,512,1,0,forced:template_multimodal,60.4319
20260729-195944,headroom_b512_block1_depth0_forced_template_multimodal,forced_template_multimodal,prefix,fmnist,1216,6140828,936,66725232,10.8658,0.2303,0,0,0,0,0.0,0,0,0,0,0,0,0,0,512,1,0,forced:template_multimodal,47.4363
20260729-195944,headroom_b512_block1_depth0_forced_template_multimodal,forced_template_multimodal,prefix,sift,1216,3142849,722,48396991,15.3991,0.4063,0,0,0,0,0.0,0,0,0,0,0,0,0,0,512,1,0,forced:template_multimodal,36.5615
20260729-195944,headroom_b512_block1_depth0_forced_template_multimodal,forced_template_multimodal,prefix,emb_real,1216,969764,14,1038718,1.0711,0.9885,0,0,0,0,0.0,0,0,0,0,0,0,0,0,512,1,0,forced:template_multimodal,0.7099
20260729-200000,headroom_b512_block1_depth0_template_auto,template_auto,all,,11189,2588051441,4550,1855929246,0.7171,0.5934,3400,0,0,5509817432,967730.8,50725,2903033,5297336,0,0,0,0,0,512,1,0,selector:template_auto,245.1995
20260729-200000,headroom_b512_block1_depth0_template_auto,template_auto,prefix,tpch,1309,295968743,395,186456314,0.6300,0.6982,610,0,0,0,0.0,0,0,0,0,0,0,0,0,512,1,0,selector:template_auto,21.5282
20260729-200000,headroom_b512_block1_depth0_template_auto,template_auto,prefix,taxi,659,1064016617,226,428354795,0.4026,0.6571,282,0,0,0,0.0,0,0,0,0,0,0,0,0,512,1,0,selector:template_auto,15.3851
20260729-200000,headroom_b512_block1_depth0_template_auto,template_auto,prefix,lastfm,1216,1867138,21,3985391,2.1345,0.9827,21,0,0,0,0.0,0,0,0,0,0,0,0,0,512,1,0,selector:template_auto,1.0880
20260729-200000,headroom_b512_block1_depth0_template_auto,template_auto,prefix,mm,2785,569189337,1168,568423130,0.9987,0.5806,1069,0,0,0,0.0,0,0,0,0,0,0,0,0,512,1,0,selector:template_auto,63.8209
20260729-200000,headroom_b512_block1_depth0_template_auto,template_auto,prefix,clickbench,1572,646756165,1123,530317653,0.8200,0.2856,560,0,0,0,0.0,0,0,0,0,0,0,0,0,512,1,0,selector:template_auto,61.2075
20260729-200000,headroom_b512_block1_depth0_template_auto,template_auto,prefix,fmnist,1216,6140828,917,82266301,13.3966,0.2459,516,0,0,0,0.0,0,0,0,0,0,0,0,0,512,1,0,selector:template_auto,46.6346
20260729-200000,headroom_b512_block1_depth0_template_auto,template_auto,prefix,sift,1216,3142849,699,55179597,17.5572,0.4252,335,0,0,0,0.0,0,0,0,0,0,0,0,0,512,1,0,selector:template_auto,35.4762
20260729-200000,headroom_b512_block1_depth0_template_auto,template_auto,prefix,emb_real,1216,969764,1,946065,0.9756,0.9992,7,0,0,0,0.0,0,0,0,0,0,0,0,0,512,1,0,selector:template_auto,0.0590
20260729-200015,headroom_b512_block1_depth0_decision_tree,decision_tree,all,,11189,2588051441,4385,1579033986,0.6101,0.6081,68,0,0,4380125011,870147.5,52559,1746513,4755915,0,0,0,0,0,512,1,0,selector:decision_tree,234.3088
20260729-200015,headroom_b512_block1_depth0_decision_tree,decision_tree,prefix,tpch,1309,295968743,605,123161773,0.4161,0.5378,7,0,0,0,0.0,0,0,0,0,0,0,0,0,512,1,0,selector:decision_tree,31.4246
20260729-200015,headroom_b512_block1_depth0_decision_tree,decision_tree,prefix,taxi,659,1064016617,224,384955349,0.3618,0.6601,19,0,0,0,0.0,0,0,0,0,0,0,0,0,512,1,0,selector:decision_tree,14.8712
20260729-200015,headroom_b512_block1_depth0_decision_tree,decision_tree,prefix,lastfm,1216,1867138,10,3657711,1.9590,0.9918,2,0,0,0,0.0,0,0,0,0,0,0,0,0,512,1,0,selector:decision_tree,0.5349
20260729-200015,headroom_b512_block1_depth0_decision_tree,decision_tree,prefix,mm,2785,569189337,1516,404474502,0.7106,0.4557,13,0,0,0,0.0,0,0,0,0,0,0,0,0,512,1,0,selector:decision_tree,79.6574
20260729-200015,headroom_b512_block1_depth0_decision_tree,decision_tree,prefix,clickbench,1572,646756165,1132,402520799,0.6224,0.2799,18,0,0,0,0.0,0,0,0,0,0,0,0,0,512,1,0,selector:decision_tree,60.4387
20260729-200015,headroom_b512_block1_depth0_decision_tree,decision_tree,prefix,fmnist,1216,6140828,203,192129149,31.2872,0.8331,4,0,0,0,0.0,0,0,0,0,0,0,0,0,512,1,0,selector:decision_tree,11.9823
20260729-200015,headroom_b512_block1_depth0_decision_tree,decision_tree,prefix,sift,1216,3142849,684,66412064,21.1312,0.4375,3,0,0,0,0.0,0,0,0,0,0,0,0,0,512,1,0,selector:decision_tree,34.8334
20260729-200015,headroom_b512_block1_depth0_decision_tree,decision_tree,prefix,emb_real,1216,969764,11,1722639,1.7763,0.9910,2,0,0,0,0.0,0,0,0,0,0,0,0,0,512,1,0,selector:decision_tree,0.5664
20260729-200029,headroom_b512_block1_depth0_oracle_bytes,oracle_perworkload,all,,11189,2588051441,5204,1398957561,0.5405,0.5349,0,0,0,3911908963,822716.2,77415,1246100,4785801,0,0,0,0,0,512,1,0,oracle_perworkload:bytes,273.5415
20260729-200029,headroom_b512_block1_depth0_oracle_bytes,oracle_perworkload,prefix,tpch,1309,295968743,655,121192773,0.4095,0.4996,0,0,0,0,0.0,0,0,0,0,0,0,0,0,512,1,0,oracle_perworkload:bytes,33.9058
20260729-200029,headroom_b512_block1_depth0_oracle_bytes,oracle_perworkload,prefix,taxi,659,1064016617,226,355606007,0.3342,0.6571,0,0,0,0,0.0,0,0,0,0,0,0,0,0,512,1,0,oracle_perworkload:bytes,14.6913
20260729-200029,headroom_b512_block1_depth0_oracle_bytes,oracle_perworkload,prefix,lastfm,1216,1867138,3,3198959,1.7133,0.9975,0,0,0,0,0.0,0,0,0,0,0,0,0,0,512,1,0,oracle_perworkload:bytes,0.1805
20260729-200029,headroom_b512_block1_depth0_oracle_bytes,oracle_perworkload,prefix,mm,2785,569189337,1514,404272624,0.7103,0.4564,0,0,0,0,0.0,0,0,0,0,0,0,0,0,512,1,0,oracle_perworkload:bytes,79.5554
20260729-200029,headroom_b512_block1_depth0_oracle_bytes,oracle_perworkload,prefix,clickbench,1572,646756165,1132,401802817,0.6213,0.2799,0,0,0,0,0.0,0,0,0,0,0,0,0,0,512,1,0,oracle_perworkload:bytes,60.4319
20260729-200029,headroom_b512_block1_depth0_oracle_bytes,oracle_perworkload,prefix,fmnist,1216,6140828,951,63541325,10.3474,0.2179,0,0,0,0,0.0,0,0,0,0,0,0,0,0,512,1,0,oracle_perworkload:bytes,48.1560
20260729-200029,headroom_b512_block1_depth0_oracle_bytes,oracle_perworkload,prefix,sift,1216,3142849,722,48396991,15.3991,0.4063,0,0,0,0,0.0,0,0,0,0,0,0,0,0,512,1,0,oracle_perworkload:bytes,36.5615
20260729-200029,headroom_b512_block1_depth0_oracle_bytes,oracle_perworkload,prefix,emb_real,1216,969764,1,946065,0.9756,0.9992,0,0,0,0,0.0,0,0,0,0,0,0,0,0,512,1,0,oracle_perworkload:bytes,0.0590
20260729-200046,headroom_b512_block1_depth0_oracle_cost,oracle_perworkload,all,,11189,2588051441,2972,2559930886,0.9891,0.7344,0,0,0,6701787308,1071287.0,13996,3023110,5107731,0,0,0,0,0,512,1,0,oracle_perworkload:cost,173.0134
20260729-200046,headroom_b512_block1_depth0_oracle_cost,oracle_perworkload,prefix,tpch,1309,295968743,287,310825076,1.0502,0.7807,0,0,0,0,0.0,0,0,0,0,0,0,0,0,512,1,0,oracle_perworkload:cost,17.3143
20260729-200046,headroom_b512_block1_depth0_oracle_cost,oracle_perworkload,prefix,taxi,659,1064016617,226,355606007,0.3342,0.6571,0,0,0,0,0.0,0,0,0,0,0,0,0,0,512,1,0,oracle_perworkload:cost,14.6913
20260729-200046,headroom_b512_block1_depth0_oracle_cost,oracle_perworkload,prefix,lastfm,1216,1867138,3,3198959,1.7133,0.9975,0,0,0,0,0.0,0,0,0,0,0,0,0,0,512,1,0,oracle_perworkload:cost,0.1805
20260729-200046,headroom_b512_block1_depth0_oracle_cost,oracle_perworkload,prefix,mm,2785,569189337,798,927792216,1.6300,0.7135,0,0,0,0,0.0,0,0,0,0,0,0,0,0,512,1,0,oracle_perworkload:cost,48.7481
20260729-200046,headroom_b512_block1_depth0_oracle_cost,oracle_perworkload,prefix,clickbench,1572,646756165,1128,411084554,0.6356,0.2824,0,0,0,0,0.0,0,0,0,0,0,0,0,0,512,1,0,oracle_perworkload:cost,60.3204
20260729-200046,headroom_b512_block1_depth0_oracle_cost,oracle_perworkload,prefix,fmnist,1216,6140828,186,193033765,31.4345,0.8470,0,0,0,0,0.0,0,0,0,0,0,0,0,0,512,1,0,oracle_perworkload:cost,11.1409
20260729-200046,headroom_b512_block1_depth0_oracle_cost,oracle_perworkload,prefix,sift,1216,3142849,343,357444244,113.7326,0.7179,0,0,0,0,0.0,0,0,0,0,0,0,0,0,512,1,0,oracle_perworkload:cost,20.5589
20260729-200046,headroom_b512_block1_depth0_oracle_cost,oracle_perworkload,prefix,emb_real,1216,969764,1,946065,0.9756,0.9992,0,0,0,0,0.0,0,0,0,0,0,0,0,0,512,1,0,oracle_perworkload:cost,0.0590
20260729-200101,headroom_b512_block1_depth1_forced_template_locality,forced_template_locality,all,,11189,2588051441,5935,1848070917,0.7141,0.5802,0,0,0,4901828621,906518.3,156336,1470782,5230503,1238,324231357,9929244,314302113,0,512,1,1,forced:template_locality,314.3746
20260729-200101,headroom_b512_block1_depth1_forced_template_locality,forced_template_locality,prefix,tpch,1309,295968743,708,189585736,0.6406,0.5989,0,0,0,0,0.0,0,0,0,183,47972352,3453440,44518912,0,512,1,1,forced:template_locality,37.2080
20260729-200101,headroom_b512_block1_depth1_forced_template_locality,forced_template_locality,prefix,taxi,659,1064016617,292,380436067,0.3575,0.6571,0,0,0,0,0.0,0,0,0,66,17301504,0,17301504,0,512,1,1,forced:template_locality,18.2281
20260729-200101,headroom_b512_block1_depth1_forced_template_locality,forced_template_locality,prefix,lastfm,1216,1867138,18,3713441,1.9888,0.9901,0,0,0,0,0.0,0,0,0,6,1572864,283126,1289738,0,512,1,1,forced:template_locality,0.9354
20260729-200101,headroom_b512_block1_depth1_forced_template_locality,forced_template_locality,prefix,mm,2785,569189337,1805,545434514,0.9583,0.4790,0,0,0,0,0.0,0,0,0,354,92798976,4201478,88597498,0,512,1,1,forced:template_locality,95.4517
20260729-200101,headroom_b512_block1_depth1_forced_template_locality,forced_template_locality,prefix,clickbench,1572,646756165,1377,476358410,0.7365,0.2824,0,0,0,0,0.0,0,0,0,249,65273856,0,65273856,0,512,1,1,forced:template_locality,73.3929
20260729-200101,headroom_b512_block1_depth1_forced_template_locality,forced_template_locality,prefix,fmnist,1216,6140828,962,157367501,25.6264,0.4169,0,0,0,0,0.0,0,0,0,253,66322432,580200,65742232,0,512,1,1,forced:template_locality,49.6008
20260729-200101,headroom_b512_block1_depth1_forced_template_locality,forced_template_locality,prefix,sift,1216,3142849,766,93911361,29.8810,0.4720,0,0,0,0,0.0,0,0,0,124,32305452,1108240,31197212,0,512,1,1,forced:template_locality,39.1956
20260729-200101,headroom_b512_block1_depth1_forced_template_locality,forced_template_locality,prefix,emb_real,1216,969764,7,1263887,1.3033,0.9967,0,0,0,0,0.0,0,0,0,3,683921,302760,381161,0,512,1,1,forced:template_locality,0.3621
20260729-200128,headroom_b512_block1_depth1_forced_s3a_prefetch,forced_s3a_prefetch,all,,11189,2588051441,4937,5912492976,2.2845,0.7413,0,0,0,16605010476,1943901.9,14749,5973964,8773081,2042,2141192192,229801101,1920728286,0,512,1,1,forced:s3a_prefetch,303.2359
20260729-200128,headroom_b512_block1_depth1_forced_s3a_prefetch,forced_s3a_prefetch,prefix,tpch,1309,295968743,365,392614004,1.3265,0.8052,0,0,0,0,0.0,0,0,0,110,115343360,19170588,96172772,0,512,1,1,forced:s3a_prefetch,21.9943
20260729-200128,headroom_b512_block1_depth1_forced_s3a_prefetch,forced_s3a_prefetch,prefix,taxi,659,1064016617,315,612309890,0.5755,0.6859,0,0,0,0,0.0,0,0,0,108,113246208,25246038,97337365,0,512,1,1,forced:s3a_prefetch,21.5894
20260729-200128,headroom_b512_block1_depth1_forced_s3a_prefetch,forced_s3a_prefetch,prefix,lastfm,1216,1867138,3,3198959,1.7133,0.9984,0,0,0,0,0.0,0,0,0,1,1048576,203840,844736,0,512,1,1,forced:s3a_prefetch,0.1805
20260729-200128,headroom_b512_block1_depth1_forced_s3a_prefetch,forced_s3a_prefetch,prefix,mm,2785,569189337,1096,1242944476,2.1837,0.7494,0,0,0,0,0.0,0,0,0,398,417333248,173757458,243575790,0,512,1,1,forced:s3a_prefetch,66.6536
20260729-200128,headroom_b512_block1_depth1_forced_s3a_prefetch,forced_s3a_prefetch,prefix,clickbench,1572,646756165,2524,3000949669,4.6400,0.1177,0,0,0,0,0.0,0,0,0,1137,1192230912,9796201,1182434711,0,512,1,1,forced:s3a_prefetch,154.8193
20260729-200128,headroom_b512_block1_depth1_forced_s3a_prefetch,forced_s3a_prefetch,prefix,fmnist,1216,6140828,186,193033765,31.4345,0.9145,0,0,0,0,0.0,0,0,0,82,85983232,1404928,84578304,0,512,1,1,forced:s3a_prefetch,11.1409
20260729-200128,headroom_b512_block1_depth1_forced_s3a_prefetch,forced_s3a_prefetch,prefix,sift,1216,3142849,447,466496148,148.4310,0.8018,0,0,0,0,0.0,0,0,0,206,216006656,222048,215784608,0,512,1,1,forced:s3a_prefetch,26.7989
20260729-200128,headroom_b512_block1_depth1_forced_s3a_prefetch,forced_s3a_prefetch,prefix,emb_real,1216,969764,1,946065,0.9756,0.9992,0,0,0,0,0.0,0,0,0,0,0,0,0,0,512,1,1,forced:s3a_prefetch,0.0590
20260729-195855,headroom_b512_block1_depth0_forced_s3a_random,forced_s3a_random,all,,11189,2588051441,5304,1409084477,0.5445,0.5260,0,0,0,3907669934,830339.9,111861,1255167,4602930,0,0,0,0,0,512,1,1,forced:s3a_random,278.6381
20260729-195855,headroom_b512_block1_depth0_forced_s3a_random,forced_s3a_random,prefix,tpch,1309,295968743,605,122729226,0.4147,0.5378,0,0,0,0,0.0,0,0,0,0,0,0,0,0,512,1,1,forced:s3a_random,31.4204
20260729-195855,headroom_b512_block1_depth0_forced_s3a_random,forced_s3a_random,prefix,taxi,659,1064016617,226,355820597,0.3344,0.6571,0,0,0,0,0.0,0,0,0,0,0,0,0,0,512,1,1,forced:s3a_random,14.6934
20260729-195855,headroom_b512_block1_depth0_forced_s3a_random,forced_s3a_random,prefix,lastfm,1216,1867138,75,5482913,2.9365,0.9383,0,0,0,0,0.0,0,0,0,0,0,0,0,0,512,1,1,forced:s3a_random,3.8023
20260729-195855,headroom_b512_block1_depth0_forced_s3a_random,forced_s3a_random,prefix,mm,2785,569189337,1534,407343027,0.7157,0.4492,0,0,0,0,0.0,0,0,0,0,0,0,0,0,512,1,1,forced:s3a_random,80.5847
20260729-195855,headroom_b512_block1_depth0_forced_s3a_random,forced_s3a_random,prefix,clickbench,1572,646756165,1132,402707754,0.6227,0.2799,0,0,0,0,0.0,0,0,0,0,0,0,0,0,512,1,1,forced:s3a_random,60.4405
20260729-195855,headroom_b512_block1_depth0_forced_s3a_random,forced_s3a_random,prefix,fmnist,1216,6140828,951,63541325,10.3474,0.2179,0,0,0,0,0.0,0,0,0,0,0,0,0,0,512,1,1,forced:s3a_random,48.1560
20260729-195855,headroom_b512_block1_depth0_forced_s3a_random,forced_s3a_random,prefix,sift,1216,3142849,756,49700021,15.8137,0.3783,0,0,0,0,0.0,0,0,0,0,0,0,0,0,512,1,1,forced:s3a_random,38.2740
20260729-195855,headroom_b512_block1_depth0_forced_s3a_random,forced_s3a_random,prefix,emb_real,1216,969764,25,1759614,1.8145,0.9794,0,0,0,0,0.0,0,0,0,0,0,0,0,0,512,1,1,forced:s3a_random,1.2668
20260729-195944,headroom_b512_block1_depth0_forced_template_multimodal,forced_template_multimodal,all,,11189,2588051441,5241,1402355387,0.5419,0.5316,0,0,0,3856627251,822909.6,86813,1260616,5096598,0,0,0,0,0,512,1,1,forced:template_multimodal,275.4239
20260729-195944,headroom_b512_block1_depth0_forced_template_multimodal,forced_template_multimodal,prefix,tpch,1309,295968743,655,121192773,0.4095,0.4996,0,0,0,0,0.0,0,0,0,0,0,0,0,0,512,1,1,forced:template_multimodal,33.9058
20260729-195944,headroom_b512_block1_depth0_forced_template_multimodal,forced_template_multimodal,prefix,taxi,659,1064016617,226,355606007,0.3342,0.6571,0,0,0,0,0.0,0,0,0,0,0,0,0,0,512,1,1,forced:template_multimodal,14.6913
20260729-195944,headroom_b512_block1_depth0_forced_template_multimodal,forced_template_multimodal,prefix,lastfm,1216,1867138,42,3320225,1.7782,0.9655,0,0,0,0,0.0,0,0,0,0,0,0,0,0,512,1,1,forced:template_multimodal,2.1317
20260729-195944,headroom_b512_block1_depth0_forced_template_multimodal,forced_template_multimodal,prefix,mm,2785,569189337,1514,404272624,0.7103,0.4564,0,0,0,0,0.0,0,0,0,0,0,0,0,0,512,1,1,forced:template_multimodal,79.5554
20260729-195944,headroom_b512_block1_depth0_forced_template_multimodal,forced_template_multimodal,prefix,clickbench,1572,646756165,1132,401802817,0.6213,0.2799,0,0,0,0,0.0,0,0,0,0,0,0,0,0,512,1,1,forced:template_multimodal,60.4319
20260729-195944,headroom_b512_block1_depth0_forced_template_multimodal,forced_template_multimodal,prefix,fmnist,1216,6140828,936,66725232,10.8658,0.2303,0,0,0,0,0.0,0,0,0,0,0,0,0,0,512,1,1,forced:template_multimodal,47.4363
20260729-195944,headroom_b512_block1_depth0_forced_template_multimodal,forced_template_multimodal,prefix,sift,1216,3142849,722,48396991,15.3991,0.4063,0,0,0,0,0.0,0,0,0,0,0,0,0,0,512,1,1,forced:template_multimodal,36.5615
20260729-195944,headroom_b512_block1_depth0_forced_template_multimodal,forced_template_multimodal,prefix,emb_real,1216,969764,14,1038718,1.0711,0.9885,0,0,0,0,0.0,0,0,0,0,0,0,0,0,512,1,1,forced:template_multimodal,0.7099
20260729-200144,headroom_b512_block1_depth1_template_auto,template_auto,all,,11189,2588051441,4930,2306455387,0.8912,0.6202,3400,0,0,6120799547,1020293.7,78568,3767417,5639274,680,565768492,108421166,457347326,0,512,1,1,selector:template_auto,268.4961
20260729-200144,headroom_b512_block1_depth1_template_auto,template_auto,prefix,tpch,1309,295968743,402,242317929,0.8187,0.7632,610,0,0,0,0.0,0,0,0,92,96468992,28575161,67893831,0,512,1,1,selector:template_auto,22.4109
20260729-200144,headroom_b512_block1_depth1_template_auto,template_auto,prefix,taxi,659,1064016617,298,500706539,0.4706,0.6616,282,0,0,0,0.0,0,0,0,75,75497472,288738,75208734,0,512,1,1,selector:template_auto,19.6751
20260729-200144,headroom_b512_block1_depth1_template_auto,template_auto,prefix,lastfm,1216,1867138,16,3657711,1.9590,0.9901,21,0,0,0,0.0,0,0,0,4,1048576,194710,853866,0,512,1,1,selector:template_auto,0.8349
20260729-200144,headroom_b512_block1_depth1_template_auto,template_auto,prefix,mm,2785,569189337,1244,712609064,1.2520,0.6262,1069,0,0,0,0.0,0,0,0,203,206569472,78137355,128432117,0,512,1,1,selector:template_auto,68.9960
20260729-200144,headroom_b512_block1_depth1_template_auto,template_auto,prefix,clickbench,1572,646756165,1246,668139861,1.0331,0.2913,560,0,0,0,0.0,0,0,0,132,138412032,666,138411366,0,512,1,1,selector:template_auto,68.6719
20260729-200144,headroom_b512_block1_depth1_template_auto,template_auto,prefix,fmnist,1216,6140828,999,112412861,18.3058,0.2862,516,0,0,0,0.0,0,0,0,131,34340864,238376,34102488,0,512,1,1,selector:template_auto,51.0221
20260729-200144,headroom_b512_block1_depth1_template_auto,template_auto,prefix,sift,1216,3142849,724,65665357,20.8936,0.4400,335,0,0,0,0.0,0,0,0,43,13431084,986160,12444924,0,512,1,1,selector:template_auto,36.8262
20260729-200144,headroom_b512_block1_depth1_template_auto,template_auto,prefix,emb_real,1216,969764,1,946065,0.9756,0.9992,7,0,0,0,0.0,0,0,0,0,0,0,0,0,512,1,1,selector:template_auto,0.0590
20260729-200159,headroom_b512_block1_depth1_decision_tree,decision_tree,all,,11189,2588051441,4541,1636443522,0.6323,0.6185,68,0,0,4479529833,873238.7,58430,1586830,5040786,272,150732800,11791097,144222639,0,512,1,1,selector:decision_tree,242.6563
20260729-200159,headroom_b512_block1_depth1_decision_tree,decision_tree,prefix,tpch,1309,295968743,605,123161773,0.4161,0.5378,7,0,0,0,0.0,0,0,0,0,0,0,0,0,512,1,1,selector:decision_tree,31.4246
20260729-200159,headroom_b512_block1_depth1_decision_tree,decision_tree,prefix,taxi,659,1064016617,296,416412629,0.3914,0.6631,19,0,0,0,0.0,0,0,0,74,33554432,9362537,29472831,0,512,1,1,selector:decision_tree,18.7712
20260729-200159,headroom_b512_block1_depth1_decision_tree,decision_tree,prefix,lastfm,1216,1867138,10,3657711,1.9590,0.9918,2,0,0,0,0.0,0,0,0,0,0,0,0,0,512,1,1,selector:decision_tree,0.5349
20260729-200159,headroom_b512_block1_depth1_decision_tree,decision_tree,prefix,mm,2785,569189337,1517,404736646,0.7111,0.4557,13,0,0,0,0.0,0,0,0,1,262144,0,262144,0,512,1,1,selector:decision_tree,79.7099
20260729-200159,headroom_b512_block1_depth1_decision_tree,decision_tree,prefix,clickbench,1572,646756165,1132,402520799,0.6224,0.2799,18,0,0,0,0.0,0,0,0,0,0,0,0,0,512,1,1,selector:decision_tree,60.4387
20260729-200159,headroom_b512_block1_depth1_decision_tree,decision_tree,prefix,fmnist,1216,6140828,203,192129149,31.2872,0.9013,4,0,0,0,0.0,0,0,0,83,87031808,1420608,85611200,0,512,1,1,selector:decision_tree,11.9823
20260729-200159,headroom_b512_block1_depth1_decision_tree,decision_tree,prefix,sift,1216,3142849,767,92102176,29.3053,0.4630,3,0,0,0,0.0,0,0,0,114,29884416,1007952,28876464,0,512,1,1,selector:decision_tree,39.2284
20260729-200159,headroom_b512_block1_depth1_decision_tree,decision_tree,prefix,emb_real,1216,969764,11,1722639,1.7763,0.9910,2,0,0,0,0.0,0,0,0,0,0,0,0,0,512,1,1,selector:decision_tree,0.5664
20260729-200214,headroom_b512_block1_depth1_oracle_bytes,oracle_perworkload,all,,11189,2588051441,5204,1398957561,0.5405,0.5350,0,0,0,4110993968,854326.6,93876,1375070,4647356,1,1048576,203840,844736,0,512,1,1,oracle_perworkload:bytes,273.5415
20260729-200214,headroom_b512_block1_depth1_oracle_bytes,oracle_perworkload,prefix,tpch,1309,295968743,655,121192773,0.4095,0.4996,0,0,0,0,0.0,0,0,0,0,0,0,0,0,512,1,1,oracle_perworkload:bytes,33.9058
20260729-200214,headroom_b512_block1_depth1_oracle_bytes,oracle_perworkload,prefix,taxi,659,1064016617,226,355606007,0.3342,0.6571,0,0,0,0,0.0,0,0,0,0,0,0,0,0,512,1,1,oracle_perworkload:bytes,14.6913
20260729-200214,headroom_b512_block1_depth1_oracle_bytes,oracle_perworkload,prefix,lastfm,1216,1867138,3,3198959,1.7133,0.9984,0,0,0,0,0.0,0,0,0,1,1048576,203840,844736,0,512,1,1,oracle_perworkload:bytes,0.1805
20260729-200214,headroom_b512_block1_depth1_oracle_bytes,oracle_perworkload,prefix,mm,2785,569189337,1514,404272624,0.7103,0.4564,0,0,0,0,0.0,0,0,0,0,0,0,0,0,512,1,1,oracle_perworkload:bytes,79.5554
20260729-200214,headroom_b512_block1_depth1_oracle_bytes,oracle_perworkload,prefix,clickbench,1572,646756165,1132,401802817,0.6213,0.2799,0,0,0,0,0.0,0,0,0,0,0,0,0,0,512,1,1,oracle_perworkload:bytes,60.4319
20260729-200214,headroom_b512_block1_depth1_oracle_bytes,oracle_perworkload,prefix,fmnist,1216,6140828,951,63541325,10.3474,0.2179,0,0,0,0,0.0,0,0,0,0,0,0,0,0,512,1,1,oracle_perworkload:bytes,48.1560
20260729-200214,headroom_b512_block1_depth1_oracle_bytes,oracle_perworkload,prefix,sift,1216,3142849,722,48396991,15.3991,0.4063,0,0,0,0,0.0,0,0,0,0,0,0,0,0,512,1,1,oracle_perworkload:bytes,36.5615
20260729-200214,headroom_b512_block1_depth1_oracle_bytes,oracle_perworkload,prefix,emb_real,1216,969764,1,946065,0.9756,0.9992,0,0,0,0,0.0,0,0,0,0,0,0,0,0,512,1,1,oracle_perworkload:bytes,0.0590
20260729-200232,headroom_b512_block1_depth1_oracle_cost,oracle_perworkload,all,,11189,2588051441,3456,3056642241,1.1811,0.7624,0,0,0,7410151480,1134045.6,14086,4723640,5841345,797,835715072,194758862,640956210,0,512,1,1,oracle_perworkload:cost,201.9504
20260729-200232,headroom_b512_block1_depth1_oracle_cost,oracle_perworkload,prefix,tpch,1309,295968743,365,392614004,1.3265,0.8052,0,0,0,0,0.0,0,0,0,110,115343360,19170588,96172772,0,512,1,1,oracle_perworkload:cost,21.9943
20260729-200232,headroom_b512_block1_depth1_oracle_cost,oracle_perworkload,prefix,taxi,659,1064016617,226,355606007,0.3342,0.6571,0,0,0,0,0.0,0,0,0,0,0,0,0,0,512,1,1,oracle_perworkload:cost,14.6913
20260729-200232,headroom_b512_block1_depth1_oracle_cost,oracle_perworkload,prefix,lastfm,1216,1867138,3,3198959,1.7133,0.9984,0,0,0,0,0.0,0,0,0,1,1048576,203840,844736,0,512,1,1,oracle_perworkload:cost,0.1805
20260729-200232,headroom_b512_block1_depth1_oracle_cost,oracle_perworkload,prefix,mm,2785,569189337,1096,1242944476,2.1837,0.7494,0,0,0,0,0.0,0,0,0,398,417333248,173757458,243575790,0,512,1,1,oracle_perworkload:cost,66.6536
20260729-200232,headroom_b512_block1_depth1_oracle_cost,oracle_perworkload,prefix,clickbench,1572,646756165,1132,401802817,0.6213,0.2799,0,0,0,0,0.0,0,0,0,0,0,0,0,0,512,1,1,oracle_perworkload:cost,60.4319
20260729-200232,headroom_b512_block1_depth1_oracle_cost,oracle_perworkload,prefix,fmnist,1216,6140828,186,193033765,31.4345,0.9145,0,0,0,0,0.0,0,0,0,82,85983232,1404928,84578304,0,512,1,1,oracle_perworkload:cost,11.1409
20260729-200232,headroom_b512_block1_depth1_oracle_cost,oracle_perworkload,prefix,sift,1216,3142849,447,466496148,148.4310,0.8018,0,0,0,0,0.0,0,0,0,206,216006656,222048,215784608,0,512,1,1,oracle_perworkload:cost,26.7989
20260729-200232,headroom_b512_block1_depth1_oracle_cost,oracle_perworkload,prefix,emb_real,1216,969764,1,946065,0.9756,0.9992,0,0,0,0,0.0,0,0,0,0,0,0,0,0,512,1,1,oracle_perworkload:cost,0.0590
20260729-200249,headroom_b512_block4_depth4_forced_template_locality,forced_template_locality,all,,11189,2588051441,8564,2590205430,1.0008,0.6009,0,0,0,6859612537,1084905.7,159150,3003238,4855007,4099,1073827138,40653812,1033173326,0,512,4,4,forced:template_locality,452.9021
20260729-200249,headroom_b512_block4_depth4_forced_template_locality,forced_template_locality,prefix,tpch,1309,295968743,1085,290282784,0.9808,0.6387,0,0,0,0,0.0,0,0,0,612,160242047,15129157,145112890,0,512,4,4,forced:template_locality,57.0184
20260729-200249,headroom_b512_block4_depth4_forced_template_locality,forced_template_locality,prefix,taxi,659,1064016617,402,410254947,0.3856,0.6646,0,0,0,0,0.0,0,0,0,181,47448064,86400,47361664,0,512,4,4,forced:template_locality,24.0125
20260729-200249,headroom_b512_block4_depth4_forced_template_locality,forced_template_locality,prefix,lastfm,1216,1867138,15,3516833,1.8835,0.9934,0,0,0,0,0.0,0,0,0,7,1835008,330060,1504948,0,512,4,4,forced:template_locality,0.7835
20260729-200249,headroom_b512_block4_depth4_forced_template_locality,forced_template_locality,prefix,mm,2785,569189337,2661,796352453,1.3991,0.4625,0,0,0,0,0.0,0,0,0,1164,305135616,21856235,283279381,0,512,4,4,forced:template_locality,140.6446
20260729-200249,headroom_b512_block4_depth4_forced_template_locality,forced_template_locality,prefix,clickbench,1572,646756165,2294,716744458,1.1082,0.2824,0,0,0,0,0.0,0,0,0,1166,305659904,0,305659904,0,512,4,4,forced:template_locality,121.5354
20260729-200249,headroom_b512_block4_depth4_forced_template_locality,forced_template_locality,prefix,fmnist,1216,6140828,1080,206770131,33.6714,0.5707,0,0,0,0,0.0,0,0,0,558,146068230,1509240,144558990,0,512,4,4,forced:template_locality,55.9719
20260729-200249,headroom_b512_block4_depth4_forced_template_locality,forced_template_locality,prefix,sift,1216,3142849,1020,165019937,52.5065,0.4967,0,0,0,0,0.0,0,0,0,408,106754348,1439960,105314388,0,512,4,4,forced:template_locality,52.5738
20260729-200249,headroom_b512_block4_depth4_forced_template_locality,forced_template_locality,prefix,emb_real,1216,969764,7,1263887,1.3033,0.9967,0,0,0,0,0.0,0,0,0,3,683921,302760,381161,0,512,4,4,forced:template_locality,0.3621
20260729-200409,headroom_b512_block4_depth4_forced_s3a_prefetch,forced_s3a_prefetch,all,,11189,2588051441,7176,30238286588,11.6838,0.8507,0,0,0,70486415050,6753636.8,8195,47476930,51761852,5505,23056555321,1197720804,21888562681,0,512,4,4,forced:s3a_prefetch,647.1748
20260729-200409,headroom_b512_block4_depth4_forced_s3a_prefetch,forced_s3a_prefetch,prefix,tpch,1309,295968743,87,343403142,1.1603,0.9832,0,0,0,0,0.0,0,0,0,65,272629760,259033305,43324619,0,512,4,4,forced:s3a_prefetch,7.6249
20260729-200409,headroom_b512_block4_depth4_forced_s3a_prefetch,forced_s3a_prefetch,prefix,taxi,659,1064016617,447,1967304009,1.8489,0.7026,0,0,0,0,0.0,0,0,0,251,1019682105,408922043,610760062,0,512,4,4,forced:s3a_prefetch,41.1117
20260729-200409,headroom_b512_block4_depth4_forced_s3a_prefetch,forced_s3a_prefetch,prefix,lastfm,1216,1867138,1,3198959,1.7133,0.9992,0,0,0,0,0.0,0,0,0,0,0,0,0,0,512,4,4,forced:s3a_prefetch,0.0805
20260729-200409,headroom_b512_block4_depth4_forced_s3a_prefetch,forced_s3a_prefetch,prefix,mm,2785,569189337,624,2611970947,4.5889,0.9224,0,0,0,0,0.0,0,0,0,408,1711276032,453413534,1257862498,0,512,4,4,forced:s3a_prefetch,56.1097
20260729-200409,headroom_b512_block4_depth4_forced_s3a_prefetch,forced_s3a_prefetch,prefix,clickbench,1572,646756165,5838,24586924881,38.0158,0.2462,0,0,0,0,0.0,0,0,0,4653,19516096512,73634722,19442461790,0,512,4,4,forced:s3a_prefetch,526.3792
20260729-200409,headroom_b512_block4_depth4_forced_s3a_prefetch,forced_s3a_prefetch,prefix,fmnist,1216,6140828,48,190934373,31.0926,0.9852,0,0,0,0,0.0,0,0,0,30,125829120,2352000,123477120,0,512,4,4,forced:s3a_prefetch,4.2209
20260729-200409,headroom_b512_block4_depth4_forced_s3a_prefetch,forced_s3a_prefetch,prefix,sift,1216,3142849,130,533604212,169.7836,0.9737,0,0,0,0,0.0,0,0,0,98,411041792,365200,410676592,0,512,4,4,forced:s3a_prefetch,11.5888
20260729-200409,headroom_b512_block4_depth4_forced_s3a_prefetch,forced_s3a_prefetch,prefix,emb_real,1216,969764,1,946065,0.9756,0.9992,0,0,0,0,0.0,0,0,0,0,0,0,0,0,512,4,4,forced:s3a_prefetch,0.0590
20260729-195855,headroom_b512_block1_depth0_forced_s3a_random,forced_s3a_random,all,,11189,2588051441,5304,1409084477,0.5445,0.5260,0,0,0,3907669934,830339.9,111861,1255167,4602930,0,0,0,0,0,512,4,4,forced:s3a_random,278.6381
20260729-195855,headroom_b512_block1_depth0_forced_s3a_random,forced_s3a_random,prefix,tpch,1309,295968743,605,122729226,0.4147,0.5378,0,0,0,0,0.0,0,0,0,0,0,0,0,0,512,4,4,forced:s3a_random,31.4204
20260729-195855,headroom_b512_block1_depth0_forced_s3a_random,forced_s3a_random,prefix,taxi,659,1064016617,226,355820597,0.3344,0.6571,0,0,0,0,0.0,0,0,0,0,0,0,0,0,512,4,4,forced:s3a_random,14.6934
20260729-195855,headroom_b512_block1_depth0_forced_s3a_random,forced_s3a_random,prefix,lastfm,1216,1867138,75,5482913,2.9365,0.9383,0,0,0,0,0.0,0,0,0,0,0,0,0,0,512,4,4,forced:s3a_random,3.8023
20260729-195855,headroom_b512_block1_depth0_forced_s3a_random,forced_s3a_random,prefix,mm,2785,569189337,1534,407343027,0.7157,0.4492,0,0,0,0,0.0,0,0,0,0,0,0,0,0,512,4,4,forced:s3a_random,80.5847
20260729-195855,headroom_b512_block1_depth0_forced_s3a_random,forced_s3a_random,prefix,clickbench,1572,646756165,1132,402707754,0.6227,0.2799,0,0,0,0,0.0,0,0,0,0,0,0,0,0,512,4,4,forced:s3a_random,60.4405
20260729-195855,headroom_b512_block1_depth0_forced_s3a_random,forced_s3a_random,prefix,fmnist,1216,6140828,951,63541325,10.3474,0.2179,0,0,0,0,0.0,0,0,0,0,0,0,0,0,512,4,4,forced:s3a_random,48.1560
20260729-195855,headroom_b512_block1_depth0_forced_s3a_random,forced_s3a_random,prefix,sift,1216,3142849,756,49700021,15.8137,0.3783,0,0,0,0,0.0,0,0,0,0,0,0,0,0,512,4,4,forced:s3a_random,38.2740
20260729-195855,headroom_b512_block1_depth0_forced_s3a_random,forced_s3a_random,prefix,emb_real,1216,969764,25,1759614,1.8145,0.9794,0,0,0,0,0.0,0,0,0,0,0,0,0,0,512,4,4,forced:s3a_random,1.2668
20260729-195944,headroom_b512_block1_depth0_forced_template_multimodal,forced_template_multimodal,all,,11189,2588051441,5241,1402355387,0.5419,0.5316,0,0,0,3856627251,822909.6,86813,1260616,5096598,0,0,0,0,0,512,4,4,forced:template_multimodal,275.4239
20260729-195944,headroom_b512_block1_depth0_forced_template_multimodal,forced_template_multimodal,prefix,tpch,1309,295968743,655,121192773,0.4095,0.4996,0,0,0,0,0.0,0,0,0,0,0,0,0,0,512,4,4,forced:template_multimodal,33.9058
20260729-195944,headroom_b512_block1_depth0_forced_template_multimodal,forced_template_multimodal,prefix,taxi,659,1064016617,226,355606007,0.3342,0.6571,0,0,0,0,0.0,0,0,0,0,0,0,0,0,512,4,4,forced:template_multimodal,14.6913
20260729-195944,headroom_b512_block1_depth0_forced_template_multimodal,forced_template_multimodal,prefix,lastfm,1216,1867138,42,3320225,1.7782,0.9655,0,0,0,0,0.0,0,0,0,0,0,0,0,0,512,4,4,forced:template_multimodal,2.1317
20260729-195944,headroom_b512_block1_depth0_forced_template_multimodal,forced_template_multimodal,prefix,mm,2785,569189337,1514,404272624,0.7103,0.4564,0,0,0,0,0.0,0,0,0,0,0,0,0,0,512,4,4,forced:template_multimodal,79.5554
20260729-195944,headroom_b512_block1_depth0_forced_template_multimodal,forced_template_multimodal,prefix,clickbench,1572,646756165,1132,401802817,0.6213,0.2799,0,0,0,0,0.0,0,0,0,0,0,0,0,0,512,4,4,forced:template_multimodal,60.4319
20260729-195944,headroom_b512_block1_depth0_forced_template_multimodal,forced_template_multimodal,prefix,fmnist,1216,6140828,936,66725232,10.8658,0.2303,0,0,0,0,0.0,0,0,0,0,0,0,0,0,512,4,4,forced:template_multimodal,47.4363
20260729-195944,headroom_b512_block1_depth0_forced_template_multimodal,forced_template_multimodal,prefix,sift,1216,3142849,722,48396991,15.3991,0.4063,0,0,0,0,0.0,0,0,0,0,0,0,0,0,512,4,4,forced:template_multimodal,36.5615
20260729-195944,headroom_b512_block1_depth0_forced_template_multimodal,forced_template_multimodal,prefix,emb_real,1216,969764,14,1038718,1.0711,0.9885,0,0,0,0,0.0,0,0,0,0,0,0,0,0,512,4,4,forced:template_multimodal,0.7099
20260729-200438,headroom_b512_block4_depth4_template_auto,template_auto,all,,11189,2588051441,5028,7224002267,2.7913,0.6950,3400,0,0,18280475726,2104792.9,133341,7435042,48776008,1615,4571070863,786892305,3806783847,0,512,4,4,selector:template_auto,320.2935
20260729-200438,headroom_b512_block4_depth4_template_auto,template_auto,prefix,tpch,1309,295968743,160,309681457,1.0463,0.9175,610,0,0,0,0.0,0,0,0,52,218103808,203193767,37515330,0,512,4,4,selector:template_auto,10.9534
20260729-200438,headroom_b512_block4_depth4_template_auto,template_auto,prefix,taxi,659,1064016617,548,2233294543,2.0989,0.6297,282,0,0,0,0.0,0,0,0,304,1229914548,199780857,1030133691,0,512,4,4,selector:template_auto,48.6984
20260729-200438,headroom_b512_block4_depth4_template_auto,template_auto,prefix,lastfm,1216,1867138,1,3198959,1.7133,0.9992,21,0,0,0,0.0,0,0,0,0,0,0,0,0,512,4,4,selector:template_auto,0.0805
20260729-200438,headroom_b512_block4_depth4_template_auto,template_auto,prefix,mm,2785,569189337,461,960235790,1.6870,0.8952,1069,0,0,0,0.0,0,0,0,169,669445813,380990632,288455181,0,512,4,4,selector:template_auto,32.2075
20260729-200438,headroom_b512_block4_depth4_template_auto,template_auto,prefix,clickbench,1572,646756165,1901,3442024521,5.3220,0.1444,560,0,0,0,0.0,0,0,0,556,2300575744,783553,2299792191,0,512,4,4,selector:template_auto,127.8757
20260729-200438,headroom_b512_block4_depth4_template_auto,template_auto,prefix,fmnist,1216,6140828,1162,174201795,28.3678,0.3742,516,0,0,0,0.0,0,0,0,401,104911622,748112,104163510,0,512,4,4,selector:template_auto,59.7613
20260729-200438,headroom_b512_block4_depth4_template_auto,template_auto,prefix,sift,1216,3142849,794,100419137,31.9516,0.4564,335,0,0,0,0.0,0,0,0,133,48119328,1395384,46723944,0,512,4,4,selector:template_auto,40.6577
20260729-200438,headroom_b512_block4_depth4_template_auto,template_auto,prefix,emb_real,1216,969764,1,946065,0.9756,0.9992,7,0,0,0,0.0,0,0,0,0,0,0,0,0,512,4,4,selector:template_auto,0.0590
20260729-200454,headroom_b512_block4_depth4_decision_tree,decision_tree,all,,11189,2588051441,4683,1831236280,0.7076,0.6324,68,0,0,5100442500,922832.3,56726,1567092,6946706,570,387947588,104700940,284211234,0,512,4,4,selector:decision_tree,251.6140
20260729-200454,headroom_b512_block4_depth4_decision_tree,decision_tree,prefix,tpch,1309,295968743,604,123489453,0.4172,0.5401,7,0,0,0,0.0,0,0,0,2,524288,358371,165917,0,512,4,4,selector:decision_tree,31.3777
20260729-200454,headroom_b512_block4_depth4_decision_tree,decision_tree,prefix,taxi,659,1064016617,343,544424283,0.5117,0.7178,19,0,0,0,0.0,0,0,0,157,158254556,99796889,59422253,0,512,4,4,selector:decision_tree,22.3420
20260729-200454,headroom_b512_block4_depth4_decision_tree,decision_tree,prefix,lastfm,1216,1867138,1,3198959,1.7133,0.9992,2,0,0,0,0.0,0,0,0,0,0,0,0,0,512,4,4,selector:decision_tree,0.0805
20260729-200454,headroom_b512_block4_depth4_decision_tree,decision_tree,prefix,mm,2785,569189337,1519,405260934,0.7120,0.4557,13,0,0,0,0.0,0,0,0,3,786432,0,786432,0,512,4,4,selector:decision_tree,79.8149
20260729-200454,headroom_b512_block4_depth4_decision_tree,decision_tree,prefix,clickbench,1572,646756165,1132,402520799,0.6224,0.2799,18,0,0,0,0.0,0,0,0,0,0,0,0,0,512,4,4,selector:decision_tree,60.4387
20260729-200454,headroom_b512_block4_depth4_decision_tree,decision_tree,prefix,fmnist,1216,6140828,65,190947261,31.0947,0.9720,4,0,0,0,0.0,0,0,0,31,129554024,3359152,126194872,0,512,4,4,selector:decision_tree,5.0710
20260729-200454,headroom_b512_block4_depth4_decision_tree,decision_tree,prefix,sift,1216,3142849,1008,159671952,50.8048,0.4811,3,0,0,0,0.0,0,0,0,377,98828288,1186528,97641760,0,512,4,4,selector:decision_tree,51.9228
20260729-200454,headroom_b512_block4_depth4_decision_tree,decision_tree,prefix,emb_real,1216,969764,11,1722639,1.7763,0.9910,2,0,0,0,0.0,0,0,0,0,0,0,0,0,512,4,4,selector:decision_tree,0.5664
20260729-200508,headroom_b512_block4_depth4_oracle_bytes,oracle_perworkload,all,,11189,2588051441,5202,1398957561,0.5405,0.5351,0,0,0,3778415298,819393.6,78508,1239504,4653968,0,0,0,0,0,512,4,4,oracle_perworkload:bytes,273.4415
20260729-200508,headroom_b512_block4_depth4_oracle_bytes,oracle_perworkload,prefix,tpch,1309,295968743,655,121192773,0.4095,0.4996,0,0,0,0,0.0,0,0,0,0,0,0,0,0,512,4,4,oracle_perworkload:bytes,33.9058
20260729-200508,headroom_b512_block4_depth4_oracle_bytes,oracle_perworkload,prefix,taxi,659,1064016617,226,355606007,0.3342,0.6571,0,0,0,0,0.0,0,0,0,0,0,0,0,0,512,4,4,oracle_perworkload:bytes,14.6913
20260729-200508,headroom_b512_block4_depth4_oracle_bytes,oracle_perworkload,prefix,lastfm,1216,1867138,1,3198959,1.7133,0.9992,0,0,0,0,0.0,0,0,0,0,0,0,0,0,512,4,4,oracle_perworkload:bytes,0.0805
20260729-200508,headroom_b512_block4_depth4_oracle_bytes,oracle_perworkload,prefix,mm,2785,569189337,1514,404272624,0.7103,0.4564,0,0,0,0,0.0,0,0,0,0,0,0,0,0,512,4,4,oracle_perworkload:bytes,79.5554
20260729-200508,headroom_b512_block4_depth4_oracle_bytes,oracle_perworkload,prefix,clickbench,1572,646756165,1132,401802817,0.6213,0.2799,0,0,0,0,0.0,0,0,0,0,0,0,0,0,512,4,4,oracle_perworkload:bytes,60.4319
20260729-200508,headroom_b512_block4_depth4_oracle_bytes,oracle_perworkload,prefix,fmnist,1216,6140828,951,63541325,10.3474,0.2179,0,0,0,0,0.0,0,0,0,0,0,0,0,0,512,4,4,oracle_perworkload:bytes,48.1560
20260729-200508,headroom_b512_block4_depth4_oracle_bytes,oracle_perworkload,prefix,sift,1216,3142849,722,48396991,15.3991,0.4063,0,0,0,0,0.0,0,0,0,0,0,0,0,0,512,4,4,oracle_perworkload:bytes,36.5615
20260729-200508,headroom_b512_block4_depth4_oracle_bytes,oracle_perworkload,prefix,emb_real,1216,969764,1,946065,0.9756,0.9992,0,0,0,0,0.0,0,0,0,0,0,0,0,0,512,4,4,oracle_perworkload:bytes,0.0590
20260729-200529,headroom_b512_block4_depth4_oracle_cost,oracle_perworkload,all,,11189,2588051441,2249,4441466522,1.7161,0.8527,0,0,0,10563041090,1412749.6,8606,5600209,20841041,601,2520776704,715164039,1835340829,0,512,4,4,oracle_perworkload:cost,154.8071
20260729-200529,headroom_b512_block4_depth4_oracle_cost,oracle_perworkload,prefix,tpch,1309,295968743,87,343403142,1.1603,0.9832,0,0,0,0,0.0,0,0,0,65,272629760,259033305,43324619,0,512,4,4,oracle_perworkload:cost,7.6249
20260729-200529,headroom_b512_block4_depth4_oracle_cost,oracle_perworkload,prefix,taxi,659,1064016617,226,355606007,0.3342,0.6571,0,0,0,0,0.0,0,0,0,0,0,0,0,0,512,4,4,oracle_perworkload:cost,14.6913
20260729-200529,headroom_b512_block4_depth4_oracle_cost,oracle_perworkload,prefix,lastfm,1216,1867138,1,3198959,1.7133,0.9992,0,0,0,0,0.0,0,0,0,0,0,0,0,0,512,4,4,oracle_perworkload:cost,0.0805
20260729-200529,headroom_b512_block4_depth4_oracle_cost,oracle_perworkload,prefix,mm,2785,569189337,624,2611970947,4.5889,0.9224,0,0,0,0,0.0,0,0,0,408,1711276032,453413534,1257862498,0,512,4,4,oracle_perworkload:cost,56.1097
20260729-200529,headroom_b512_block4_depth4_oracle_cost,oracle_perworkload,prefix,clickbench,1572,646756165,1132,401802817,0.6213,0.2799,0,0,0,0,0.0,0,0,0,0,0,0,0,0,512,4,4,oracle_perworkload:cost,60.4319
20260729-200529,headroom_b512_block4_depth4_oracle_cost,oracle_perworkload,prefix,fmnist,1216,6140828,48,190934373,31.0926,0.9852,0,0,0,0,0.0,0,0,0,30,125829120,2352000,123477120,0,512,4,4,oracle_perworkload:cost,4.2209
20260729-200529,headroom_b512_block4_depth4_oracle_cost,oracle_perworkload,prefix,sift,1216,3142849,130,533604212,169.7836,0.9737,0,0,0,0,0.0,0,0,0,98,411041792,365200,410676592,0,512,4,4,oracle_perworkload:cost,11.5888
20260729-200529,headroom_b512_block4_depth4_oracle_cost,oracle_perworkload,prefix,emb_real,1216,969764,1,946065,0.9756,0.9992,0,0,0,0,0.0,0,0,0,0,0,0,0,0,512,4,4,oracle_perworkload:cost,0.0590
20260729-200549,headroom_b512_block8_depth8_forced_template_locality,forced_template_locality,all,,11189,2588051441,11671,3497183661,1.3513,0.6095,0,0,0,9882821047,1357041.9,199206,5254139,7214250,7302,1913363451,63653589,1849709862,0,512,8,8,forced:template_locality,616.9017
20260729-200549,headroom_b512_block8_depth8_forced_template_locality,forced_template_locality,prefix,tpch,1309,295968743,1373,365780256,1.2359,0.6394,0,0,0,0,0.0,0,0,0,901,236001663,15175842,220825821,0,512,8,8,forced:template_locality,72.1384
20260729-200549,headroom_b512_block8_depth8_forced_template_locality,forced_template_locality,prefix,taxi,659,1064016617,566,454865499,0.4275,0.6798,0,0,0,0,0.0,0,0,0,355,92950201,2696667,90253534,0,512,8,8,forced:template_locality,32.6379
20260729-200549,headroom_b512_block8_depth8_forced_template_locality,forced_template_locality,prefix,lastfm,1216,1867138,13,3385761,1.8133,0.9967,0,0,0,0,0.0,0,0,0,9,2359296,422664,1936632,0,512,8,8,forced:template_locality,0.6823
20260729-200549,headroom_b512_block8_depth8_forced_template_locality,forced_template_locality,prefix,mm,2785,569189337,3463,1020162676,1.7923,0.4474,0,0,0,0,0.0,0,0,0,1924,504365056,41370000,462995056,0,512,8,8,forced:template_locality,182.8790
20260729-200549,headroom_b512_block8_depth8_forced_template_locality,forced_template_locality,prefix,clickbench,1572,646756165,3941,1202013210,1.8585,0.2462,0,0,0,0,0.0,0,0,0,2756,722468864,0,722468864,0,512,8,8,forced:template_locality,208.5133
20260729-200549,headroom_b512_block8_depth8_forced_template_locality,forced_template_locality,prefix,fmnist,1216,6140828,1038,211488723,34.4398,0.6801,0,0,0,0,0.0,0,0,0,649,169923334,2083128,167840206,0,512,8,8,forced:template_locality,53.9169
20260729-200549,headroom_b512_block8_depth8_forced_template_locality,forced_template_locality,prefix,sift,1216,3142849,1270,238223649,75.7986,0.5354,0,0,0,0,0.0,0,0,0,705,184611116,1602528,183008588,0,512,8,8,forced:template_locality,65.7719
20260729-200549,headroom_b512_block8_depth8_forced_template_locality,forced_template_locality,prefix,emb_real,1216,969764,7,1263887,1.3033,0.9967,0,0,0,0,0.0,0,0,0,3,683921,302760,381161,0,512,8,8,forced:template_locality,0.3621
20260729-200918,headroom_b512_block8_depth8_forced_s3a_prefetch,forced_s3a_prefetch,all,,11189,2588051441,9217,77171697959,29.8185,0.9308,0,0,0,198553580518,18205263.1,6873,164422422,216465951,8443,70800515746,1609517905,69234311738,0,512,8,8,forced:s3a_prefetch,1196.8167
20260729-200918,headroom_b512_block8_depth8_forced_s3a_prefetch,forced_s3a_prefetch,prefix,tpch,1309,295968743,46,342770383,1.1581,0.9893,0,0,0,0,0.0,0,0,0,32,268435456,262130626,38193958,0,512,8,8,forced:s3a_prefetch,5.5689
20260729-200918,headroom_b512_block8_depth8_forced_s3a_prefetch,forced_s3a_prefetch,prefix,taxi,659,1064016617,186,1563877409,1.4698,0.8361,0,0,0,0,0.0,0,0,0,78,645570445,441479907,215515307,0,512,8,8,forced:s3a_prefetch,24.2143
20260729-200918,headroom_b512_block8_depth8_forced_s3a_prefetch,forced_s3a_prefetch,prefix,lastfm,1216,1867138,1,3198959,1.7133,0.9992,0,0,0,0,0.0,0,0,0,0,0,0,0,0,512,8,8,forced:s3a_prefetch,0.0805
20260729-200918,headroom_b512_block8_depth8_forced_s3a_prefetch,forced_s3a_prefetch,prefix,mm,2785,569189337,810,6706739173,11.7830,0.9436,0,0,0,0,0.0,0,0,0,653,5465754655,504841270,4960913385,0,512,8,8,forced:s3a_prefetch,104.4604
20260729-200918,headroom_b512_block8_depth8_forced_s3a_prefetch,forced_s3a_prefetch,prefix,clickbench,1572,646756165,8080,67829627385,104.8767,0.7029,0,0,0,0,0.0,0,0,0,7613,63858718454,398231798,63460486656,0,512,8,8,forced:s3a_prefetch,1050.8737
20260729-200918,headroom_b512_block8_depth8_forced_s3a_prefetch,forced_s3a_prefetch,prefix,fmnist,1216,6140828,26,190934373,31.0926,0.9918,0,0,0,0,0.0,0,0,0,16,134217728,2527616,131690112,0,512,8,8,forced:s3a_prefetch,3.1209
20260729-200918,headroom_b512_block8_depth8_forced_s3a_prefetch,forced_s3a_prefetch,prefix,sift,1216,3142849,67,533604212,169.7836,0.9868,0,0,0,0,0.0,0,0,0,51,427819008,306688,427512320,0,512,8,8,forced:s3a_prefetch,8.4388
20260729-200918,headroom_b512_block8_depth8_forced_s3a_prefetch,forced_s3a_prefetch,prefix,emb_real,1216,969764,1,946065,0.9756,0.9992,0,0,0,0,0.0,0,0,0,0,0,0,0,0,512,8,8,forced:s3a_prefetch,0.0590
20260729-195855,headroom_b512_block1_depth0_forced_s3a_random,forced_s3a_random,all,,11189,2588051441,5304,1409084477,0.5445,0.5260,0,0,0,3907669934,830339.9,111861,1255167,4602930,0,0,0,0,0,512,8,8,forced:s3a_random,278.6381
20260729-195855,headroom_b512_block1_depth0_forced_s3a_random,forced_s3a_random,prefix,tpch,1309,295968743,605,122729226,0.4147,0.5378,0,0,0,0,0.0,0,0,0,0,0,0,0,0,512,8,8,forced:s3a_random,31.4204
20260729-195855,headroom_b512_block1_depth0_forced_s3a_random,forced_s3a_random,prefix,taxi,659,1064016617,226,355820597,0.3344,0.6571,0,0,0,0,0.0,0,0,0,0,0,0,0,0,512,8,8,forced:s3a_random,14.6934
20260729-195855,headroom_b512_block1_depth0_forced_s3a_random,forced_s3a_random,prefix,lastfm,1216,1867138,75,5482913,2.9365,0.9383,0,0,0,0,0.0,0,0,0,0,0,0,0,0,512,8,8,forced:s3a_random,3.8023
20260729-195855,headroom_b512_block1_depth0_forced_s3a_random,forced_s3a_random,prefix,mm,2785,569189337,1534,407343027,0.7157,0.4492,0,0,0,0,0.0,0,0,0,0,0,0,0,0,512,8,8,forced:s3a_random,80.5847
20260729-195855,headroom_b512_block1_depth0_forced_s3a_random,forced_s3a_random,prefix,clickbench,1572,646756165,1132,402707754,0.6227,0.2799,0,0,0,0,0.0,0,0,0,0,0,0,0,0,512,8,8,forced:s3a_random,60.4405
20260729-195855,headroom_b512_block1_depth0_forced_s3a_random,forced_s3a_random,prefix,fmnist,1216,6140828,951,63541325,10.3474,0.2179,0,0,0,0,0.0,0,0,0,0,0,0,0,0,512,8,8,forced:s3a_random,48.1560
20260729-195855,headroom_b512_block1_depth0_forced_s3a_random,forced_s3a_random,prefix,sift,1216,3142849,756,49700021,15.8137,0.3783,0,0,0,0,0.0,0,0,0,0,0,0,0,0,512,8,8,forced:s3a_random,38.2740
20260729-195855,headroom_b512_block1_depth0_forced_s3a_random,forced_s3a_random,prefix,emb_real,1216,969764,25,1759614,1.8145,0.9794,0,0,0,0,0.0,0,0,0,0,0,0,0,0,512,8,8,forced:s3a_random,1.2668
20260729-195944,headroom_b512_block1_depth0_forced_template_multimodal,forced_template_multimodal,all,,11189,2588051441,5241,1402355387,0.5419,0.5316,0,0,0,3856627251,822909.6,86813,1260616,5096598,0,0,0,0,0,512,8,8,forced:template_multimodal,275.4239
20260729-195944,headroom_b512_block1_depth0_forced_template_multimodal,forced_template_multimodal,prefix,tpch,1309,295968743,655,121192773,0.4095,0.4996,0,0,0,0,0.0,0,0,0,0,0,0,0,0,512,8,8,forced:template_multimodal,33.9058
20260729-195944,headroom_b512_block1_depth0_forced_template_multimodal,forced_template_multimodal,prefix,taxi,659,1064016617,226,355606007,0.3342,0.6571,0,0,0,0,0.0,0,0,0,0,0,0,0,0,512,8,8,forced:template_multimodal,14.6913
20260729-195944,headroom_b512_block1_depth0_forced_template_multimodal,forced_template_multimodal,prefix,lastfm,1216,1867138,42,3320225,1.7782,0.9655,0,0,0,0,0.0,0,0,0,0,0,0,0,0,512,8,8,forced:template_multimodal,2.1317
20260729-195944,headroom_b512_block1_depth0_forced_template_multimodal,forced_template_multimodal,prefix,mm,2785,569189337,1514,404272624,0.7103,0.4564,0,0,0,0,0.0,0,0,0,0,0,0,0,0,512,8,8,forced:template_multimodal,79.5554
20260729-195944,headroom_b512_block1_depth0_forced_template_multimodal,forced_template_multimodal,prefix,clickbench,1572,646756165,1132,401802817,0.6213,0.2799,0,0,0,0,0.0,0,0,0,0,0,0,0,0,512,8,8,forced:template_multimodal,60.4319
20260729-195944,headroom_b512_block1_depth0_forced_template_multimodal,forced_template_multimodal,prefix,fmnist,1216,6140828,936,66725232,10.8658,0.2303,0,0,0,0,0.0,0,0,0,0,0,0,0,0,512,8,8,forced:template_multimodal,47.4363
20260729-195944,headroom_b512_block1_depth0_forced_template_multimodal,forced_template_multimodal,prefix,sift,1216,3142849,722,48396991,15.3991,0.4063,0,0,0,0,0.0,0,0,0,0,0,0,0,0,512,8,8,forced:template_multimodal,36.5615
20260729-195944,headroom_b512_block1_depth0_forced_template_multimodal,forced_template_multimodal,prefix,emb_real,1216,969764,14,1038718,1.0711,0.9885,0,0,0,0,0.0,0,0,0,0,0,0,0,0,512,8,8,forced:template_multimodal,0.7099
20260729-201002,headroom_b512_block8_depth8_template_auto,template_auto,all,,11189,2588051441,5135,13679715064,5.2857,0.7302,3400,0,0,33214835844,3430904.2,109065,3727815,153123589,2116,10909181591,1137118902,9800811643,0,512,8,8,selector:template_auto,387.2099
20260729-201002,headroom_b512_block8_depth8_template_auto,template_auto,prefix,tpch,1309,295968743,111,314246960,1.0618,0.9351,610,0,0,0,0.0,0,0,0,26,218103808,213578427,33274335,0,512,8,8,selector:template_auto,8.5469
20260729-201002,headroom_b512_block8_depth8_template_auto,template_auto,prefix,taxi,659,1064016617,250,1654742161,1.5552,0.7891,282,0,0,0,0.0,0,0,0,111,863621312,400667448,462953864,0,512,8,8,selector:template_auto,28.2809
20260729-201002,headroom_b512_block8_depth8_template_auto,template_auto,prefix,lastfm,1216,1867138,1,3198959,1.7133,0.9992,21,0,0,0,0.0,0,0,0,0,0,0,0,0,512,8,8,selector:template_auto,0.0805
20260729-201002,headroom_b512_block8_depth8_template_auto,template_auto,prefix,mm,2785,569189337,329,1414556333,2.4852,0.9372,1069,0,0,0,0.0,0,0,0,154,1157820085,471559783,686260302,0,512,8,8,selector:template_auto,29.9403
20260729-201002,headroom_b512_block8_depth8_template_auto,template_auto,prefix,clickbench,1572,646756165,2337,9958683398,15.3979,0.1641,560,0,0,0,0.0,0,0,0,1023,8450020860,48736900,8401283960,0,512,8,8,selector:template_auto,211.8234
20260729-201002,headroom_b512_block8_depth8_template_auto,template_auto,prefix,fmnist,1216,6140828,1222,206052291,33.5545,0.4597,516,0,0,0,0.0,0,0,0,565,147903238,1130704,146772534,0,512,8,8,selector:template_auto,63.0651
20260729-201002,headroom_b512_block8_depth8_template_auto,template_auto,prefix,sift,1216,3142849,884,127288897,40.5011,0.4679,335,0,0,0,0.0,0,0,0,237,71712288,1445640,70266648,0,512,8,8,selector:template_auto,45.4139
20260729-201002,headroom_b512_block8_depth8_template_auto,template_auto,prefix,emb_real,1216,969764,1,946065,0.9756,0.9992,7,0,0,0,0.0,0,0,0,0,0,0,0,0,512,8,8,selector:template_auto,0.0590
20260729-201018,headroom_b512_block8_depth8_decision_tree,decision_tree,all,,11189,2588051441,4990,1917973908,0.7411,0.6383,68,0,0,6004282467,1005242.4,61947,1746562,6772016,943,478870698,101376049,377494649,0,512,8,8,selector:decision_tree,267.7912
20260729-201018,headroom_b512_block8_depth8_decision_tree,decision_tree,prefix,tpch,1309,295968743,608,124538029,0.4208,0.5401,7,0,0,0,0.0,0,0,0,6,1572864,358371,1214493,0,512,8,8,selector:decision_tree,31.5877
20260729-201018,headroom_b512_block8_depth8_decision_tree,decision_tree,prefix,taxi,659,1064016617,434,561497143,0.5277,0.7405,19,0,0,0,0.0,0,0,0,263,167126594,96279726,70846868,0,512,8,8,selector:decision_tree,27.0549
20260729-201018,headroom_b512_block8_depth8_decision_tree,decision_tree,prefix,lastfm,1216,1867138,1,3198959,1.7133,0.9992,2,0,0,0,0.0,0,0,0,0,0,0,0,0,512,8,8,selector:decision_tree,0.0805
20260729-201018,headroom_b512_block8_depth8_decision_tree,decision_tree,prefix,mm,2785,569189337,1519,405260934,0.7120,0.4557,13,0,0,0,0.0,0,0,0,3,786432,0,786432,0,512,8,8,selector:decision_tree,79.8149
20260729-201018,headroom_b512_block8_depth8_decision_tree,decision_tree,prefix,clickbench,1572,646756165,1132,402520799,0.6224,0.2799,18,0,0,0,0.0,0,0,0,0,0,0,0,0,512,8,8,selector:decision_tree,60.4387
20260729-201018,headroom_b512_block8_depth8_decision_tree,decision_tree,prefix,fmnist,1216,6140828,42,190881725,31.0840,0.9794,4,0,0,0,0.0,0,0,0,17,137942632,3522224,134420408,0,512,8,8,selector:decision_tree,3.9204
20260729-201018,headroom_b512_block8_depth8_decision_tree,decision_tree,prefix,sift,1216,3142849,1243,228353680,72.6582,0.5156,3,0,0,0,0.0,0,0,0,654,171442176,1215728,170226448,0,512,8,8,selector:decision_tree,64.3278
20260729-201018,headroom_b512_block8_depth8_decision_tree,decision_tree,prefix,emb_real,1216,969764,11,1722639,1.7763,0.9910,2,0,0,0,0.0,0,0,0,0,0,0,0,0,512,8,8,selector:decision_tree,0.5664
20260729-201033,headroom_b512_block8_depth8_oracle_bytes,oracle_perworkload,all,,11189,2588051441,5202,1398957561,0.5405,0.5351,0,0,0,4113248321,843867.4,79309,1357829,4645447,0,0,0,0,0,512,8,8,oracle_perworkload:bytes,273.4415
20260729-201033,headroom_b512_block8_depth8_oracle_bytes,oracle_perworkload,prefix,tpch,1309,295968743,655,121192773,0.4095,0.4996,0,0,0,0,0.0,0,0,0,0,0,0,0,0,512,8,8,oracle_perworkload:bytes,33.9058
20260729-201033,headroom_b512_block8_depth8_oracle_bytes,oracle_perworkload,prefix,taxi,659,1064016617,226,355606007,0.3342,0.6571,0,0,0,0,0.0,0,0,0,0,0,0,0,0,512,8,8,oracle_perworkload:bytes,14.6913
20260729-201033,headroom_b512_block8_depth8_oracle_bytes,oracle_perworkload,prefix,lastfm,1216,1867138,1,3198959,1.7133,0.9992,0,0,0,0,0.0,0,0,0,0,0,0,0,0,512,8,8,oracle_perworkload:bytes,0.0805
20260729-201033,headroom_b512_block8_depth8_oracle_bytes,oracle_perworkload,prefix,mm,2785,569189337,1514,404272624,0.7103,0.4564,0,0,0,0,0.0,0,0,0,0,0,0,0,0,512,8,8,oracle_perworkload:bytes,79.5554
20260729-201033,headroom_b512_block8_depth8_oracle_bytes,oracle_perworkload,prefix,clickbench,1572,646756165,1132,401802817,0.6213,0.2799,0,0,0,0,0.0,0,0,0,0,0,0,0,0,512,8,8,oracle_perworkload:bytes,60.4319
20260729-201033,headroom_b512_block8_depth8_oracle_bytes,oracle_perworkload,prefix,fmnist,1216,6140828,951,63541325,10.3474,0.2179,0,0,0,0,0.0,0,0,0,0,0,0,0,0,512,8,8,oracle_perworkload:bytes,48.1560
20260729-201033,headroom_b512_block8_depth8_oracle_bytes,oracle_perworkload,prefix,sift,1216,3142849,722,48396991,15.3991,0.4063,0,0,0,0,0.0,0,0,0,0,0,0,0,0,512,8,8,oracle_perworkload:bytes,36.5615
20260729-201033,headroom_b512_block8_depth8_oracle_bytes,oracle_perworkload,prefix,emb_real,1216,969764,1,946065,0.9756,0.9992,0,0,0,0,0.0,0,0,0,0,0,0,0,0,512,8,8,oracle_perworkload:bytes,0.0590
20260729-201049,headroom_b512_block8_depth8_oracle_cost,oracle_perworkload,all,,11189,2588051441,3013,2233135440,0.8629,0.7396,0,0,0,5835388344,993504.0,12233,1343613,7539643,99,830472192,264964930,597396390,0,512,8,8,oracle_perworkload:cost,171.9468
20260729-201049,headroom_b512_block8_depth8_oracle_cost,oracle_perworkload,prefix,tpch,1309,295968743,46,342770383,1.1581,0.9893,0,0,0,0,0.0,0,0,0,32,268435456,262130626,38193958,0,512,8,8,oracle_perworkload:cost,5.5689
20260729-201049,headroom_b512_block8_depth8_oracle_cost,oracle_perworkload,prefix,taxi,659,1064016617,226,355606007,0.3342,0.6571,0,0,0,0,0.0,0,0,0,0,0,0,0,0,512,8,8,oracle_perworkload:cost,14.6913
20260729-201049,headroom_b512_block8_depth8_oracle_cost,oracle_perworkload,prefix,lastfm,1216,1867138,1,3198959,1.7133,0.9992,0,0,0,0,0.0,0,0,0,0,0,0,0,0,512,8,8,oracle_perworkload:cost,0.0805
20260729-201049,headroom_b512_block8_depth8_oracle_cost,oracle_perworkload,prefix,mm,2785,569189337,1514,404272624,0.7103,0.4564,0,0,0,0,0.0,0,0,0,0,0,0,0,0,512,8,8,oracle_perworkload:cost,79.5554
20260729-201049,headroom_b512_block8_depth8_oracle_cost,oracle_perworkload,prefix,clickbench,1572,646756165,1132,401802817,0.6213,0.2799,0,0,0,0,0.0,0,0,0,0,0,0,0,0,512,8,8,oracle_perworkload:cost,60.4319
20260729-201049,headroom_b512_block8_depth8_oracle_cost,oracle_perworkload,prefix,fmnist,1216,6140828,26,190934373,31.0926,0.9918,0,0,0,0,0.0,0,0,0,16,134217728,2527616,131690112,0,512,8,8,oracle_perworkload:cost,3.1209
20260729-201049,headroom_b512_block8_depth8_oracle_cost,oracle_perworkload,prefix,sift,1216,3142849,67,533604212,169.7836,0.9868,0,0,0,0,0.0,0,0,0,51,427819008,306688,427512320,0,512,8,8,oracle_perworkload:cost,8.4388
20260729-201049,headroom_b512_block8_depth8_oracle_cost,oracle_perworkload,prefix,emb_real,1216,969764,1,946065,0.9756,0.9992,0,0,0,0,0.0,0,0,0,0,0,0,0,0,512,8,8,oracle_perworkload:cost,0.0590
20260729-201106,headroom_b1024_block1_depth0_passthrough,passthrough,all,,11189,2588051441,11189,2588051441,1.0000,0.0000,0,0,0,6833146709,1067080.8,9909,2893164,11698612,0,0,0,0,0,1024,1,0,passthrough,584.1316
20260729-201106,headroom_b1024_block1_depth0_passthrough,passthrough,prefix,tpch,1309,295968743,1309,295968743,1.0000,0.0000,0,0,0,0,0.0,0,0,0,0,0,0,0,0,1024,1,0,passthrough,68.2726
20260729-201106,headroom_b1024_block1_depth0_passthrough,passthrough,prefix,taxi,659,1064016617,659,1064016617,1.0000,0.0000,0,0,0,0,0.0,0,0,0,0,0,0,0,0,1024,1,0,passthrough,43.0973
20260729-201106,headroom_b1024_block1_depth0_passthrough,passthrough,prefix,lastfm,1216,1867138,1216,1867138,1.0000,0.0000,0,0,0,0,0.0,0,0,0,0,0,0,0,0,1024,1,0,passthrough,60.8178
20260729-201106,headroom_b1024_block1_depth0_passthrough,passthrough,prefix,mm,2785,569189337,2785,569189337,1.0000,0.0000,0,0,0,0,0.0,0,0,0,0,0,0,0,0,1024,1,0,passthrough,144.6782
20260729-201106,headroom_b1024_block1_depth0_passthrough,passthrough,prefix,clickbench,1572,646756165,1572,646756165,1.0000,0.0000,0,0,0,0,0.0,0,0,0,0,0,0,0,0,1024,1,0,passthrough,84.7679
20260729-201106,headroom_b1024_block1_depth0_passthrough,passthrough,prefix,fmnist,1216,6140828,1216,6140828,1.0000,0.0000,0,0,0,0,0.0,0,0,0,0,0,0,0,0,1024,1,0,passthrough,60.8586
20260729-201106,headroom_b1024_block1_depth0_passthrough,passthrough,prefix,sift,1216,3142849,1216,3142849,1.0000,0.0000,0,0,0,0,0.0,0,0,0,0,0,0,0,0,1024,1,0,passthrough,60.8300
20260729-201106,headroom_b1024_block1_depth0_passthrough,passthrough,prefix,emb_real,1216,969764,1216,969764,1.0000,0.0000,0,0,0,0,0.0,0,0,0,0,0,0,0,0,1024,1,0,passthrough,60.8092
20260729-201106,headroom_b1024_block1_depth0_passthrough,passthrough,all,,11189,2588051441,11189,2588051441,1.0000,0.0000,0,0,0,6833146709,1067080.8,9909,2893164,11698612,0,0,0,0,0,1024,1,1,passthrough,584.1316
20260729-201106,headroom_b1024_block1_depth0_passthrough,passthrough,prefix,tpch,1309,295968743,1309,295968743,1.0000,0.0000,0,0,0,0,0.0,0,0,0,0,0,0,0,0,1024,1,1,passthrough,68.2726
20260729-201106,headroom_b1024_block1_depth0_passthrough,passthrough,prefix,taxi,659,1064016617,659,1064016617,1.0000,0.0000,0,0,0,0,0.0,0,0,0,0,0,0,0,0,1024,1,1,passthrough,43.0973
20260729-201106,headroom_b1024_block1_depth0_passthrough,passthrough,prefix,lastfm,1216,1867138,1216,1867138,1.0000,0.0000,0,0,0,0,0.0,0,0,0,0,0,0,0,0,1024,1,1,passthrough,60.8178
20260729-201106,headroom_b1024_block1_depth0_passthrough,passthrough,prefix,mm,2785,569189337,2785,569189337,1.0000,0.0000,0,0,0,0,0.0,0,0,0,0,0,0,0,0,1024,1,1,passthrough,144.6782
20260729-201106,headroom_b1024_block1_depth0_passthrough,passthrough,prefix,clickbench,1572,646756165,1572,646756165,1.0000,0.0000,0,0,0,0,0.0,0,0,0,0,0,0,0,0,1024,1,1,passthrough,84.7679
20260729-201106,headroom_b1024_block1_depth0_passthrough,passthrough,prefix,fmnist,1216,6140828,1216,6140828,1.0000,0.0000,0,0,0,0,0.0,0,0,0,0,0,0,0,0,1024,1,1,passthrough,60.8586
20260729-201106,headroom_b1024_block1_depth0_passthrough,passthrough,prefix,sift,1216,3142849,1216,3142849,1.0000,0.0000,0,0,0,0,0.0,0,0,0,0,0,0,0,0,1024,1,1,passthrough,60.8300
20260729-201106,headroom_b1024_block1_depth0_passthrough,passthrough,prefix,emb_real,1216,969764,1216,969764,1.0000,0.0000,0,0,0,0,0.0,0,0,0,0,0,0,0,0,1024,1,1,passthrough,60.8092
20260729-201106,headroom_b1024_block1_depth0_passthrough,passthrough,all,,11189,2588051441,11189,2588051441,1.0000,0.0000,0,0,0,6833146709,1067080.8,9909,2893164,11698612,0,0,0,0,0,1024,4,4,passthrough,584.1316
20260729-201106,headroom_b1024_block1_depth0_passthrough,passthrough,prefix,tpch,1309,295968743,1309,295968743,1.0000,0.0000,0,0,0,0,0.0,0,0,0,0,0,0,0,0,1024,4,4,passthrough,68.2726
20260729-201106,headroom_b1024_block1_depth0_passthrough,passthrough,prefix,taxi,659,1064016617,659,1064016617,1.0000,0.0000,0,0,0,0,0.0,0,0,0,0,0,0,0,0,1024,4,4,passthrough,43.0973
20260729-201106,headroom_b1024_block1_depth0_passthrough,passthrough,prefix,lastfm,1216,1867138,1216,1867138,1.0000,0.0000,0,0,0,0,0.0,0,0,0,0,0,0,0,0,1024,4,4,passthrough,60.8178
20260729-201106,headroom_b1024_block1_depth0_passthrough,passthrough,prefix,mm,2785,569189337,2785,569189337,1.0000,0.0000,0,0,0,0,0.0,0,0,0,0,0,0,0,0,1024,4,4,passthrough,144.6782
20260729-201106,headroom_b1024_block1_depth0_passthrough,passthrough,prefix,clickbench,1572,646756165,1572,646756165,1.0000,0.0000,0,0,0,0,0.0,0,0,0,0,0,0,0,0,1024,4,4,passthrough,84.7679
20260729-201106,headroom_b1024_block1_depth0_passthrough,passthrough,prefix,fmnist,1216,6140828,1216,6140828,1.0000,0.0000,0,0,0,0,0.0,0,0,0,0,0,0,0,0,1024,4,4,passthrough,60.8586
20260729-201106,headroom_b1024_block1_depth0_passthrough,passthrough,prefix,sift,1216,3142849,1216,3142849,1.0000,0.0000,0,0,0,0,0.0,0,0,0,0,0,0,0,0,1024,4,4,passthrough,60.8300
20260729-201106,headroom_b1024_block1_depth0_passthrough,passthrough,prefix,emb_real,1216,969764,1216,969764,1.0000,0.0000,0,0,0,0,0.0,0,0,0,0,0,0,0,0,1024,4,4,passthrough,60.8092
20260729-201106,headroom_b1024_block1_depth0_passthrough,passthrough,all,,11189,2588051441,11189,2588051441,1.0000,0.0000,0,0,0,6833146709,1067080.8,9909,2893164,11698612,0,0,0,0,0,1024,8,8,passthrough,584.1316
20260729-201106,headroom_b1024_block1_depth0_passthrough,passthrough,prefix,tpch,1309,295968743,1309,295968743,1.0000,0.0000,0,0,0,0,0.0,0,0,0,0,0,0,0,0,1024,8,8,passthrough,68.2726
20260729-201106,headroom_b1024_block1_depth0_passthrough,passthrough,prefix,taxi,659,1064016617,659,1064016617,1.0000,0.0000,0,0,0,0,0.0,0,0,0,0,0,0,0,0,1024,8,8,passthrough,43.0973
20260729-201106,headroom_b1024_block1_depth0_passthrough,passthrough,prefix,lastfm,1216,1867138,1216,1867138,1.0000,0.0000,0,0,0,0,0.0,0,0,0,0,0,0,0,0,1024,8,8,passthrough,60.8178
20260729-201106,headroom_b1024_block1_depth0_passthrough,passthrough,prefix,mm,2785,569189337,2785,569189337,1.0000,0.0000,0,0,0,0,0.0,0,0,0,0,0,0,0,0,1024,8,8,passthrough,144.6782
20260729-201106,headroom_b1024_block1_depth0_passthrough,passthrough,prefix,clickbench,1572,646756165,1572,646756165,1.0000,0.0000,0,0,0,0,0.0,0,0,0,0,0,0,0,0,1024,8,8,passthrough,84.7679
20260729-201106,headroom_b1024_block1_depth0_passthrough,passthrough,prefix,fmnist,1216,6140828,1216,6140828,1.0000,0.0000,0,0,0,0,0.0,0,0,0,0,0,0,0,0,1024,8,8,passthrough,60.8586
20260729-201106,headroom_b1024_block1_depth0_passthrough,passthrough,prefix,sift,1216,3142849,1216,3142849,1.0000,0.0000,0,0,0,0,0.0,0,0,0,0,0,0,0,0,1024,8,8,passthrough,60.8300
20260729-201106,headroom_b1024_block1_depth0_passthrough,passthrough,prefix,emb_real,1216,969764,1216,969764,1.0000,0.0000,0,0,0,0,0.0,0,0,0,0,0,0,0,0,1024,8,8,passthrough,60.8092
20260729-201120,headroom_b1024_block1_depth0_forced_s3a_random,forced_s3a_random,all,,11189,2588051441,5304,1409084477,0.5445,0.5260,0,0,0,3923179117,830484.0,115467,1230830,4605352,0,0,0,0,0,1024,1,0,forced:s3a_random,278.6381
20260729-201120,headroom_b1024_block1_depth0_forced_s3a_random,forced_s3a_random,prefix,tpch,1309,295968743,605,122729226,0.4147,0.5378,0,0,0,0,0.0,0,0,0,0,0,0,0,0,1024,1,0,forced:s3a_random,31.4204
20260729-201120,headroom_b1024_block1_depth0_forced_s3a_random,forced_s3a_random,prefix,taxi,659,1064016617,226,355820597,0.3344,0.6571,0,0,0,0,0.0,0,0,0,0,0,0,0,0,1024,1,0,forced:s3a_random,14.6934
20260729-201120,headroom_b1024_block1_depth0_forced_s3a_random,forced_s3a_random,prefix,lastfm,1216,1867138,75,5482913,2.9365,0.9383,0,0,0,0,0.0,0,0,0,0,0,0,0,0,1024,1,0,forced:s3a_random,3.8023
20260729-201120,headroom_b1024_block1_depth0_forced_s3a_random,forced_s3a_random,prefix,mm,2785,569189337,1534,407343027,0.7157,0.4492,0,0,0,0,0.0,0,0,0,0,0,0,0,0,1024,1,0,forced:s3a_random,80.5847
20260729-201120,headroom_b1024_block1_depth0_forced_s3a_random,forced_s3a_random,prefix,clickbench,1572,646756165,1132,402707754,0.6227,0.2799,0,0,0,0,0.0,0,0,0,0,0,0,0,0,1024,1,0,forced:s3a_random,60.4405
20260729-201120,headroom_b1024_block1_depth0_forced_s3a_random,forced_s3a_random,prefix,fmnist,1216,6140828,951,63541325,10.3474,0.2179,0,0,0,0,0.0,0,0,0,0,0,0,0,0,1024,1,0,forced:s3a_random,48.1560
20260729-201120,headroom_b1024_block1_depth0_forced_s3a_random,forced_s3a_random,prefix,sift,1216,3142849,756,49700021,15.8137,0.3783,0,0,0,0,0.0,0,0,0,0,0,0,0,0,1024,1,0,forced:s3a_random,38.2740
20260729-201120,headroom_b1024_block1_depth0_forced_s3a_random,forced_s3a_random,prefix,emb_real,1216,969764,25,1759614,1.8145,0.9794,0,0,0,0,0.0,0,0,0,0,0,0,0,0,1024,1,0,forced:s3a_random,1.2668
20260729-201134,headroom_b1024_block1_depth0_forced_template_locality,forced_template_locality,all,,11189,2588051441,4942,1563029267,0.6039,0.5583,0,0,0,4238013452,854785.0,59121,1313186,5171078,0,0,0,0,0,1024,1,0,forced:template_locality,262.0062
20260729-201134,headroom_b1024_block1_depth0_forced_template_locality,forced_template_locality,prefix,tpch,1309,295968743,564,149719125,0.5059,0.5691,0,0,0,0,0.0,0,0,0,0,0,0,0,0,1024,1,0,forced:template_locality,29.6278
20260729-201134,headroom_b1024_block1_depth0_forced_template_locality,forced_template_locality,prefix,taxi,659,1064016617,226,363134563,0.3413,0.6571,0,0,0,0,0.0,0,0,0,0,0,0,0,0,1024,1,0,forced:template_locality,14.7631
20260729-201134,headroom_b1024_block1_depth0_forced_template_locality,forced_template_locality,prefix,lastfm,1216,1867138,21,3910049,2.0941,0.9827,0,0,0,0,0.0,0,0,0,0,0,0,0,0,1024,1,0,forced:template_locality,1.0873
20260729-201134,headroom_b1024_block1_depth0_forced_template_locality,forced_template_locality,prefix,mm,2785,569189337,1477,457771044,0.8043,0.4697,0,0,0,0,0.0,0,0,0,0,0,0,0,0,1024,1,0,forced:template_locality,78.2156
20260729-201134,headroom_b1024_block1_depth0_forced_template_locality,forced_template_locality,prefix,clickbench,1572,646756165,1128,411084554,0.6356,0.2824,0,0,0,0,0.0,0,0,0,0,0,0,0,0,1024,1,0,forced:template_locality,60.3204
20260729-201134,headroom_b1024_block1_depth0_forced_template_locality,forced_template_locality,prefix,fmnist,1216,6140828,841,110116045,17.9318,0.3084,0,0,0,0,0.0,0,0,0,0,0,0,0,0,1024,1,0,forced:template_locality,43.1001
20260729-201134,headroom_b1024_block1_depth0_forced_template_locality,forced_template_locality,prefix,sift,1216,3142849,678,66124097,21.0395,0.4424,0,0,0,0,0.0,0,0,0,0,0,0,0,0,1024,1,0,forced:template_locality,34.5306
20260729-201134,headroom_b1024_block1_depth0_forced_template_locality,forced_template_locality,prefix,emb_real,1216,969764,7,1169790,1.2063,0.9942,0,0,0,0,0.0,0,0,0,0,0,0,0,0,1024,1,0,forced:template_locality,0.3612
20260729-201153,headroom_b1024_block1_depth0_forced_s3a_prefetch,forced_s3a_prefetch,all,,11189,2588051441,2676,3366454356,1.3008,0.7608,0,0,0,8518739665,1227804.0,15829,2800439,6245476,0,0,0,0,0,1024,1,0,forced:s3a_prefetch,165.9050
20260729-201153,headroom_b1024_block1_depth0_forced_s3a_prefetch,forced_s3a_prefetch,prefix,tpch,1309,295968743,287,310825076,1.0502,0.7807,0,0,0,0,0.0,0,0,0,0,0,0,0,0,1024,1,0,forced:s3a_prefetch,17.3143
20260729-201153,headroom_b1024_block1_depth0_forced_s3a_prefetch,forced_s3a_prefetch,prefix,taxi,659,1064016617,222,514792322,0.4838,0.6631,0,0,0,0,0.0,0,0,0,0,0,0,0,0,1024,1,0,forced:s3a_prefetch,16.0094
20260729-201153,headroom_b1024_block1_depth0_forced_s3a_prefetch,forced_s3a_prefetch,prefix,lastfm,1216,1867138,3,3198959,1.7133,0.9975,0,0,0,0,0.0,0,0,0,0,0,0,0,0,1024,1,0,forced:s3a_prefetch,0.1805
20260729-201153,headroom_b1024_block1_depth0_forced_s3a_prefetch,forced_s3a_prefetch,prefix,mm,2785,569189337,740,863599328,1.5172,0.7343,0,0,0,0,0.0,0,0,0,0,0,0,0,0,1024,1,0,forced:s3a_prefetch,45.2359
20260729-201153,headroom_b1024_block1_depth0_forced_s3a_prefetch,forced_s3a_prefetch,prefix,clickbench,1572,646756165,894,1122614597,1.7358,0.4313,0,0,0,0,0.0,0,0,0,0,0,0,0,0,1024,1,0,forced:s3a_prefetch,55.4061
20260729-201153,headroom_b1024_block1_depth0_forced_s3a_prefetch,forced_s3a_prefetch,prefix,fmnist,1216,6140828,186,193033765,31.4345,0.8470,0,0,0,0,0.0,0,0,0,0,0,0,0,0,1024,1,0,forced:s3a_prefetch,11.1409
20260729-201153,headroom_b1024_block1_depth0_forced_s3a_prefetch,forced_s3a_prefetch,prefix,sift,1216,3142849,343,357444244,113.7326,0.7179,0,0,0,0,0.0,0,0,0,0,0,0,0,0,1024,1,0,forced:s3a_prefetch,20.5589
20260729-201153,headroom_b1024_block1_depth0_forced_s3a_prefetch,forced_s3a_prefetch,prefix,emb_real,1216,969764,1,946065,0.9756,0.9992,0,0,0,0,0.0,0,0,0,0,0,0,0,0,1024,1,0,forced:s3a_prefetch,0.0590
20260729-201208,headroom_b1024_block1_depth0_forced_template_multimodal,forced_template_multimodal,all,,11189,2588051441,5241,1402355387,0.5419,0.5316,0,0,0,4156948324,860143.5,90621,1387837,4670716,0,0,0,0,0,1024,1,0,forced:template_multimodal,275.4239
20260729-201208,headroom_b1024_block1_depth0_forced_template_multimodal,forced_template_multimodal,prefix,tpch,1309,295968743,655,121192773,0.4095,0.4996,0,0,0,0,0.0,0,0,0,0,0,0,0,0,1024,1,0,forced:template_multimodal,33.9058
20260729-201208,headroom_b1024_block1_depth0_forced_template_multimodal,forced_template_multimodal,prefix,taxi,659,1064016617,226,355606007,0.3342,0.6571,0,0,0,0,0.0,0,0,0,0,0,0,0,0,1024,1,0,forced:template_multimodal,14.6913
20260729-201208,headroom_b1024_block1_depth0_forced_template_multimodal,forced_template_multimodal,prefix,lastfm,1216,1867138,42,3320225,1.7782,0.9655,0,0,0,0,0.0,0,0,0,0,0,0,0,0,1024,1,0,forced:template_multimodal,2.1317
20260729-201208,headroom_b1024_block1_depth0_forced_template_multimodal,forced_template_multimodal,prefix,mm,2785,569189337,1514,404272624,0.7103,0.4564,0,0,0,0,0.0,0,0,0,0,0,0,0,0,1024,1,0,forced:template_multimodal,79.5554
20260729-201208,headroom_b1024_block1_depth0_forced_template_multimodal,forced_template_multimodal,prefix,clickbench,1572,646756165,1132,401802817,0.6213,0.2799,0,0,0,0,0.0,0,0,0,0,0,0,0,0,1024,1,0,forced:template_multimodal,60.4319
20260729-201208,headroom_b1024_block1_depth0_forced_template_multimodal,forced_template_multimodal,prefix,fmnist,1216,6140828,936,66725232,10.8658,0.2303,0,0,0,0,0.0,0,0,0,0,0,0,0,0,1024,1,0,forced:template_multimodal,47.4363
20260729-201208,headroom_b1024_block1_depth0_forced_template_multimodal,forced_template_multimodal,prefix,sift,1216,3142849,722,48396991,15.3991,0.4063,0,0,0,0,0.0,0,0,0,0,0,0,0,0,1024,1,0,forced:template_multimodal,36.5615
20260729-201208,headroom_b1024_block1_depth0_forced_template_multimodal,forced_template_multimodal,prefix,emb_real,1216,969764,14,1038718,1.0711,0.9885,0,0,0,0,0.0,0,0,0,0,0,0,0,0,1024,1,0,forced:template_multimodal,0.7099
20260729-201224,headroom_b1024_block1_depth0_template_auto,template_auto,all,,11189,2588051441,4545,1853895478,0.7163,0.5938,3400,0,0,5488155992,970914.6,58049,2913924,4783732,0,0,0,0,0,1024,1,0,selector:template_auto,244.9301
20260729-201224,headroom_b1024_block1_depth0_template_auto,template_auto,prefix,tpch,1309,295968743,395,186456314,0.6300,0.6982,610,0,0,0,0.0,0,0,0,0,0,0,0,0,1024,1,0,selector:template_auto,21.5282
20260729-201224,headroom_b1024_block1_depth0_template_auto,template_auto,prefix,taxi,659,1064016617,226,428354795,0.4026,0.6571,282,0,0,0,0.0,0,0,0,0,0,0,0,0,1024,1,0,selector:template_auto,15.3851
20260729-201224,headroom_b1024_block1_depth0_template_auto,template_auto,prefix,lastfm,1216,1867138,21,3985391,2.1345,0.9827,21,0,0,0,0.0,0,0,0,0,0,0,0,0,1024,1,0,selector:template_auto,1.0880
20260729-201224,headroom_b1024_block1_depth0_template_auto,template_auto,prefix,mm,2785,569189337,1163,566389362,0.9951,0.5824,1069,0,0,0,0.0,0,0,0,0,0,0,0,0,1024,1,0,selector:template_auto,63.5515
20260729-201224,headroom_b1024_block1_depth0_template_auto,template_auto,prefix,clickbench,1572,646756165,1123,530317653,0.8200,0.2856,560,0,0,0,0.0,0,0,0,0,0,0,0,0,1024,1,0,selector:template_auto,61.2075
20260729-201224,headroom_b1024_block1_depth0_template_auto,template_auto,prefix,fmnist,1216,6140828,917,82266301,13.3966,0.2459,516,0,0,0,0.0,0,0,0,0,0,0,0,0,1024,1,0,selector:template_auto,46.6346
20260729-201224,headroom_b1024_block1_depth0_template_auto,template_auto,prefix,sift,1216,3142849,699,55179597,17.5572,0.4252,335,0,0,0,0.0,0,0,0,0,0,0,0,0,1024,1,0,selector:template_auto,35.4762
20260729-201224,headroom_b1024_block1_depth0_template_auto,template_auto,prefix,emb_real,1216,969764,1,946065,0.9756,0.9992,7,0,0,0,0.0,0,0,0,0,0,0,0,0,1024,1,0,selector:template_auto,0.0590
20260729-201239,headroom_b1024_block1_depth0_decision_tree,decision_tree,all,,11189,2588051441,4385,1579033986,0.6101,0.6081,68,0,0,4828637738,901384.7,58119,1932945,5043240,0,0,0,0,0,1024,1,0,selector:decision_tree,234.3088
20260729-201239,headroom_b1024_block1_depth0_decision_tree,decision_tree,prefix,tpch,1309,295968743,605,123161773,0.4161,0.5378,7,0,0,0,0.0,0,0,0,0,0,0,0,0,1024,1,0,selector:decision_tree,31.4246
20260729-201239,headroom_b1024_block1_depth0_decision_tree,decision_tree,prefix,taxi,659,1064016617,224,384955349,0.3618,0.6601,19,0,0,0,0.0,0,0,0,0,0,0,0,0,1024,1,0,selector:decision_tree,14.8712
20260729-201239,headroom_b1024_block1_depth0_decision_tree,decision_tree,prefix,lastfm,1216,1867138,10,3657711,1.9590,0.9918,2,0,0,0,0.0,0,0,0,0,0,0,0,0,1024,1,0,selector:decision_tree,0.5349
20260729-201239,headroom_b1024_block1_depth0_decision_tree,decision_tree,prefix,mm,2785,569189337,1516,404474502,0.7106,0.4557,13,0,0,0,0.0,0,0,0,0,0,0,0,0,1024,1,0,selector:decision_tree,79.6574
20260729-201239,headroom_b1024_block1_depth0_decision_tree,decision_tree,prefix,clickbench,1572,646756165,1132,402520799,0.6224,0.2799,18,0,0,0,0.0,0,0,0,0,0,0,0,0,1024,1,0,selector:decision_tree,60.4387
20260729-201239,headroom_b1024_block1_depth0_decision_tree,decision_tree,prefix,fmnist,1216,6140828,203,192129149,31.2872,0.8331,4,0,0,0,0.0,0,0,0,0,0,0,0,0,1024,1,0,selector:decision_tree,11.9823
20260729-201239,headroom_b1024_block1_depth0_decision_tree,decision_tree,prefix,sift,1216,3142849,684,66412064,21.1312,0.4375,3,0,0,0,0.0,0,0,0,0,0,0,0,0,1024,1,0,selector:decision_tree,34.8334
20260729-201239,headroom_b1024_block1_depth0_decision_tree,decision_tree,prefix,emb_real,1216,969764,11,1722639,1.7763,0.9910,2,0,0,0,0.0,0,0,0,0,0,0,0,0,1024,1,0,selector:decision_tree,0.5664
20260729-201253,headroom_b1024_block1_depth0_oracle_bytes,oracle_perworkload,all,,11189,2588051441,5204,1398957561,0.5405,0.5349,0,0,0,3907498680,838243.4,84369,1305392,4834878,0,0,0,0,0,1024,1,0,oracle_perworkload:bytes,273.5415
20260729-201253,headroom_b1024_block1_depth0_oracle_bytes,oracle_perworkload,prefix,tpch,1309,295968743,655,121192773,0.4095,0.4996,0,0,0,0,0.0,0,0,0,0,0,0,0,0,1024,1,0,oracle_perworkload:bytes,33.9058
20260729-201253,headroom_b1024_block1_depth0_oracle_bytes,oracle_perworkload,prefix,taxi,659,1064016617,226,355606007,0.3342,0.6571,0,0,0,0,0.0,0,0,0,0,0,0,0,0,1024,1,0,oracle_perworkload:bytes,14.6913
20260729-201253,headroom_b1024_block1_depth0_oracle_bytes,oracle_perworkload,prefix,lastfm,1216,1867138,3,3198959,1.7133,0.9975,0,0,0,0,0.0,0,0,0,0,0,0,0,0,1024,1,0,oracle_perworkload:bytes,0.1805
20260729-201253,headroom_b1024_block1_depth0_oracle_bytes,oracle_perworkload,prefix,mm,2785,569189337,1514,404272624,0.7103,0.4564,0,0,0,0,0.0,0,0,0,0,0,0,0,0,1024,1,0,oracle_perworkload:bytes,79.5554
20260729-201253,headroom_b1024_block1_depth0_oracle_bytes,oracle_perworkload,prefix,clickbench,1572,646756165,1132,401802817,0.6213,0.2799,0,0,0,0,0.0,0,0,0,0,0,0,0,0,1024,1,0,oracle_perworkload:bytes,60.4319
20260729-201253,headroom_b1024_block1_depth0_oracle_bytes,oracle_perworkload,prefix,fmnist,1216,6140828,951,63541325,10.3474,0.2179,0,0,0,0,0.0,0,0,0,0,0,0,0,0,1024,1,0,oracle_perworkload:bytes,48.1560
20260729-201253,headroom_b1024_block1_depth0_oracle_bytes,oracle_perworkload,prefix,sift,1216,3142849,722,48396991,15.3991,0.4063,0,0,0,0,0.0,0,0,0,0,0,0,0,0,1024,1,0,oracle_perworkload:bytes,36.5615
20260729-201253,headroom_b1024_block1_depth0_oracle_bytes,oracle_perworkload,prefix,emb_real,1216,969764,1,946065,0.9756,0.9992,0,0,0,0,0.0,0,0,0,0,0,0,0,0,1024,1,0,oracle_perworkload:bytes,0.0590
20260729-201313,headroom_b1024_block1_depth0_oracle_cost,oracle_perworkload,all,,11189,2588051441,2680,3207268041,1.2393,0.7605,0,0,0,9004909140,1266898.4,15509,3199984,6156801,0,0,0,0,0,1024,1,0,oracle_perworkload:cost,164.5869
20260729-201313,headroom_b1024_block1_depth0_oracle_cost,oracle_perworkload,prefix,tpch,1309,295968743,287,310825076,1.0502,0.7807,0,0,0,0,0.0,0,0,0,0,0,0,0,0,1024,1,0,oracle_perworkload:cost,17.3143
20260729-201313,headroom_b1024_block1_depth0_oracle_cost,oracle_perworkload,prefix,taxi,659,1064016617,226,355606007,0.3342,0.6571,0,0,0,0,0.0,0,0,0,0,0,0,0,0,1024,1,0,oracle_perworkload:cost,14.6913
20260729-201313,headroom_b1024_block1_depth0_oracle_cost,oracle_perworkload,prefix,lastfm,1216,1867138,3,3198959,1.7133,0.9975,0,0,0,0,0.0,0,0,0,0,0,0,0,0,1024,1,0,oracle_perworkload:cost,0.1805
20260729-201313,headroom_b1024_block1_depth0_oracle_cost,oracle_perworkload,prefix,mm,2785,569189337,740,863599328,1.5172,0.7343,0,0,0,0,0.0,0,0,0,0,0,0,0,0,1024,1,0,oracle_perworkload:cost,45.2359
20260729-201313,headroom_b1024_block1_depth0_oracle_cost,oracle_perworkload,prefix,clickbench,1572,646756165,894,1122614597,1.7358,0.4313,0,0,0,0,0.0,0,0,0,0,0,0,0,0,1024,1,0,oracle_perworkload:cost,55.4061
20260729-201313,headroom_b1024_block1_depth0_oracle_cost,oracle_perworkload,prefix,fmnist,1216,6140828,186,193033765,31.4345,0.8470,0,0,0,0,0.0,0,0,0,0,0,0,0,0,1024,1,0,oracle_perworkload:cost,11.1409
20260729-201313,headroom_b1024_block1_depth0_oracle_cost,oracle_perworkload,prefix,sift,1216,3142849,343,357444244,113.7326,0.7179,0,0,0,0,0.0,0,0,0,0,0,0,0,0,1024,1,0,oracle_perworkload:cost,20.5589
20260729-201313,headroom_b1024_block1_depth0_oracle_cost,oracle_perworkload,prefix,emb_real,1216,969764,1,946065,0.9756,0.9992,0,0,0,0,0.0,0,0,0,0,0,0,0,0,1024,1,0,oracle_perworkload:cost,0.0590
20260729-201328,headroom_b1024_block1_depth1_forced_template_locality,forced_template_locality,all,,11189,2588051441,5935,1848070917,0.7141,0.5802,0,0,0,4928852929,912875.7,153129,1459842,4729455,1238,324231357,9929244,314302113,0,1024,1,1,forced:template_locality,314.3746
20260729-201328,headroom_b1024_block1_depth1_forced_template_locality,forced_template_locality,prefix,tpch,1309,295968743,708,189585736,0.6406,0.5989,0,0,0,0,0.0,0,0,0,183,47972352,3453440,44518912,0,1024,1,1,forced:template_locality,37.2080
20260729-201328,headroom_b1024_block1_depth1_forced_template_locality,forced_template_locality,prefix,taxi,659,1064016617,292,380436067,0.3575,0.6571,0,0,0,0,0.0,0,0,0,66,17301504,0,17301504,0,1024,1,1,forced:template_locality,18.2281
20260729-201328,headroom_b1024_block1_depth1_forced_template_locality,forced_template_locality,prefix,lastfm,1216,1867138,18,3713441,1.9888,0.9901,0,0,0,0,0.0,0,0,0,6,1572864,283126,1289738,0,1024,1,1,forced:template_locality,0.9354
20260729-201328,headroom_b1024_block1_depth1_forced_template_locality,forced_template_locality,prefix,mm,2785,569189337,1805,545434514,0.9583,0.4790,0,0,0,0,0.0,0,0,0,354,92798976,4201478,88597498,0,1024,1,1,forced:template_locality,95.4517
20260729-201328,headroom_b1024_block1_depth1_forced_template_locality,forced_template_locality,prefix,clickbench,1572,646756165,1377,476358410,0.7365,0.2824,0,0,0,0,0.0,0,0,0,249,65273856,0,65273856,0,1024,1,1,forced:template_locality,73.3929
20260729-201328,headroom_b1024_block1_depth1_forced_template_locality,forced_template_locality,prefix,fmnist,1216,6140828,962,157367501,25.6264,0.4169,0,0,0,0,0.0,0,0,0,253,66322432,580200,65742232,0,1024,1,1,forced:template_locality,49.6008
20260729-201328,headroom_b1024_block1_depth1_forced_template_locality,forced_template_locality,prefix,sift,1216,3142849,766,93911361,29.8810,0.4720,0,0,0,0,0.0,0,0,0,124,32305452,1108240,31197212,0,1024,1,1,forced:template_locality,39.1956
20260729-201328,headroom_b1024_block1_depth1_forced_template_locality,forced_template_locality,prefix,emb_real,1216,969764,7,1263887,1.3033,0.9967,0,0,0,0,0.0,0,0,0,3,683921,302760,381161,0,1024,1,1,forced:template_locality,0.3621
20260729-201349,headroom_b1024_block1_depth1_forced_s3a_prefetch,forced_s3a_prefetch,all,,11189,2588051441,3668,4406641748,1.7027,0.7969,0,0,0,10838587470,1453827.6,16280,5114992,7063454,1396,1463812096,221974116,1251175175,0,1024,1,1,forced:s3a_prefetch,225.4250
20260729-201349,headroom_b1024_block1_depth1_forced_s3a_prefetch,forced_s3a_prefetch,prefix,tpch,1309,295968743,365,392614004,1.3265,0.8052,0,0,0,0,0.0,0,0,0,110,115343360,19170588,96172772,0,1024,1,1,forced:s3a_prefetch,21.9943
20260729-201349,headroom_b1024_block1_depth1_forced_s3a_prefetch,forced_s3a_prefetch,prefix,taxi,659,1064016617,315,612309890,0.5755,0.6859,0,0,0,0,0.0,0,0,0,108,113246208,25246038,97337365,0,1024,1,1,forced:s3a_prefetch,21.5894
20260729-201349,headroom_b1024_block1_depth1_forced_s3a_prefetch,forced_s3a_prefetch,prefix,lastfm,1216,1867138,3,3198959,1.7133,0.9984,0,0,0,0,0.0,0,0,0,1,1048576,203840,844736,0,1024,1,1,forced:s3a_prefetch,0.1805
20260729-201349,headroom_b1024_block1_depth1_forced_s3a_prefetch,forced_s3a_prefetch,prefix,mm,2785,569189337,844,972651232,1.7088,0.7928,0,0,0,0,0.0,0,0,0,267,279969792,175726008,104243784,0,1024,1,1,forced:s3a_prefetch,51.4759
20260729-201349,headroom_b1024_block1_depth1_forced_s3a_prefetch,forced_s3a_prefetch,prefix,clickbench,1572,646756165,1507,1765391685,2.7296,0.4370,0,0,0,0,0.0,0,0,0,622,652214272,666,652213606,0,1024,1,1,forced:s3a_prefetch,92.1861
20260729-201349,headroom_b1024_block1_depth1_forced_s3a_prefetch,forced_s3a_prefetch,prefix,fmnist,1216,6140828,186,193033765,31.4345,0.9145,0,0,0,0,0.0,0,0,0,82,85983232,1404928,84578304,0,1024,1,1,forced:s3a_prefetch,11.1409
20260729-201349,headroom_b1024_block1_depth1_forced_s3a_prefetch,forced_s3a_prefetch,prefix,sift,1216,3142849,447,466496148,148.4310,0.8018,0,0,0,0,0.0,0,0,0,206,216006656,222048,215784608,0,1024,1,1,forced:s3a_prefetch,26.7989
20260729-201349,headroom_b1024_block1_depth1_forced_s3a_prefetch,forced_s3a_prefetch,prefix,emb_real,1216,969764,1,946065,0.9756,0.9992,0,0,0,0,0.0,0,0,0,0,0,0,0,0,1024,1,1,forced:s3a_prefetch,0.0590
20260729-201120,headroom_b1024_block1_depth0_forced_s3a_random,forced_s3a_random,all,,11189,2588051441,5304,1409084477,0.5445,0.5260,0,0,0,3923179117,830484.0,115467,1230830,4605352,0,0,0,0,0,1024,1,1,forced:s3a_random,278.6381
20260729-201120,headroom_b1024_block1_depth0_forced_s3a_random,forced_s3a_random,prefix,tpch,1309,295968743,605,122729226,0.4147,0.5378,0,0,0,0,0.0,0,0,0,0,0,0,0,0,1024,1,1,forced:s3a_random,31.4204
20260729-201120,headroom_b1024_block1_depth0_forced_s3a_random,forced_s3a_random,prefix,taxi,659,1064016617,226,355820597,0.3344,0.6571,0,0,0,0,0.0,0,0,0,0,0,0,0,0,1024,1,1,forced:s3a_random,14.6934
20260729-201120,headroom_b1024_block1_depth0_forced_s3a_random,forced_s3a_random,prefix,lastfm,1216,1867138,75,5482913,2.9365,0.9383,0,0,0,0,0.0,0,0,0,0,0,0,0,0,1024,1,1,forced:s3a_random,3.8023
20260729-201120,headroom_b1024_block1_depth0_forced_s3a_random,forced_s3a_random,prefix,mm,2785,569189337,1534,407343027,0.7157,0.4492,0,0,0,0,0.0,0,0,0,0,0,0,0,0,1024,1,1,forced:s3a_random,80.5847
20260729-201120,headroom_b1024_block1_depth0_forced_s3a_random,forced_s3a_random,prefix,clickbench,1572,646756165,1132,402707754,0.6227,0.2799,0,0,0,0,0.0,0,0,0,0,0,0,0,0,1024,1,1,forced:s3a_random,60.4405
20260729-201120,headroom_b1024_block1_depth0_forced_s3a_random,forced_s3a_random,prefix,fmnist,1216,6140828,951,63541325,10.3474,0.2179,0,0,0,0,0.0,0,0,0,0,0,0,0,0,1024,1,1,forced:s3a_random,48.1560
20260729-201120,headroom_b1024_block1_depth0_forced_s3a_random,forced_s3a_random,prefix,sift,1216,3142849,756,49700021,15.8137,0.3783,0,0,0,0,0.0,0,0,0,0,0,0,0,0,1024,1,1,forced:s3a_random,38.2740
20260729-201120,headroom_b1024_block1_depth0_forced_s3a_random,forced_s3a_random,prefix,emb_real,1216,969764,25,1759614,1.8145,0.9794,0,0,0,0,0.0,0,0,0,0,0,0,0,0,1024,1,1,forced:s3a_random,1.2668
20260729-201208,headroom_b1024_block1_depth0_forced_template_multimodal,forced_template_multimodal,all,,11189,2588051441,5241,1402355387,0.5419,0.5316,0,0,0,4156948324,860143.5,90621,1387837,4670716,0,0,0,0,0,1024,1,1,forced:template_multimodal,275.4239
20260729-201208,headroom_b1024_block1_depth0_forced_template_multimodal,forced_template_multimodal,prefix,tpch,1309,295968743,655,121192773,0.4095,0.4996,0,0,0,0,0.0,0,0,0,0,0,0,0,0,1024,1,1,forced:template_multimodal,33.9058
20260729-201208,headroom_b1024_block1_depth0_forced_template_multimodal,forced_template_multimodal,prefix,taxi,659,1064016617,226,355606007,0.3342,0.6571,0,0,0,0,0.0,0,0,0,0,0,0,0,0,1024,1,1,forced:template_multimodal,14.6913
20260729-201208,headroom_b1024_block1_depth0_forced_template_multimodal,forced_template_multimodal,prefix,lastfm,1216,1867138,42,3320225,1.7782,0.9655,0,0,0,0,0.0,0,0,0,0,0,0,0,0,1024,1,1,forced:template_multimodal,2.1317
20260729-201208,headroom_b1024_block1_depth0_forced_template_multimodal,forced_template_multimodal,prefix,mm,2785,569189337,1514,404272624,0.7103,0.4564,0,0,0,0,0.0,0,0,0,0,0,0,0,0,1024,1,1,forced:template_multimodal,79.5554
20260729-201208,headroom_b1024_block1_depth0_forced_template_multimodal,forced_template_multimodal,prefix,clickbench,1572,646756165,1132,401802817,0.6213,0.2799,0,0,0,0,0.0,0,0,0,0,0,0,0,0,1024,1,1,forced:template_multimodal,60.4319
20260729-201208,headroom_b1024_block1_depth0_forced_template_multimodal,forced_template_multimodal,prefix,fmnist,1216,6140828,936,66725232,10.8658,0.2303,0,0,0,0,0.0,0,0,0,0,0,0,0,0,1024,1,1,forced:template_multimodal,47.4363
20260729-201208,headroom_b1024_block1_depth0_forced_template_multimodal,forced_template_multimodal,prefix,sift,1216,3142849,722,48396991,15.3991,0.4063,0,0,0,0,0.0,0,0,0,0,0,0,0,0,1024,1,1,forced:template_multimodal,36.5615
20260729-201208,headroom_b1024_block1_depth0_forced_template_multimodal,forced_template_multimodal,prefix,emb_real,1216,969764,14,1038718,1.0711,0.9885,0,0,0,0,0.0,0,0,0,0,0,0,0,0,1024,1,1,forced:template_multimodal,0.7099
20260729-201406,headroom_b1024_block1_depth1_template_auto,template_auto,all,,11189,2588051441,4853,2276372066,0.8796,0.6266,3400,0,0,6109878677,1014706.9,94879,3675448,5795896,675,562098476,103684504,458413972,0,1024,1,1,selector:template_auto,264.3592
20260729-201406,headroom_b1024_block1_depth1_template_auto,template_auto,prefix,tpch,1309,295968743,402,242317929,0.8187,0.7632,610,0,0,0,0.0,0,0,0,92,96468992,28575161,67893831,0,1024,1,1,selector:template_auto,22.4109
20260729-201406,headroom_b1024_block1_depth1_template_auto,template_auto,prefix,taxi,659,1064016617,298,500706539,0.4706,0.6616,282,0,0,0,0.0,0,0,0,75,75497472,288738,75208734,0,1024,1,1,selector:template_auto,19.6751
20260729-201406,headroom_b1024_block1_depth1_template_auto,template_auto,prefix,lastfm,1216,1867138,16,3657711,1.9590,0.9901,21,0,0,0,0.0,0,0,0,4,1048576,194710,853866,0,1024,1,1,selector:template_auto,0.8349
20260729-201406,headroom_b1024_block1_depth1_template_auto,template_auto,prefix,mm,2785,569189337,1167,682525743,1.1991,0.6521,1069,0,0,0,0.0,0,0,0,198,202899456,73400693,129498763,0,1024,1,1,selector:template_auto,64.8591
20260729-201406,headroom_b1024_block1_depth1_template_auto,template_auto,prefix,clickbench,1572,646756165,1246,668139861,1.0331,0.2913,560,0,0,0,0.0,0,0,0,132,138412032,666,138411366,0,1024,1,1,selector:template_auto,68.6719
20260729-201406,headroom_b1024_block1_depth1_template_auto,template_auto,prefix,fmnist,1216,6140828,999,112412861,18.3058,0.2862,516,0,0,0,0.0,0,0,0,131,34340864,238376,34102488,0,1024,1,1,selector:template_auto,51.0221
20260729-201406,headroom_b1024_block1_depth1_template_auto,template_auto,prefix,sift,1216,3142849,724,65665357,20.8936,0.4400,335,0,0,0,0.0,0,0,0,43,13431084,986160,12444924,0,1024,1,1,selector:template_auto,36.8262
20260729-201406,headroom_b1024_block1_depth1_template_auto,template_auto,prefix,emb_real,1216,969764,1,946065,0.9756,0.9992,7,0,0,0,0.0,0,0,0,0,0,0,0,0,1024,1,1,selector:template_auto,0.0590
20260729-201421,headroom_b1024_block1_depth1_decision_tree,decision_tree,all,,11189,2588051441,4541,1636443522,0.6323,0.6185,68,0,0,4759027347,902182.5,64131,1661171,5422761,272,150732800,11791097,144222639,0,1024,1,1,selector:decision_tree,242.6563
20260729-201421,headroom_b1024_block1_depth1_decision_tree,decision_tree,prefix,tpch,1309,295968743,605,123161773,0.4161,0.5378,7,0,0,0,0.0,0,0,0,0,0,0,0,0,1024,1,1,selector:decision_tree,31.4246
20260729-201421,headroom_b1024_block1_depth1_decision_tree,decision_tree,prefix,taxi,659,1064016617,296,416412629,0.3914,0.6631,19,0,0,0,0.0,0,0,0,74,33554432,9362537,29472831,0,1024,1,1,selector:decision_tree,18.7712
20260729-201421,headroom_b1024_block1_depth1_decision_tree,decision_tree,prefix,lastfm,1216,1867138,10,3657711,1.9590,0.9918,2,0,0,0,0.0,0,0,0,0,0,0,0,0,1024,1,1,selector:decision_tree,0.5349
20260729-201421,headroom_b1024_block1_depth1_decision_tree,decision_tree,prefix,mm,2785,569189337,1517,404736646,0.7111,0.4557,13,0,0,0,0.0,0,0,0,1,262144,0,262144,0,1024,1,1,selector:decision_tree,79.7099
20260729-201421,headroom_b1024_block1_depth1_decision_tree,decision_tree,prefix,clickbench,1572,646756165,1132,402520799,0.6224,0.2799,18,0,0,0,0.0,0,0,0,0,0,0,0,0,1024,1,1,selector:decision_tree,60.4387
20260729-201421,headroom_b1024_block1_depth1_decision_tree,decision_tree,prefix,fmnist,1216,6140828,203,192129149,31.2872,0.9013,4,0,0,0,0.0,0,0,0,83,87031808,1420608,85611200,0,1024,1,1,selector:decision_tree,11.9823
20260729-201421,headroom_b1024_block1_depth1_decision_tree,decision_tree,prefix,sift,1216,3142849,767,92102176,29.3053,0.4630,3,0,0,0,0.0,0,0,0,114,29884416,1007952,28876464,0,1024,1,1,selector:decision_tree,39.2284
20260729-201421,headroom_b1024_block1_depth1_decision_tree,decision_tree,prefix,emb_real,1216,969764,11,1722639,1.7763,0.9910,2,0,0,0,0.0,0,0,0,0,0,0,0,0,1024,1,1,selector:decision_tree,0.5664
20260729-201436,headroom_b1024_block1_depth1_oracle_bytes,oracle_perworkload,all,,11189,2588051441,5204,1398957561,0.5405,0.5350,0,0,0,4258586051,857587.1,102141,1427862,4574676,1,1048576,203840,844736,0,1024,1,1,oracle_perworkload:bytes,273.5415
20260729-201436,headroom_b1024_block1_depth1_oracle_bytes,oracle_perworkload,prefix,tpch,1309,295968743,655,121192773,0.4095,0.4996,0,0,0,0,0.0,0,0,0,0,0,0,0,0,1024,1,1,oracle_perworkload:bytes,33.9058
20260729-201436,headroom_b1024_block1_depth1_oracle_bytes,oracle_perworkload,prefix,taxi,659,1064016617,226,355606007,0.3342,0.6571,0,0,0,0,0.0,0,0,0,0,0,0,0,0,1024,1,1,oracle_perworkload:bytes,14.6913
20260729-201436,headroom_b1024_block1_depth1_oracle_bytes,oracle_perworkload,prefix,lastfm,1216,1867138,3,3198959,1.7133,0.9984,0,0,0,0,0.0,0,0,0,1,1048576,203840,844736,0,1024,1,1,oracle_perworkload:bytes,0.1805
20260729-201436,headroom_b1024_block1_depth1_oracle_bytes,oracle_perworkload,prefix,mm,2785,569189337,1514,404272624,0.7103,0.4564,0,0,0,0,0.0,0,0,0,0,0,0,0,0,1024,1,1,oracle_perworkload:bytes,79.5554
20260729-201436,headroom_b1024_block1_depth1_oracle_bytes,oracle_perworkload,prefix,clickbench,1572,646756165,1132,401802817,0.6213,0.2799,0,0,0,0,0.0,0,0,0,0,0,0,0,0,1024,1,1,oracle_perworkload:bytes,60.4319
20260729-201436,headroom_b1024_block1_depth1_oracle_bytes,oracle_perworkload,prefix,fmnist,1216,6140828,951,63541325,10.3474,0.2179,0,0,0,0,0.0,0,0,0,0,0,0,0,0,1024,1,1,oracle_perworkload:bytes,48.1560
20260729-201436,headroom_b1024_block1_depth1_oracle_bytes,oracle_perworkload,prefix,sift,1216,3142849,722,48396991,15.3991,0.4063,0,0,0,0,0.0,0,0,0,0,0,0,0,0,1024,1,1,oracle_perworkload:bytes,36.5615
20260729-201436,headroom_b1024_block1_depth1_oracle_bytes,oracle_perworkload,prefix,emb_real,1216,969764,1,946065,0.9756,0.9992,0,0,0,0,0.0,0,0,0,0,0,0,0,0,1024,1,1,oracle_perworkload:bytes,0.0590
20260729-201453,headroom_b1024_block1_depth1_oracle_cost,oracle_perworkload,all,,11189,2588051441,3204,2786348997,1.0766,0.7732,0,0,0,7092719686,1096605.6,19276,4713464,6236717,666,698351616,196727412,501624204,0,1024,1,1,oracle_perworkload:cost,186.7727
20260729-201453,headroom_b1024_block1_depth1_oracle_cost,oracle_perworkload,prefix,tpch,1309,295968743,365,392614004,1.3265,0.8052,0,0,0,0,0.0,0,0,0,110,115343360,19170588,96172772,0,1024,1,1,oracle_perworkload:cost,21.9943
20260729-201453,headroom_b1024_block1_depth1_oracle_cost,oracle_perworkload,prefix,taxi,659,1064016617,226,355606007,0.3342,0.6571,0,0,0,0,0.0,0,0,0,0,0,0,0,0,1024,1,1,oracle_perworkload:cost,14.6913
20260729-201453,headroom_b1024_block1_depth1_oracle_cost,oracle_perworkload,prefix,lastfm,1216,1867138,3,3198959,1.7133,0.9984,0,0,0,0,0.0,0,0,0,1,1048576,203840,844736,0,1024,1,1,oracle_perworkload:cost,0.1805
20260729-201453,headroom_b1024_block1_depth1_oracle_cost,oracle_perworkload,prefix,mm,2785,569189337,844,972651232,1.7088,0.7928,0,0,0,0,0.0,0,0,0,267,279969792,175726008,104243784,0,1024,1,1,oracle_perworkload:cost,51.4759
20260729-201453,headroom_b1024_block1_depth1_oracle_cost,oracle_perworkload,prefix,clickbench,1572,646756165,1132,401802817,0.6213,0.2799,0,0,0,0,0.0,0,0,0,0,0,0,0,0,1024,1,1,oracle_perworkload:cost,60.4319
20260729-201453,headroom_b1024_block1_depth1_oracle_cost,oracle_perworkload,prefix,fmnist,1216,6140828,186,193033765,31.4345,0.9145,0,0,0,0,0.0,0,0,0,82,85983232,1404928,84578304,0,1024,1,1,oracle_perworkload:cost,11.1409
20260729-201453,headroom_b1024_block1_depth1_oracle_cost,oracle_perworkload,prefix,sift,1216,3142849,447,466496148,148.4310,0.8018,0,0,0,0,0.0,0,0,0,206,216006656,222048,215784608,0,1024,1,1,oracle_perworkload:cost,26.7989
20260729-201453,headroom_b1024_block1_depth1_oracle_cost,oracle_perworkload,prefix,emb_real,1216,969764,1,946065,0.9756,0.9992,0,0,0,0,0.0,0,0,0,0,0,0,0,0,1024,1,1,oracle_perworkload:cost,0.0590
20260729-201510,headroom_b1024_block4_depth4_forced_template_locality,forced_template_locality,all,,11189,2588051441,8341,2509815616,0.9698,0.6116,0,0,0,7087762050,1098735.4,154571,3109471,5016134,3995,1046564162,37220377,1009343785,0,1024,4,4,forced:template_locality,440.9855
20260729-201510,headroom_b1024_block4_depth4_forced_template_locality,forced_template_locality,prefix,tpch,1309,295968743,1085,290282784,0.9808,0.6387,0,0,0,0,0.0,0,0,0,612,160242047,15129157,145112890,0,1024,4,4,forced:template_locality,57.0184
20260729-201510,headroom_b1024_block4_depth4_forced_template_locality,forced_template_locality,prefix,taxi,659,1064016617,402,410254947,0.3856,0.6646,0,0,0,0,0.0,0,0,0,181,47448064,86400,47361664,0,1024,4,4,forced:template_locality,24.0125
20260729-201510,headroom_b1024_block4_depth4_forced_template_locality,forced_template_locality,prefix,lastfm,1216,1867138,15,3516833,1.8835,0.9934,0,0,0,0,0.0,0,0,0,7,1835008,330060,1504948,0,1024,4,4,forced:template_locality,0.7835
20260729-201510,headroom_b1024_block4_depth4_forced_template_locality,forced_template_locality,prefix,mm,2785,569189337,2438,715962639,1.2579,0.5052,0,0,0,0,0.0,0,0,0,1060,277872640,18422800,259449840,0,1024,4,4,forced:template_locality,128.7280
20260729-201510,headroom_b1024_block4_depth4_forced_template_locality,forced_template_locality,prefix,clickbench,1572,646756165,2294,716744458,1.1082,0.2824,0,0,0,0,0.0,0,0,0,1166,305659904,0,305659904,0,1024,4,4,forced:template_locality,121.5354
20260729-201510,headroom_b1024_block4_depth4_forced_template_locality,forced_template_locality,prefix,fmnist,1216,6140828,1080,206770131,33.6714,0.5707,0,0,0,0,0.0,0,0,0,558,146068230,1509240,144558990,0,1024,4,4,forced:template_locality,55.9719
20260729-201510,headroom_b1024_block4_depth4_forced_template_locality,forced_template_locality,prefix,sift,1216,3142849,1020,165019937,52.5065,0.4967,0,0,0,0,0.0,0,0,0,408,106754348,1439960,105314388,0,1024,4,4,forced:template_locality,52.5738
20260729-201510,headroom_b1024_block4_depth4_forced_template_locality,forced_template_locality,prefix,emb_real,1216,969764,7,1263887,1.3033,0.9967,0,0,0,0,0.0,0,0,0,3,683921,302760,381161,0,1024,4,4,forced:template_locality,0.3621
20260729-201624,headroom_b1024_block4_depth4_forced_s3a_prefetch,forced_s3a_prefetch,all,,11189,2588051441,6536,27525577145,10.6356,0.8678,0,0,0,64246424012,6198224.7,8656,47503878,48778031,5057,21210595328,1309441419,20049100391,0,1024,4,4,forced:s3a_prefetch,589.3044
20260729-201624,headroom_b1024_block4_depth4_forced_s3a_prefetch,forced_s3a_prefetch,prefix,tpch,1309,295968743,87,343403142,1.1603,0.9832,0,0,0,0,0.0,0,0,0,65,272629760,259033305,43324619,0,1024,4,4,forced:s3a_prefetch,7.6249
20260729-201624,headroom_b1024_block4_depth4_forced_s3a_prefetch,forced_s3a_prefetch,prefix,taxi,659,1064016617,209,930287060,0.8743,0.8467,0,0,0,0,0.0,0,0,0,108,452984832,571203150,0,0,1024,4,4,forced:s3a_prefetch,19.3219
20260729-201624,headroom_b1024_block4_depth4_forced_s3a_prefetch,forced_s3a_prefetch,prefix,lastfm,1216,1867138,1,3198959,1.7133,0.9992,0,0,0,0,0.0,0,0,0,0,0,0,0,0,1024,4,4,forced:s3a_prefetch,0.0805
20260729-201624,headroom_b1024_block4_depth4_forced_s3a_prefetch,forced_s3a_prefetch,prefix,mm,2785,569189337,222,936278453,1.6449,0.9573,0,0,0,0,0.0,0,0,0,103,432013312,402853042,29160270,0,1024,4,4,forced:s3a_prefetch,20.0290
20260729-201624,headroom_b1024_block4_depth4_forced_s3a_prefetch,forced_s3a_prefetch,prefix,clickbench,1572,646756165,5838,24586924881,38.0158,0.2462,0,0,0,0,0.0,0,0,0,4653,19516096512,73634722,19442461790,0,1024,4,4,forced:s3a_prefetch,526.3792
20260729-201624,headroom_b1024_block4_depth4_forced_s3a_prefetch,forced_s3a_prefetch,prefix,fmnist,1216,6140828,48,190934373,31.0926,0.9852,0,0,0,0,0.0,0,0,0,30,125829120,2352000,123477120,0,1024,4,4,forced:s3a_prefetch,4.2209
20260729-201624,headroom_b1024_block4_depth4_forced_s3a_prefetch,forced_s3a_prefetch,prefix,sift,1216,3142849,130,533604212,169.7836,0.9737,0,0,0,0,0.0,0,0,0,98,411041792,365200,410676592,0,1024,4,4,forced:s3a_prefetch,11.5888
20260729-201624,headroom_b1024_block4_depth4_forced_s3a_prefetch,forced_s3a_prefetch,prefix,emb_real,1216,969764,1,946065,0.9756,0.9992,0,0,0,0,0.0,0,0,0,0,0,0,0,0,1024,4,4,forced:s3a_prefetch,0.0590
20260729-201120,headroom_b1024_block1_depth0_forced_s3a_random,forced_s3a_random,all,,11189,2588051441,5304,1409084477,0.5445,0.5260,0,0,0,3923179117,830484.0,115467,1230830,4605352,0,0,0,0,0,1024,4,4,forced:s3a_random,278.6381
20260729-201120,headroom_b1024_block1_depth0_forced_s3a_random,forced_s3a_random,prefix,tpch,1309,295968743,605,122729226,0.4147,0.5378,0,0,0,0,0.0,0,0,0,0,0,0,0,0,1024,4,4,forced:s3a_random,31.4204
20260729-201120,headroom_b1024_block1_depth0_forced_s3a_random,forced_s3a_random,prefix,taxi,659,1064016617,226,355820597,0.3344,0.6571,0,0,0,0,0.0,0,0,0,0,0,0,0,0,1024,4,4,forced:s3a_random,14.6934
20260729-201120,headroom_b1024_block1_depth0_forced_s3a_random,forced_s3a_random,prefix,lastfm,1216,1867138,75,5482913,2.9365,0.9383,0,0,0,0,0.0,0,0,0,0,0,0,0,0,1024,4,4,forced:s3a_random,3.8023
20260729-201120,headroom_b1024_block1_depth0_forced_s3a_random,forced_s3a_random,prefix,mm,2785,569189337,1534,407343027,0.7157,0.4492,0,0,0,0,0.0,0,0,0,0,0,0,0,0,1024,4,4,forced:s3a_random,80.5847
20260729-201120,headroom_b1024_block1_depth0_forced_s3a_random,forced_s3a_random,prefix,clickbench,1572,646756165,1132,402707754,0.6227,0.2799,0,0,0,0,0.0,0,0,0,0,0,0,0,0,1024,4,4,forced:s3a_random,60.4405
20260729-201120,headroom_b1024_block1_depth0_forced_s3a_random,forced_s3a_random,prefix,fmnist,1216,6140828,951,63541325,10.3474,0.2179,0,0,0,0,0.0,0,0,0,0,0,0,0,0,1024,4,4,forced:s3a_random,48.1560
20260729-201120,headroom_b1024_block1_depth0_forced_s3a_random,forced_s3a_random,prefix,sift,1216,3142849,756,49700021,15.8137,0.3783,0,0,0,0,0.0,0,0,0,0,0,0,0,0,1024,4,4,forced:s3a_random,38.2740
20260729-201120,headroom_b1024_block1_depth0_forced_s3a_random,forced_s3a_random,prefix,emb_real,1216,969764,25,1759614,1.8145,0.9794,0,0,0,0,0.0,0,0,0,0,0,0,0,0,1024,4,4,forced:s3a_random,1.2668
20260729-201208,headroom_b1024_block1_depth0_forced_template_multimodal,forced_template_multimodal,all,,11189,2588051441,5241,1402355387,0.5419,0.5316,0,0,0,4156948324,860143.5,90621,1387837,4670716,0,0,0,0,0,1024,4,4,forced:template_multimodal,275.4239
20260729-201208,headroom_b1024_block1_depth0_forced_template_multimodal,forced_template_multimodal,prefix,tpch,1309,295968743,655,121192773,0.4095,0.4996,0,0,0,0,0.0,0,0,0,0,0,0,0,0,1024,4,4,forced:template_multimodal,33.9058
20260729-201208,headroom_b1024_block1_depth0_forced_template_multimodal,forced_template_multimodal,prefix,taxi,659,1064016617,226,355606007,0.3342,0.6571,0,0,0,0,0.0,0,0,0,0,0,0,0,0,1024,4,4,forced:template_multimodal,14.6913
20260729-201208,headroom_b1024_block1_depth0_forced_template_multimodal,forced_template_multimodal,prefix,lastfm,1216,1867138,42,3320225,1.7782,0.9655,0,0,0,0,0.0,0,0,0,0,0,0,0,0,1024,4,4,forced:template_multimodal,2.1317
20260729-201208,headroom_b1024_block1_depth0_forced_template_multimodal,forced_template_multimodal,prefix,mm,2785,569189337,1514,404272624,0.7103,0.4564,0,0,0,0,0.0,0,0,0,0,0,0,0,0,1024,4,4,forced:template_multimodal,79.5554
20260729-201208,headroom_b1024_block1_depth0_forced_template_multimodal,forced_template_multimodal,prefix,clickbench,1572,646756165,1132,401802817,0.6213,0.2799,0,0,0,0,0.0,0,0,0,0,0,0,0,0,1024,4,4,forced:template_multimodal,60.4319
20260729-201208,headroom_b1024_block1_depth0_forced_template_multimodal,forced_template_multimodal,prefix,fmnist,1216,6140828,936,66725232,10.8658,0.2303,0,0,0,0,0.0,0,0,0,0,0,0,0,0,1024,4,4,forced:template_multimodal,47.4363
20260729-201208,headroom_b1024_block1_depth0_forced_template_multimodal,forced_template_multimodal,prefix,sift,1216,3142849,722,48396991,15.3991,0.4063,0,0,0,0,0.0,0,0,0,0,0,0,0,0,1024,4,4,forced:template_multimodal,36.5615
20260729-201208,headroom_b1024_block1_depth0_forced_template_multimodal,forced_template_multimodal,prefix,emb_real,1216,969764,14,1038718,1.0711,0.9885,0,0,0,0,0.0,0,0,0,0,0,0,0,0,1024,4,4,forced:template_multimodal,0.7099
20260729-201649,headroom_b1024_block4_depth4_template_auto,template_auto,all,,11189,2588051441,4354,5324254787,2.0572,0.7296,3400,0,0,14087311637,1735883.4,63329,2863556,47944471,1329,3483500507,774388952,2731716844,0,1024,4,4,selector:template_auto,268.4761
20260729-201649,headroom_b1024_block4_depth4_template_auto,template_auto,prefix,tpch,1309,295968743,160,309681457,1.0463,0.9175,610,0,0,0,0.0,0,0,0,52,218103808,203193767,37515330,0,1024,4,4,selector:template_auto,10.9534
20260729-201649,headroom_b1024_block4_depth4_template_auto,template_auto,prefix,taxi,659,1064016617,209,854437500,0.8030,0.8467,282,0,0,0,0.0,0,0,0,108,452984832,197025150,255959682,0,1024,4,4,selector:template_auto,18.5986
20260729-201649,headroom_b1024_block4_depth4_template_auto,template_auto,prefix,lastfm,1216,1867138,1,3198959,1.7133,0.9992,21,0,0,0,0.0,0,0,0,0,0,0,0,0,1024,4,4,selector:template_auto,0.0805
20260729-201649,headroom_b1024_block4_depth4_template_auto,template_auto,prefix,mm,2785,569189337,289,626468342,1.1006,0.9332,1069,0,0,0,0.0,0,0,0,103,428011189,366218056,61793133,0,1024,4,4,selector:template_auto,20.4245
20260729-201649,headroom_b1024_block4_depth4_template_auto,template_auto,prefix,clickbench,1572,646756165,1738,3254901532,5.0327,0.2328,560,0,0,0,0.0,0,0,0,532,2231369728,5808483,2225561245,0,1024,4,4,selector:template_auto,117.9412
20260729-201649,headroom_b1024_block4_depth4_template_auto,template_auto,prefix,fmnist,1216,6140828,1162,174201795,28.3678,0.3742,516,0,0,0,0.0,0,0,0,401,104911622,748112,104163510,0,1024,4,4,selector:template_auto,59.7613
20260729-201649,headroom_b1024_block4_depth4_template_auto,template_auto,prefix,sift,1216,3142849,794,100419137,31.9516,0.4564,335,0,0,0,0.0,0,0,0,133,48119328,1395384,46723944,0,1024,4,4,selector:template_auto,40.6577
20260729-201649,headroom_b1024_block4_depth4_template_auto,template_auto,prefix,emb_real,1216,969764,1,946065,0.9756,0.9992,7,0,0,0,0.0,0,0,0,0,0,0,0,0,1024,4,4,selector:template_auto,0.0590
20260729-201705,headroom_b1024_block4_depth4_decision_tree,decision_tree,all,,11189,2588051441,4683,1831236280,0.7076,0.6324,68,0,0,5224719591,942825.5,68158,1615995,6702419,570,387947588,104700940,284211234,0,1024,4,4,selector:decision_tree,251.6140
20260729-201705,headroom_b1024_block4_depth4_decision_tree,decision_tree,prefix,tpch,1309,295968743,604,123489453,0.4172,0.5401,7,0,0,0,0.0,0,0,0,2,524288,358371,165917,0,1024,4,4,selector:decision_tree,31.3777
20260729-201705,headroom_b1024_block4_depth4_decision_tree,decision_tree,prefix,taxi,659,1064016617,343,544424283,0.5117,0.7178,19,0,0,0,0.0,0,0,0,157,158254556,99796889,59422253,0,1024,4,4,selector:decision_tree,22.3420
20260729-201705,headroom_b1024_block4_depth4_decision_tree,decision_tree,prefix,lastfm,1216,1867138,1,3198959,1.7133,0.9992,2,0,0,0,0.0,0,0,0,0,0,0,0,0,1024,4,4,selector:decision_tree,0.0805
20260729-201705,headroom_b1024_block4_depth4_decision_tree,decision_tree,prefix,mm,2785,569189337,1519,405260934,0.7120,0.4557,13,0,0,0,0.0,0,0,0,3,786432,0,786432,0,1024,4,4,selector:decision_tree,79.8149
20260729-201705,headroom_b1024_block4_depth4_decision_tree,decision_tree,prefix,clickbench,1572,646756165,1132,402520799,0.6224,0.2799,18,0,0,0,0.0,0,0,0,0,0,0,0,0,1024,4,4,selector:decision_tree,60.4387
20260729-201705,headroom_b1024_block4_depth4_decision_tree,decision_tree,prefix,fmnist,1216,6140828,65,190947261,31.0947,0.9720,4,0,0,0,0.0,0,0,0,31,129554024,3359152,126194872,0,1024,4,4,selector:decision_tree,5.0710
20260729-201705,headroom_b1024_block4_depth4_decision_tree,decision_tree,prefix,sift,1216,3142849,1008,159671952,50.8048,0.4811,3,0,0,0,0.0,0,0,0,377,98828288,1186528,97641760,0,1024,4,4,selector:decision_tree,51.9228
20260729-201705,headroom_b1024_block4_depth4_decision_tree,decision_tree,prefix,emb_real,1216,969764,11,1722639,1.7763,0.9910,2,0,0,0,0.0,0,0,0,0,0,0,0,0,1024,4,4,selector:decision_tree,0.5664
20260729-201719,headroom_b1024_block4_depth4_oracle_bytes,oracle_perworkload,all,,11189,2588051441,5202,1398957561,0.5405,0.5351,0,0,0,3911045868,833689.2,83076,1234827,4481835,0,0,0,0,0,1024,4,4,oracle_perworkload:bytes,273.4415
20260729-201719,headroom_b1024_block4_depth4_oracle_bytes,oracle_perworkload,prefix,tpch,1309,295968743,655,121192773,0.4095,0.4996,0,0,0,0,0.0,0,0,0,0,0,0,0,0,1024,4,4,oracle_perworkload:bytes,33.9058
20260729-201719,headroom_b1024_block4_depth4_oracle_bytes,oracle_perworkload,prefix,taxi,659,1064016617,226,355606007,0.3342,0.6571,0,0,0,0,0.0,0,0,0,0,0,0,0,0,1024,4,4,oracle_perworkload:bytes,14.6913
20260729-201719,headroom_b1024_block4_depth4_oracle_bytes,oracle_perworkload,prefix,lastfm,1216,1867138,1,3198959,1.7133,0.9992,0,0,0,0,0.0,0,0,0,0,0,0,0,0,1024,4,4,oracle_perworkload:bytes,0.0805
20260729-201719,headroom_b1024_block4_depth4_oracle_bytes,oracle_perworkload,prefix,mm,2785,569189337,1514,404272624,0.7103,0.4564,0,0,0,0,0.0,0,0,0,0,0,0,0,0,1024,4,4,oracle_perworkload:bytes,79.5554
20260729-201719,headroom_b1024_block4_depth4_oracle_bytes,oracle_perworkload,prefix,clickbench,1572,646756165,1132,401802817,0.6213,0.2799,0,0,0,0,0.0,0,0,0,0,0,0,0,0,1024,4,4,oracle_perworkload:bytes,60.4319
20260729-201719,headroom_b1024_block4_depth4_oracle_bytes,oracle_perworkload,prefix,fmnist,1216,6140828,951,63541325,10.3474,0.2179,0,0,0,0,0.0,0,0,0,0,0,0,0,0,1024,4,4,oracle_perworkload:bytes,48.1560
20260729-201719,headroom_b1024_block4_depth4_oracle_bytes,oracle_perworkload,prefix,sift,1216,3142849,722,48396991,15.3991,0.4063,0,0,0,0,0.0,0,0,0,0,0,0,0,0,1024,4,4,oracle_perworkload:bytes,36.5615
20260729-201719,headroom_b1024_block4_depth4_oracle_bytes,oracle_perworkload,prefix,emb_real,1216,969764,1,946065,0.9756,0.9992,0,0,0,0,0.0,0,0,0,0,0,0,0,0,1024,4,4,oracle_perworkload:bytes,0.0590
20260729-201737,headroom_b1024_block4_depth4_oracle_cost,oracle_perworkload,all,,11189,2588051441,1847,2765774028,1.0687,0.8614,0,0,0,6948635928,1105709.7,11543,1276666,11474852,296,1241513984,664603547,606638601,0,1024,4,4,oracle_perworkload:cost,118.7265
20260729-201737,headroom_b1024_block4_depth4_oracle_cost,oracle_perworkload,prefix,tpch,1309,295968743,87,343403142,1.1603,0.9832,0,0,0,0,0.0,0,0,0,65,272629760,259033305,43324619,0,1024,4,4,oracle_perworkload:cost,7.6249
20260729-201737,headroom_b1024_block4_depth4_oracle_cost,oracle_perworkload,prefix,taxi,659,1064016617,226,355606007,0.3342,0.6571,0,0,0,0,0.0,0,0,0,0,0,0,0,0,1024,4,4,oracle_perworkload:cost,14.6913
20260729-201737,headroom_b1024_block4_depth4_oracle_cost,oracle_perworkload,prefix,lastfm,1216,1867138,1,3198959,1.7133,0.9992,0,0,0,0,0.0,0,0,0,0,0,0,0,0,1024,4,4,oracle_perworkload:cost,0.0805
20260729-201737,headroom_b1024_block4_depth4_oracle_cost,oracle_perworkload,prefix,mm,2785,569189337,222,936278453,1.6449,0.9573,0,0,0,0,0.0,0,0,0,103,432013312,402853042,29160270,0,1024,4,4,oracle_perworkload:cost,20.0290
20260729-201737,headroom_b1024_block4_depth4_oracle_cost,oracle_perworkload,prefix,clickbench,1572,646756165,1132,401802817,0.6213,0.2799,0,0,0,0,0.0,0,0,0,0,0,0,0,0,1024,4,4,oracle_perworkload:cost,60.4319
20260729-201737,headroom_b1024_block4_depth4_oracle_cost,oracle_perworkload,prefix,fmnist,1216,6140828,48,190934373,31.0926,0.9852,0,0,0,0,0.0,0,0,0,30,125829120,2352000,123477120,0,1024,4,4,oracle_perworkload:cost,4.2209
20260729-201737,headroom_b1024_block4_depth4_oracle_cost,oracle_perworkload,prefix,sift,1216,3142849,130,533604212,169.7836,0.9737,0,0,0,0,0.0,0,0,0,98,411041792,365200,410676592,0,1024,4,4,oracle_perworkload:cost,11.5888
20260729-201737,headroom_b1024_block4_depth4_oracle_cost,oracle_perworkload,prefix,emb_real,1216,969764,1,946065,0.9756,0.9992,0,0,0,0,0.0,0,0,0,0,0,0,0,0,1024,4,4,oracle_perworkload:cost,0.0590
20260729-201756,headroom_b1024_block8_depth8_forced_template_locality,forced_template_locality,all,,11189,2588051441,10934,3217207476,1.2431,0.6329,0,0,0,9345962562,1298564.2,103405,5033674,7138961,6826,1788582907,52661165,1735921742,0,1024,8,8,forced:template_locality,577.3817
20260729-201756,headroom_b1024_block8_depth8_forced_template_locality,forced_template_locality,prefix,tpch,1309,295968743,1373,365780256,1.2359,0.6394,0,0,0,0,0.0,0,0,0,901,236001663,15175842,220825821,0,1024,8,8,forced:template_locality,72.1384
20260729-201756,headroom_b1024_block8_depth8_forced_template_locality,forced_template_locality,prefix,taxi,659,1064016617,566,454865499,0.4275,0.6798,0,0,0,0,0.0,0,0,0,355,92950201,2696667,90253534,0,1024,8,8,forced:template_locality,32.6379
20260729-201756,headroom_b1024_block8_depth8_forced_template_locality,forced_template_locality,prefix,lastfm,1216,1867138,13,3385761,1.8133,0.9967,0,0,0,0,0.0,0,0,0,9,2359296,422664,1936632,0,1024,8,8,forced:template_locality,0.6823
20260729-201756,headroom_b1024_block8_depth8_forced_template_locality,forced_template_locality,prefix,mm,2785,569189337,2798,812578443,1.4276,0.5206,0,0,0,0,0.0,0,0,0,1463,383516672,30377576,353139096,0,1024,8,8,forced:template_locality,147.6494
20260729-201756,headroom_b1024_block8_depth8_forced_template_locality,forced_template_locality,prefix,clickbench,1572,646756165,3869,1129621258,1.7466,0.2824,0,0,0,0,0.0,0,0,0,2741,718536704,0,718536704,0,1024,8,8,forced:template_locality,204.2229
20260729-201756,headroom_b1024_block8_depth8_forced_template_locality,forced_template_locality,prefix,fmnist,1216,6140828,1038,211488723,34.4398,0.6801,0,0,0,0,0.0,0,0,0,649,169923334,2083128,167840206,0,1024,8,8,forced:template_locality,53.9169
20260729-201756,headroom_b1024_block8_depth8_forced_template_locality,forced_template_locality,prefix,sift,1216,3142849,1270,238223649,75.7986,0.5354,0,0,0,0,0.0,0,0,0,705,184611116,1602528,183008588,0,1024,8,8,forced:template_locality,65.7719
20260729-201756,headroom_b1024_block8_depth8_forced_template_locality,forced_template_locality,prefix,emb_real,1216,969764,7,1263887,1.3033,0.9967,0,0,0,0,0.0,0,0,0,3,683921,302760,381161,0,1024,8,8,forced:template_locality,0.3621
20260729-202106,headroom_b1024_block8_depth8_forced_s3a_prefetch,forced_s3a_prefetch,all,,11189,2588051441,8440,70706987744,27.3205,0.9435,0,0,0,179248035720,16480677.6,6743,152977598,215498937,7808,65494497014,1547744169,64066686671,0,1024,8,8,forced:s3a_prefetch,1096.3144
20260729-202106,headroom_b1024_block8_depth8_forced_s3a_prefetch,forced_s3a_prefetch,prefix,tpch,1309,295968743,46,342770383,1.1581,0.9893,0,0,0,0,0.0,0,0,0,32,268435456,262130626,38193958,0,1024,8,8,forced:s3a_prefetch,5.5689
20260729-202106,headroom_b1024_block8_depth8_forced_s3a_prefetch,forced_s3a_prefetch,prefix,taxi,659,1064016617,106,876906689,0.8241,0.9029,0,0,0,0,0.0,0,0,0,42,352321536,433962916,6403318,0,1024,8,8,forced:s3a_prefetch,13.6628
20260729-202106,headroom_b1024_block8_depth8_forced_s3a_prefetch,forced_s3a_prefetch,prefix,lastfm,1216,1867138,1,3198959,1.7133,0.9992,0,0,0,0,0.0,0,0,0,0,0,0,0,0,1024,8,8,forced:s3a_prefetch,0.0805
20260729-202106,headroom_b1024_block8_depth8_forced_s3a_prefetch,forced_s3a_prefetch,prefix,mm,2785,569189337,113,928999678,1.6321,0.9788,0,0,0,0,0.0,0,0,0,54,452984832,450584525,2400307,0,1024,8,8,forced:s3a_prefetch,14.5096
20260729-202106,headroom_b1024_block8_depth8_forced_s3a_prefetch,forced_s3a_prefetch,prefix,clickbench,1572,646756165,8080,67829627385,104.8767,0.7029,0,0,0,0,0.0,0,0,0,7613,63858718454,398231798,63460486656,0,1024,8,8,forced:s3a_prefetch,1050.8737
20260729-202106,headroom_b1024_block8_depth8_forced_s3a_prefetch,forced_s3a_prefetch,prefix,fmnist,1216,6140828,26,190934373,31.0926,0.9918,0,0,0,0,0.0,0,0,0,16,134217728,2527616,131690112,0,1024,8,8,forced:s3a_prefetch,3.1209
20260729-202106,headroom_b1024_block8_depth8_forced_s3a_prefetch,forced_s3a_prefetch,prefix,sift,1216,3142849,67,533604212,169.7836,0.9868,0,0,0,0,0.0,0,0,0,51,427819008,306688,427512320,0,1024,8,8,forced:s3a_prefetch,8.4388
20260729-202106,headroom_b1024_block8_depth8_forced_s3a_prefetch,forced_s3a_prefetch,prefix,emb_real,1216,969764,1,946065,0.9756,0.9992,0,0,0,0,0.0,0,0,0,0,0,0,0,0,1024,8,8,forced:s3a_prefetch,0.0590
20260729-201120,headroom_b1024_block1_depth0_forced_s3a_random,forced_s3a_random,all,,11189,2588051441,5304,1409084477,0.5445,0.5260,0,0,0,3923179117,830484.0,115467,1230830,4605352,0,0,0,0,0,1024,8,8,forced:s3a_random,278.6381
20260729-201120,headroom_b1024_block1_depth0_forced_s3a_random,forced_s3a_random,prefix,tpch,1309,295968743,605,122729226,0.4147,0.5378,0,0,0,0,0.0,0,0,0,0,0,0,0,0,1024,8,8,forced:s3a_random,31.4204
20260729-201120,headroom_b1024_block1_depth0_forced_s3a_random,forced_s3a_random,prefix,taxi,659,1064016617,226,355820597,0.3344,0.6571,0,0,0,0,0.0,0,0,0,0,0,0,0,0,1024,8,8,forced:s3a_random,14.6934
20260729-201120,headroom_b1024_block1_depth0_forced_s3a_random,forced_s3a_random,prefix,lastfm,1216,1867138,75,5482913,2.9365,0.9383,0,0,0,0,0.0,0,0,0,0,0,0,0,0,1024,8,8,forced:s3a_random,3.8023
20260729-201120,headroom_b1024_block1_depth0_forced_s3a_random,forced_s3a_random,prefix,mm,2785,569189337,1534,407343027,0.7157,0.4492,0,0,0,0,0.0,0,0,0,0,0,0,0,0,1024,8,8,forced:s3a_random,80.5847
20260729-201120,headroom_b1024_block1_depth0_forced_s3a_random,forced_s3a_random,prefix,clickbench,1572,646756165,1132,402707754,0.6227,0.2799,0,0,0,0,0.0,0,0,0,0,0,0,0,0,1024,8,8,forced:s3a_random,60.4405
20260729-201120,headroom_b1024_block1_depth0_forced_s3a_random,forced_s3a_random,prefix,fmnist,1216,6140828,951,63541325,10.3474,0.2179,0,0,0,0,0.0,0,0,0,0,0,0,0,0,1024,8,8,forced:s3a_random,48.1560
20260729-201120,headroom_b1024_block1_depth0_forced_s3a_random,forced_s3a_random,prefix,sift,1216,3142849,756,49700021,15.8137,0.3783,0,0,0,0,0.0,0,0,0,0,0,0,0,0,1024,8,8,forced:s3a_random,38.2740
20260729-201120,headroom_b1024_block1_depth0_forced_s3a_random,forced_s3a_random,prefix,emb_real,1216,969764,25,1759614,1.8145,0.9794,0,0,0,0,0.0,0,0,0,0,0,0,0,0,1024,8,8,forced:s3a_random,1.2668
20260729-201208,headroom_b1024_block1_depth0_forced_template_multimodal,forced_template_multimodal,all,,11189,2588051441,5241,1402355387,0.5419,0.5316,0,0,0,4156948324,860143.5,90621,1387837,4670716,0,0,0,0,0,1024,8,8,forced:template_multimodal,275.4239
20260729-201208,headroom_b1024_block1_depth0_forced_template_multimodal,forced_template_multimodal,prefix,tpch,1309,295968743,655,121192773,0.4095,0.4996,0,0,0,0,0.0,0,0,0,0,0,0,0,0,1024,8,8,forced:template_multimodal,33.9058
20260729-201208,headroom_b1024_block1_depth0_forced_template_multimodal,forced_template_multimodal,prefix,taxi,659,1064016617,226,355606007,0.3342,0.6571,0,0,0,0,0.0,0,0,0,0,0,0,0,0,1024,8,8,forced:template_multimodal,14.6913
20260729-201208,headroom_b1024_block1_depth0_forced_template_multimodal,forced_template_multimodal,prefix,lastfm,1216,1867138,42,3320225,1.7782,0.9655,0,0,0,0,0.0,0,0,0,0,0,0,0,0,1024,8,8,forced:template_multimodal,2.1317
20260729-201208,headroom_b1024_block1_depth0_forced_template_multimodal,forced_template_multimodal,prefix,mm,2785,569189337,1514,404272624,0.7103,0.4564,0,0,0,0,0.0,0,0,0,0,0,0,0,0,1024,8,8,forced:template_multimodal,79.5554
20260729-201208,headroom_b1024_block1_depth0_forced_template_multimodal,forced_template_multimodal,prefix,clickbench,1572,646756165,1132,401802817,0.6213,0.2799,0,0,0,0,0.0,0,0,0,0,0,0,0,0,1024,8,8,forced:template_multimodal,60.4319
20260729-201208,headroom_b1024_block1_depth0_forced_template_multimodal,forced_template_multimodal,prefix,fmnist,1216,6140828,936,66725232,10.8658,0.2303,0,0,0,0,0.0,0,0,0,0,0,0,0,0,1024,8,8,forced:template_multimodal,47.4363
20260729-201208,headroom_b1024_block1_depth0_forced_template_multimodal,forced_template_multimodal,prefix,sift,1216,3142849,722,48396991,15.3991,0.4063,0,0,0,0,0.0,0,0,0,0,0,0,0,0,1024,8,8,forced:template_multimodal,36.5615
20260729-201208,headroom_b1024_block1_depth0_forced_template_multimodal,forced_template_multimodal,prefix,emb_real,1216,969764,14,1038718,1.0711,0.9885,0,0,0,0,0.0,0,0,0,0,0,0,0,0,1024,8,8,forced:template_multimodal,0.7099
20260729-202144,headroom_b1024_block8_depth8_template_auto,template_auto,all,,11189,2588051441,4690,11608200311,4.4853,0.7529,3400,0,0,28046704138,2963887.3,106460,2291442,131777621,1925,9504495063,1036230190,8509289607,0,1024,8,8,selector:template_auto,345.2044
20260729-202144,headroom_b1024_block8_depth8_template_auto,template_auto,prefix,tpch,1309,295968743,111,314246960,1.0618,0.9351,610,0,0,0,0.0,0,0,0,26,218103808,213578427,33274335,0,1024,8,8,selector:template_auto,8.5469
20260729-202144,headroom_b1024_block8_depth8_template_auto,template_auto,prefix,taxi,659,1064016617,106,708227505,0.6656,0.9029,282,0,0,0,0.0,0,0,0,42,352321536,337742316,26855000,0,1024,8,8,selector:template_auto,12.0542
20260729-202144,headroom_b1024_block8_depth8_template_auto,template_auto,prefix,lastfm,1216,1867138,1,3198959,1.7133,0.9992,21,0,0,0,0.0,0,0,0,0,0,0,0,0,1024,8,8,selector:template_auto,0.0805
20260729-202144,headroom_b1024_block8_depth8_template_auto,template_auto,prefix,mm,2785,569189337,147,611768689,1.0748,0.9673,1069,0,0,0,0.0,0,0,0,56,465759925,429314641,36445284,0,1024,8,8,selector:template_auto,13.1843
20260729-202144,headroom_b1024_block8_depth8_template_auto,template_auto,prefix,clickbench,1572,646756165,2218,9636470945,14.8997,0.2246,560,0,0,0,0.0,0,0,0,999,8248694268,53018462,8195675806,0,1024,8,8,selector:template_auto,202.8005
20260729-202144,headroom_b1024_block8_depth8_template_auto,template_auto,prefix,fmnist,1216,6140828,1222,206052291,33.5545,0.4597,516,0,0,0,0.0,0,0,0,565,147903238,1130704,146772534,0,1024,8,8,selector:template_auto,63.0651
20260729-202144,headroom_b1024_block8_depth8_template_auto,template_auto,prefix,sift,1216,3142849,884,127288897,40.5011,0.4679,335,0,0,0,0.0,0,0,0,237,71712288,1445640,70266648,0,1024,8,8,selector:template_auto,45.4139
20260729-202144,headroom_b1024_block8_depth8_template_auto,template_auto,prefix,emb_real,1216,969764,1,946065,0.9756,0.9992,7,0,0,0,0.0,0,0,0,0,0,0,0,0,1024,8,8,selector:template_auto,0.0590
20260729-202200,headroom_b1024_block8_depth8_decision_tree,decision_tree,all,,11189,2588051441,4990,1917973908,0.7411,0.6383,68,0,0,5656056770,968663.3,71624,1687076,5722942,943,478870698,101376049,377494649,0,1024,8,8,selector:decision_tree,267.7912
20260729-202200,headroom_b1024_block8_depth8_decision_tree,decision_tree,prefix,tpch,1309,295968743,608,124538029,0.4208,0.5401,7,0,0,0,0.0,0,0,0,6,1572864,358371,1214493,0,1024,8,8,selector:decision_tree,31.5877
20260729-202200,headroom_b1024_block8_depth8_decision_tree,decision_tree,prefix,taxi,659,1064016617,434,561497143,0.5277,0.7405,19,0,0,0,0.0,0,0,0,263,167126594,96279726,70846868,0,1024,8,8,selector:decision_tree,27.0549
20260729-202200,headroom_b1024_block8_depth8_decision_tree,decision_tree,prefix,lastfm,1216,1867138,1,3198959,1.7133,0.9992,2,0,0,0,0.0,0,0,0,0,0,0,0,0,1024,8,8,selector:decision_tree,0.0805
20260729-202200,headroom_b1024_block8_depth8_decision_tree,decision_tree,prefix,mm,2785,569189337,1519,405260934,0.7120,0.4557,13,0,0,0,0.0,0,0,0,3,786432,0,786432,0,1024,8,8,selector:decision_tree,79.8149
20260729-202200,headroom_b1024_block8_depth8_decision_tree,decision_tree,prefix,clickbench,1572,646756165,1132,402520799,0.6224,0.2799,18,0,0,0,0.0,0,0,0,0,0,0,0,0,1024,8,8,selector:decision_tree,60.4387
20260729-202200,headroom_b1024_block8_depth8_decision_tree,decision_tree,prefix,fmnist,1216,6140828,42,190881725,31.0840,0.9794,4,0,0,0,0.0,0,0,0,17,137942632,3522224,134420408,0,1024,8,8,selector:decision_tree,3.9204
20260729-202200,headroom_b1024_block8_depth8_decision_tree,decision_tree,prefix,sift,1216,3142849,1243,228353680,72.6582,0.5156,3,0,0,0,0.0,0,0,0,654,171442176,1215728,170226448,0,1024,8,8,selector:decision_tree,64.3278
20260729-202200,headroom_b1024_block8_depth8_decision_tree,decision_tree,prefix,emb_real,1216,969764,11,1722639,1.7763,0.9910,2,0,0,0,0.0,0,0,0,0,0,0,0,0,1024,8,8,selector:decision_tree,0.5664
20260729-202214,headroom_b1024_block8_depth8_oracle_bytes,oracle_perworkload,all,,11189,2588051441,5202,1398957561,0.5405,0.5351,0,0,0,3798376368,819304.8,81053,1229988,4465525,0,0,0,0,0,1024,8,8,oracle_perworkload:bytes,273.4415
20260729-202214,headroom_b1024_block8_depth8_oracle_bytes,oracle_perworkload,prefix,tpch,1309,295968743,655,121192773,0.4095,0.4996,0,0,0,0,0.0,0,0,0,0,0,0,0,0,1024,8,8,oracle_perworkload:bytes,33.9058
20260729-202214,headroom_b1024_block8_depth8_oracle_bytes,oracle_perworkload,prefix,taxi,659,1064016617,226,355606007,0.3342,0.6571,0,0,0,0,0.0,0,0,0,0,0,0,0,0,1024,8,8,oracle_perworkload:bytes,14.6913
20260729-202214,headroom_b1024_block8_depth8_oracle_bytes,oracle_perworkload,prefix,lastfm,1216,1867138,1,3198959,1.7133,0.9992,0,0,0,0,0.0,0,0,0,0,0,0,0,0,1024,8,8,oracle_perworkload:bytes,0.0805
20260729-202214,headroom_b1024_block8_depth8_oracle_bytes,oracle_perworkload,prefix,mm,2785,569189337,1514,404272624,0.7103,0.4564,0,0,0,0,0.0,0,0,0,0,0,0,0,0,1024,8,8,oracle_perworkload:bytes,79.5554
20260729-202214,headroom_b1024_block8_depth8_oracle_bytes,oracle_perworkload,prefix,clickbench,1572,646756165,1132,401802817,0.6213,0.2799,0,0,0,0,0.0,0,0,0,0,0,0,0,0,1024,8,8,oracle_perworkload:bytes,60.4319
20260729-202214,headroom_b1024_block8_depth8_oracle_bytes,oracle_perworkload,prefix,fmnist,1216,6140828,951,63541325,10.3474,0.2179,0,0,0,0,0.0,0,0,0,0,0,0,0,0,1024,8,8,oracle_perworkload:bytes,48.1560
20260729-202214,headroom_b1024_block8_depth8_oracle_bytes,oracle_perworkload,prefix,sift,1216,3142849,722,48396991,15.3991,0.4063,0,0,0,0,0.0,0,0,0,0,0,0,0,0,1024,8,8,oracle_perworkload:bytes,36.5615
20260729-202214,headroom_b1024_block8_depth8_oracle_bytes,oracle_perworkload,prefix,emb_real,1216,969764,1,946065,0.9756,0.9992,0,0,0,0,0.0,0,0,0,0,0,0,0,0,1024,8,8,oracle_perworkload:bytes,0.0590
20260729-202233,headroom_b1024_block8_depth8_oracle_cost,oracle_perworkload,all,,11189,2588051441,1492,3279163176,1.2670,0.8841,0,0,0,8010830691,1183768.5,11912,560907,19196901,195,1635778560,1149512371,606200015,0,1024,8,8,oracle_perworkload:cost,105.8725
20260729-202233,headroom_b1024_block8_depth8_oracle_cost,oracle_perworkload,prefix,tpch,1309,295968743,46,342770383,1.1581,0.9893,0,0,0,0,0.0,0,0,0,32,268435456,262130626,38193958,0,1024,8,8,oracle_perworkload:cost,5.5689
20260729-202233,headroom_b1024_block8_depth8_oracle_cost,oracle_perworkload,prefix,taxi,659,1064016617,106,876906689,0.8241,0.9029,0,0,0,0,0.0,0,0,0,42,352321536,433962916,6403318,0,1024,8,8,oracle_perworkload:cost,13.6628
20260729-202233,headroom_b1024_block8_depth8_oracle_cost,oracle_perworkload,prefix,lastfm,1216,1867138,1,3198959,1.7133,0.9992,0,0,0,0,0.0,0,0,0,0,0,0,0,0,1024,8,8,oracle_perworkload:cost,0.0805
20260729-202233,headroom_b1024_block8_depth8_oracle_cost,oracle_perworkload,prefix,mm,2785,569189337,113,928999678,1.6321,0.9788,0,0,0,0,0.0,0,0,0,54,452984832,450584525,2400307,0,1024,8,8,oracle_perworkload:cost,14.5096
20260729-202233,headroom_b1024_block8_depth8_oracle_cost,oracle_perworkload,prefix,clickbench,1572,646756165,1132,401802817,0.6213,0.2799,0,0,0,0,0.0,0,0,0,0,0,0,0,0,1024,8,8,oracle_perworkload:cost,60.4319
20260729-202233,headroom_b1024_block8_depth8_oracle_cost,oracle_perworkload,prefix,fmnist,1216,6140828,26,190934373,31.0926,0.9918,0,0,0,0,0.0,0,0,0,16,134217728,2527616,131690112,0,1024,8,8,oracle_perworkload:cost,3.1209
20260729-202233,headroom_b1024_block8_depth8_oracle_cost,oracle_perworkload,prefix,sift,1216,3142849,67,533604212,169.7836,0.9868,0,0,0,0,0.0,0,0,0,51,427819008,306688,427512320,0,1024,8,8,oracle_perworkload:cost,8.4388
20260729-202233,headroom_b1024_block8_depth8_oracle_cost,oracle_perworkload,prefix,emb_real,1216,969764,1,946065,0.9756,0.9992,0,0,0,0,0.0,0,0,0,0,0,0,0,0,1024,8,8,oracle_perworkload:cost,0.0590
