+ mvn -q -pl services-custom/s3-adaptive-range-reader -Djapicmp.skip=true -Dcheckstyle.skip=true -Dspotbugs.skip=true -Dtest=AdaptiveReaderSystemBenchmark test -Ds3arr.trace=/data/home/haoyueli/aws-sdk-java-v2/traces/mixed_holdout.csv -Ds3arr.label=headroom_b128_block1_depth0_passthrough -Ds3arr.cacheBudgetMiB=128 -Ds3arr.prefetchBlockMiB=1 -Ds3arr.prefetchDepth=0 -Ds3arr.apps=1 -Ds3arr.warmup=0 -Ds3arr.iters=1 -Ds3arr.selector=passthrough
[benchmark] loaded 11189 records from /data/home/haoyueli/aws-sdk-java-v2/traces/mixed_holdout.csv

============= Adaptive Range Reader - Policy Sweep =============
label=headroom_b128_block1_depth0_passthrough selector=passthrough reads=11189 warmup=0 iters=1 apps=1 globalCache=128MiB maxFetch=8MiB prefetchBlock=1MiB prefetchDepth=0
remote GETs=11189 remote MiB=2468.16 readAmp=1.0000 cacheHitRate=0.0000 demandClampReads=0
per-prefix metrics:
  tpch             reads= 1309 remoteMiB=   282.26 amp=1.0000 clamps=0
  taxi             reads=  659 remoteMiB=  1014.73 amp=1.0000 clamps=0
  lastfm           reads= 1216 remoteMiB=     1.78 amp=1.0000 clamps=0
  mm               reads= 2785 remoteMiB=   542.82 amp=1.0000 clamps=0
  clickbench       reads= 1572 remoteMiB=   616.79 amp=1.0000 clamps=0
  fmnist           reads= 1216 remoteMiB=     5.86 amp=1.0000 clamps=0
  sift             reads= 1216 remoteMiB=     3.00 amp=1.0000 clamps=0
  emb_real         reads= 1216 remoteMiB=     0.92 amp=1.0000 clamps=0
=================================================================

[benchmark] wrote /data/home/haoyueli/aws-sdk-java-v2/services-custom/s3-adaptive-range-reader/target/s3arr-benchmark (report-*.txt + results-v2.csv)
+ mvn -q -pl services-custom/s3-adaptive-range-reader -Djapicmp.skip=true -Dcheckstyle.skip=true -Dspotbugs.skip=true -Dtest=AdaptiveReaderSystemBenchmark test -Ds3arr.trace=/data/home/haoyueli/aws-sdk-java-v2/traces/mixed_holdout.csv -Ds3arr.label=headroom_b128_block1_depth0_forced_s3a_random -Ds3arr.cacheBudgetMiB=128 -Ds3arr.prefetchBlockMiB=1 -Ds3arr.prefetchDepth=0 -Ds3arr.apps=1 -Ds3arr.warmup=0 -Ds3arr.iters=1 -Ds3arr.forcePolicy=s3a_random
[benchmark] loaded 11189 records from /data/home/haoyueli/aws-sdk-java-v2/traces/mixed_holdout.csv

============= Adaptive Range Reader - Policy Sweep =============
label=headroom_b128_block1_depth0_forced_s3a_random selector=fixed:s3a_random reads=11189 warmup=0 iters=1 apps=1 globalCache=128MiB maxFetch=8MiB prefetchBlock=1MiB prefetchDepth=0
remote GETs=6331 remote MiB=2333.75 readAmp=0.9455 cacheHitRate=0.4342 demandClampReads=0
per-prefix metrics:
  tpch             reads= 1309 remoteMiB=   117.04 amp=0.4147 clamps=0
  taxi             reads=  659 remoteMiB=   971.96 amp=0.9579 clamps=0
  lastfm           reads= 1216 remoteMiB=     5.23 amp=2.9365 clamps=0
  mm               reads= 2785 remoteMiB=   488.19 amp=0.8994 clamps=0
  clickbench       reads= 1572 remoteMiB=   641.65 amp=1.0403 clamps=0
  fmnist           reads= 1216 remoteMiB=    60.60 amp=10.3474 clamps=0
  sift             reads= 1216 remoteMiB=    47.40 amp=15.8137 clamps=0
  emb_real         reads= 1216 remoteMiB=     1.68 amp=1.8145 clamps=0
=================================================================

[benchmark] wrote /data/home/haoyueli/aws-sdk-java-v2/services-custom/s3-adaptive-range-reader/target/s3arr-benchmark (report-*.txt + results-v2.csv)
+ mvn -q -pl services-custom/s3-adaptive-range-reader -Djapicmp.skip=true -Dcheckstyle.skip=true -Dspotbugs.skip=true -Dtest=AdaptiveReaderSystemBenchmark test -Ds3arr.trace=/data/home/haoyueli/aws-sdk-java-v2/traces/mixed_holdout.csv -Ds3arr.label=headroom_b128_block1_depth0_forced_template_locality -Ds3arr.cacheBudgetMiB=128 -Ds3arr.prefetchBlockMiB=1 -Ds3arr.prefetchDepth=0 -Ds3arr.apps=1 -Ds3arr.warmup=0 -Ds3arr.iters=1 -Ds3arr.forcePolicy=template_locality
[benchmark] loaded 11189 records from /data/home/haoyueli/aws-sdk-java-v2/traces/mixed_holdout.csv

============= Adaptive Range Reader - Policy Sweep =============
label=headroom_b128_block1_depth0_forced_template_locality selector=fixed:template_locality reads=11189 warmup=0 iters=1 apps=1 globalCache=128MiB maxFetch=8MiB prefetchBlock=1MiB prefetchDepth=0
remote GETs=5996 remote MiB=2653.64 readAmp=1.0751 cacheHitRate=0.4641 demandClampReads=0
per-prefix metrics:
  tpch             reads= 1309 remoteMiB=   147.42 amp=0.5223 clamps=0
  taxi             reads=  659 remoteMiB=  1049.02 amp=1.0338 clamps=0
  lastfm           reads= 1216 remoteMiB=     3.73 amp=2.0941 clamps=0
  mm               reads= 2785 remoteMiB=   606.04 amp=1.1165 clamps=0
  clickbench       reads= 1572 remoteMiB=   678.24 amp=1.0996 clamps=0
  fmnist           reads= 1216 remoteMiB=   105.01 amp=17.9318 clamps=0
  sift             reads= 1216 remoteMiB=    63.06 amp=21.0395 clamps=0
  emb_real         reads= 1216 remoteMiB=     1.12 amp=1.2063 clamps=0
=================================================================

[benchmark] wrote /data/home/haoyueli/aws-sdk-java-v2/services-custom/s3-adaptive-range-reader/target/s3arr-benchmark (report-*.txt + results-v2.csv)
+ mvn -q -pl services-custom/s3-adaptive-range-reader -Djapicmp.skip=true -Dcheckstyle.skip=true -Dspotbugs.skip=true -Dtest=AdaptiveReaderSystemBenchmark test -Ds3arr.trace=/data/home/haoyueli/aws-sdk-java-v2/traces/mixed_holdout.csv -Ds3arr.label=headroom_b128_block1_depth0_forced_s3a_prefetch -Ds3arr.cacheBudgetMiB=128 -Ds3arr.prefetchBlockMiB=1 -Ds3arr.prefetchDepth=0 -Ds3arr.apps=1 -Ds3arr.warmup=0 -Ds3arr.iters=1 -Ds3arr.forcePolicy=s3a_prefetch
[benchmark] loaded 11189 records from /data/home/haoyueli/aws-sdk-java-v2/traces/mixed_holdout.csv

============= Adaptive Range Reader - Policy Sweep =============
label=headroom_b128_block1_depth0_forced_s3a_prefetch selector=fixed:s3a_prefetch reads=11189 warmup=0 iters=1 apps=1 globalCache=128MiB maxFetch=8MiB prefetchBlock=1MiB prefetchDepth=0
remote GETs=5304 remote MiB=6567.68 readAmp=2.6610 cacheHitRate=0.5260 demandClampReads=0
per-prefix metrics:
  tpch             reads= 1309 remoteMiB=   649.82 amp=2.3022 clamps=0
  taxi             reads=  659 remoteMiB=  1423.48 amp=1.4028 clamps=0
  lastfm           reads= 1216 remoteMiB=     3.05 amp=1.7133 clamps=0
  mm               reads= 2785 remoteMiB=  1814.51 amp=3.3427 clamps=0
  clickbench       reads= 1572 remoteMiB=  1859.93 amp=3.0155 clamps=0
  fmnist           reads= 1216 remoteMiB=   384.09 amp=65.5854 clamps=0
  sift             reads= 1216 remoteMiB=   431.89 amp=144.0937 clamps=0
  emb_real         reads= 1216 remoteMiB=     0.90 amp=0.9756 clamps=0
=================================================================

[benchmark] wrote /data/home/haoyueli/aws-sdk-java-v2/services-custom/s3-adaptive-range-reader/target/s3arr-benchmark (report-*.txt + results-v2.csv)
+ mvn -q -pl services-custom/s3-adaptive-range-reader -Djapicmp.skip=true -Dcheckstyle.skip=true -Dspotbugs.skip=true -Dtest=AdaptiveReaderSystemBenchmark test -Ds3arr.trace=/data/home/haoyueli/aws-sdk-java-v2/traces/mixed_holdout.csv -Ds3arr.label=headroom_b128_block1_depth0_forced_template_multimodal -Ds3arr.cacheBudgetMiB=128 -Ds3arr.prefetchBlockMiB=1 -Ds3arr.prefetchDepth=0 -Ds3arr.apps=1 -Ds3arr.warmup=0 -Ds3arr.iters=1 -Ds3arr.forcePolicy=template_multimodal
[benchmark] loaded 11189 records from /data/home/haoyueli/aws-sdk-java-v2/traces/mixed_holdout.csv

============= Adaptive Range Reader - Policy Sweep =============
label=headroom_b128_block1_depth0_forced_template_multimodal selector=fixed:template_multimodal reads=11189 warmup=0 iters=1 apps=1 globalCache=128MiB maxFetch=8MiB prefetchBlock=1MiB prefetchDepth=0
remote GETs=6248 remote MiB=2324.98 readAmp=0.9420 cacheHitRate=0.4416 demandClampReads=0
per-prefix metrics:
  tpch             reads= 1309 remoteMiB=   115.58 amp=0.4095 clamps=0
  taxi             reads=  659 remoteMiB=   971.50 amp=0.9574 clamps=0
  lastfm           reads= 1216 remoteMiB=     3.17 amp=1.7782 clamps=0
  mm               reads= 2785 remoteMiB=   483.16 amp=0.8901 clamps=0
  clickbench       reads= 1572 remoteMiB=   640.79 amp=1.0389 clamps=0
  fmnist           reads= 1216 remoteMiB=    63.63 amp=10.8658 clamps=0
  sift             reads= 1216 remoteMiB=    46.15 amp=15.3991 clamps=0
  emb_real         reads= 1216 remoteMiB=     0.99 amp=1.0711 clamps=0
=================================================================

[benchmark] wrote /data/home/haoyueli/aws-sdk-java-v2/services-custom/s3-adaptive-range-reader/target/s3arr-benchmark (report-*.txt + results-v2.csv)
+ mvn -q -pl services-custom/s3-adaptive-range-reader -Djapicmp.skip=true -Dcheckstyle.skip=true -Dspotbugs.skip=true -Dtest=AdaptiveReaderSystemBenchmark test -Ds3arr.trace=/data/home/haoyueli/aws-sdk-java-v2/traces/mixed_holdout.csv -Ds3arr.label=headroom_b128_block1_depth0_template_auto -Ds3arr.cacheBudgetMiB=128 -Ds3arr.prefetchBlockMiB=1 -Ds3arr.prefetchDepth=0 -Ds3arr.apps=1 -Ds3arr.warmup=0 -Ds3arr.iters=1 -Ds3arr.selector=template_auto
[benchmark] loaded 11189 records from /data/home/haoyueli/aws-sdk-java-v2/traces/mixed_holdout.csv

============= Adaptive Range Reader - Policy Sweep =============
label=headroom_b128_block1_depth0_template_auto selector=template_auto reads=11189 warmup=0 iters=1 apps=1 globalCache=128MiB maxFetch=8MiB prefetchBlock=1MiB prefetchDepth=0
remote GETs=5860 remote MiB=3037.28 readAmp=1.2306 cacheHitRate=0.4763 demandClampReads=0
per-prefix metrics:
  tpch             reads= 1309 remoteMiB=   214.22 amp=0.7590 clamps=0
  taxi             reads=  659 remoteMiB=  1179.92 amp=1.1628 clamps=0
  lastfm           reads= 1216 remoteMiB=     3.80 amp=2.1345 clamps=0
  mm               reads= 2785 remoteMiB=   751.22 amp=1.3839 clamps=0
  clickbench       reads= 1572 remoteMiB=   756.13 amp=1.2259 clamps=0
  fmnist           reads= 1216 remoteMiB=    78.46 amp=13.3966 clamps=0
  sift             reads= 1216 remoteMiB=    52.62 amp=17.5572 clamps=0
  emb_real         reads= 1216 remoteMiB=     0.90 amp=0.9756 clamps=0
=================================================================

[benchmark] wrote /data/home/haoyueli/aws-sdk-java-v2/services-custom/s3-adaptive-range-reader/target/s3arr-benchmark (report-*.txt + results-v2.csv)
+ mvn -q -pl services-custom/s3-adaptive-range-reader -Djapicmp.skip=true -Dcheckstyle.skip=true -Dspotbugs.skip=true -Dtest=AdaptiveReaderSystemBenchmark test -Ds3arr.trace=/data/home/haoyueli/aws-sdk-java-v2/traces/mixed_holdout.csv -Ds3arr.label=headroom_b128_block1_depth0_decision_tree -Ds3arr.cacheBudgetMiB=128 -Ds3arr.prefetchBlockMiB=1 -Ds3arr.prefetchDepth=0 -Ds3arr.apps=1 -Ds3arr.warmup=0 -Ds3arr.iters=1 -Ds3arr.selector=decision_tree
[benchmark] loaded 11189 records from /data/home/haoyueli/aws-sdk-java-v2/traces/mixed_holdout.csv

============= Adaptive Range Reader - Policy Sweep =============
label=headroom_b128_block1_depth0_decision_tree selector=decision_tree reads=11189 warmup=0 iters=1 apps=1 globalCache=128MiB maxFetch=8MiB prefetchBlock=1MiB prefetchDepth=0
remote GETs=5595 remote MiB=2748.67 readAmp=1.1137 cacheHitRate=0.5000 demandClampReads=0
per-prefix metrics:
  tpch             reads= 1309 remoteMiB=   117.46 amp=0.4161 clamps=0
  taxi             reads=  659 remoteMiB=  1056.70 amp=1.0414 clamps=0
  lastfm           reads= 1216 remoteMiB=     3.49 amp=1.9590 clamps=0
  mm               reads= 2785 remoteMiB=   483.34 amp=0.8904 clamps=0
  clickbench       reads= 1572 remoteMiB=   641.48 amp=1.0400 clamps=0
  fmnist           reads= 1216 remoteMiB=   381.23 amp=65.0966 clamps=0
  sift             reads= 1216 remoteMiB=    63.34 amp=21.1312 clamps=0
  emb_real         reads= 1216 remoteMiB=     1.64 amp=1.7763 clamps=0
=================================================================

[benchmark] wrote /data/home/haoyueli/aws-sdk-java-v2/services-custom/s3-adaptive-range-reader/target/s3arr-benchmark (report-*.txt + results-v2.csv)
+ mvn -q -pl services-custom/s3-adaptive-range-reader -Djapicmp.skip=true -Dcheckstyle.skip=true -Dspotbugs.skip=true -Dtest=AdaptiveReaderSystemBenchmark test -Ds3arr.trace=/data/home/haoyueli/aws-sdk-java-v2/traces/mixed_holdout.csv -Ds3arr.label=headroom_b128_block1_depth0_oracle_bytes -Ds3arr.cacheBudgetMiB=128 -Ds3arr.prefetchBlockMiB=1 -Ds3arr.prefetchDepth=0 -Ds3arr.apps=1 -Ds3arr.warmup=0 -Ds3arr.iters=1 -Ds3arr.oracleMap=tpch:template_multimodal,clickbench:template_multimodal,fmnist:s3a_random,sift:template_multimodal,emb_real:s3a_prefetch,lastfm:s3a_prefetch,taxi:template_multimodal,mm:template_multimodal
[benchmark] loaded 11189 records from /data/home/haoyueli/aws-sdk-java-v2/traces/mixed_holdout.csv

============= Adaptive Range Reader - Policy Sweep =============
label=headroom_b128_block1_depth0_oracle_bytes selector=prefix oracle:{tpch=TEMPLATE_MULTIMODAL, clickbench=TEMPLATE_MULTIMODAL, fmnist=S3A_RANDOM, sift=TEMPLATE_MULTIMODAL, emb_real=S3A_PREFETCH, lastfm=S3A_PREFETCH, taxi=TEMPLATE_MULTIMODAL, mm=TEMPLATE_MULTIMODAL} reads=11189 warmup=0 iters=1 apps=1 globalCache=128MiB maxFetch=8MiB prefetchBlock=1MiB prefetchDepth=0
remote GETs=6211 remote MiB=2321.73 readAmp=0.9407 cacheHitRate=0.4449 demandClampReads=0
per-prefix metrics:
  tpch             reads= 1309 remoteMiB=   115.58 amp=0.4095 clamps=0
  taxi             reads=  659 remoteMiB=   971.50 amp=0.9574 clamps=0
  lastfm           reads= 1216 remoteMiB=     3.05 amp=1.7133 clamps=0
  mm               reads= 2785 remoteMiB=   483.16 amp=0.8901 clamps=0
  clickbench       reads= 1572 remoteMiB=   640.79 amp=1.0389 clamps=0
  fmnist           reads= 1216 remoteMiB=    60.60 amp=10.3474 clamps=0
  sift             reads= 1216 remoteMiB=    46.15 amp=15.3991 clamps=0
  emb_real         reads= 1216 remoteMiB=     0.90 amp=0.9756 clamps=0
=================================================================

[benchmark] wrote /data/home/haoyueli/aws-sdk-java-v2/services-custom/s3-adaptive-range-reader/target/s3arr-benchmark (report-*.txt + results-v2.csv)
+ mvn -q -pl services-custom/s3-adaptive-range-reader -Djapicmp.skip=true -Dcheckstyle.skip=true -Dspotbugs.skip=true -Dtest=AdaptiveReaderSystemBenchmark test -Ds3arr.trace=/data/home/haoyueli/aws-sdk-java-v2/traces/mixed_holdout.csv -Ds3arr.label=headroom_b128_block1_depth0_oracle_cost -Ds3arr.cacheBudgetMiB=128 -Ds3arr.prefetchBlockMiB=1 -Ds3arr.prefetchDepth=0 -Ds3arr.apps=1 -Ds3arr.warmup=0 -Ds3arr.iters=1 -Ds3arr.oracleMap=tpch:template_locality,clickbench:template_multimodal,fmnist:s3a_prefetch,sift:s3a_prefetch,emb_real:s3a_prefetch,lastfm:s3a_prefetch,taxi:template_multimodal,mm:template_multimodal
[benchmark] loaded 11189 records from /data/home/haoyueli/aws-sdk-java-v2/traces/mixed_holdout.csv

============= Adaptive Range Reader - Policy Sweep =============
label=headroom_b128_block1_depth0_oracle_cost selector=prefix oracle:{tpch=TEMPLATE_LOCALITY, clickbench=TEMPLATE_MULTIMODAL, fmnist=S3A_PREFETCH, sift=S3A_PREFETCH, emb_real=S3A_PREFETCH, lastfm=S3A_PREFETCH, taxi=TEMPLATE_MULTIMODAL, mm=TEMPLATE_MULTIMODAL} reads=11189 warmup=0 iters=1 apps=1 globalCache=128MiB maxFetch=8MiB prefetchBlock=1MiB prefetchDepth=0
remote GETs=5283 remote MiB=3062.80 readAmp=1.2409 cacheHitRate=0.5278 demandClampReads=0
per-prefix metrics:
  tpch             reads= 1309 remoteMiB=   147.42 amp=0.5223 clamps=0
  taxi             reads=  659 remoteMiB=   971.50 amp=0.9574 clamps=0
  lastfm           reads= 1216 remoteMiB=     3.05 amp=1.7133 clamps=0
  mm               reads= 2785 remoteMiB=   483.16 amp=0.8901 clamps=0
  clickbench       reads= 1572 remoteMiB=   640.79 amp=1.0389 clamps=0
  fmnist           reads= 1216 remoteMiB=   384.09 amp=65.5854 clamps=0
  sift             reads= 1216 remoteMiB=   431.89 amp=144.0937 clamps=0
  emb_real         reads= 1216 remoteMiB=     0.90 amp=0.9756 clamps=0
=================================================================

[benchmark] wrote /data/home/haoyueli/aws-sdk-java-v2/services-custom/s3-adaptive-range-reader/target/s3arr-benchmark (report-*.txt + results-v2.csv)
+ mvn -q -pl services-custom/s3-adaptive-range-reader -Djapicmp.skip=true -Dcheckstyle.skip=true -Dspotbugs.skip=true -Dtest=AdaptiveReaderSystemBenchmark test -Ds3arr.trace=/data/home/haoyueli/aws-sdk-java-v2/traces/mixed_holdout.csv -Ds3arr.label=headroom_b128_block1_depth1_forced_template_locality -Ds3arr.cacheBudgetMiB=128 -Ds3arr.prefetchBlockMiB=1 -Ds3arr.prefetchDepth=1 -Ds3arr.apps=1 -Ds3arr.warmup=0 -Ds3arr.iters=1 -Ds3arr.forcePolicy=template_locality
[benchmark] loaded 11189 records from /data/home/haoyueli/aws-sdk-java-v2/traces/mixed_holdout.csv

============= Adaptive Range Reader - Policy Sweep =============
label=headroom_b128_block1_depth1_forced_template_locality selector=fixed:template_locality reads=11189 warmup=0 iters=1 apps=1 globalCache=128MiB maxFetch=8MiB prefetchBlock=1MiB prefetchDepth=1
remote GETs=7595 remote MiB=3103.15 readAmp=1.2573 cacheHitRate=0.4706 demandClampReads=0
per-prefix metrics:
  tpch             reads= 1309 remoteMiB=   243.73 amp=0.8635 clamps=0
  taxi             reads=  659 remoteMiB=  1101.02 amp=1.0850 clamps=0
  lastfm           reads= 1216 remoteMiB=     3.54 amp=1.9888 clamps=0
  mm               reads= 2785 remoteMiB=   763.52 amp=1.4066 clamps=0
  clickbench       reads= 1572 remoteMiB=   749.74 amp=1.2155 clamps=0
  fmnist           reads= 1216 remoteMiB=   150.83 amp=25.7545 clamps=0
  sift             reads= 1216 remoteMiB=    89.56 amp=29.8810 clamps=0
  emb_real         reads= 1216 remoteMiB=     1.21 amp=1.3033 clamps=0
=================================================================

[benchmark] wrote /data/home/haoyueli/aws-sdk-java-v2/services-custom/s3-adaptive-range-reader/target/s3arr-benchmark (report-*.txt + results-v2.csv)
+ mvn -q -pl services-custom/s3-adaptive-range-reader -Djapicmp.skip=true -Dcheckstyle.skip=true -Dspotbugs.skip=true -Dtest=AdaptiveReaderSystemBenchmark test -Ds3arr.trace=/data/home/haoyueli/aws-sdk-java-v2/traces/mixed_holdout.csv -Ds3arr.label=headroom_b128_block1_depth1_forced_s3a_prefetch -Ds3arr.cacheBudgetMiB=128 -Ds3arr.prefetchBlockMiB=1 -Ds3arr.prefetchDepth=1 -Ds3arr.apps=1 -Ds3arr.warmup=0 -Ds3arr.iters=1 -Ds3arr.forcePolicy=s3a_prefetch
[benchmark] loaded 11189 records from /data/home/haoyueli/aws-sdk-java-v2/traces/mixed_holdout.csv

============= Adaptive Range Reader - Policy Sweep =============
label=headroom_b128_block1_depth1_forced_s3a_prefetch selector=fixed:s3a_prefetch reads=11189 warmup=0 iters=1 apps=1 globalCache=128MiB maxFetch=8MiB prefetchBlock=1MiB prefetchDepth=1
remote GETs=9552 remote MiB=10823.24 readAmp=4.3851 cacheHitRate=0.5337 demandClampReads=0
per-prefix metrics:
  tpch             reads= 1309 remoteMiB=  1185.64 amp=4.2006 clamps=0
  taxi             reads=  659 remoteMiB=  1707.45 amp=1.6827 clamps=0
  lastfm           reads= 1216 remoteMiB=     3.05 amp=1.7133 clamps=0
  mm               reads= 2785 remoteMiB=  3388.08 amp=6.2416 clamps=0
  clickbench       reads= 1572 remoteMiB=  3104.93 amp=5.0340 clamps=0
  fmnist           reads= 1216 remoteMiB=   665.75 amp=113.6797 clamps=0
  sift             reads= 1216 remoteMiB=   767.44 amp=256.0491 clamps=0
  emb_real         reads= 1216 remoteMiB=     0.90 amp=0.9756 clamps=0
=================================================================

[benchmark] wrote /data/home/haoyueli/aws-sdk-java-v2/services-custom/s3-adaptive-range-reader/target/s3arr-benchmark (report-*.txt + results-v2.csv)
+ mvn -q -pl services-custom/s3-adaptive-range-reader -Djapicmp.skip=true -Dcheckstyle.skip=true -Dspotbugs.skip=true -Dtest=AdaptiveReaderSystemBenchmark test -Ds3arr.trace=/data/home/haoyueli/aws-sdk-java-v2/traces/mixed_holdout.csv -Ds3arr.label=headroom_b128_block1_depth1_template_auto -Ds3arr.cacheBudgetMiB=128 -Ds3arr.prefetchBlockMiB=1 -Ds3arr.prefetchDepth=1 -Ds3arr.apps=1 -Ds3arr.warmup=0 -Ds3arr.iters=1 -Ds3arr.selector=template_auto
[benchmark] loaded 11189 records from /data/home/haoyueli/aws-sdk-java-v2/traces/mixed_holdout.csv

============= Adaptive Range Reader - Policy Sweep =============
label=headroom_b128_block1_depth1_template_auto selector=template_auto reads=11189 warmup=0 iters=1 apps=1 globalCache=128MiB maxFetch=8MiB prefetchBlock=1MiB prefetchDepth=1
remote GETs=7136 remote MiB=4043.82 readAmp=1.6384 cacheHitRate=0.4592 demandClampReads=0
per-prefix metrics:
  tpch             reads= 1309 remoteMiB=   546.38 amp=1.9357 clamps=0
  taxi             reads=  659 remoteMiB=  1385.95 amp=1.3658 clamps=0
  lastfm           reads= 1216 remoteMiB=     3.49 amp=1.9590 clamps=0
  mm               reads= 2785 remoteMiB=  1042.71 amp=1.9209 clamps=0
  clickbench       reads= 1572 remoteMiB=   894.57 amp=1.4503 clamps=0
  fmnist           reads= 1216 remoteMiB=   107.21 amp=18.3058 clamps=0
  sift             reads= 1216 remoteMiB=    62.62 amp=20.8936 clamps=0
  emb_real         reads= 1216 remoteMiB=     0.90 amp=0.9756 clamps=0
=================================================================

[benchmark] wrote /data/home/haoyueli/aws-sdk-java-v2/services-custom/s3-adaptive-range-reader/target/s3arr-benchmark (report-*.txt + results-v2.csv)
+ mvn -q -pl services-custom/s3-adaptive-range-reader -Djapicmp.skip=true -Dcheckstyle.skip=true -Dspotbugs.skip=true -Dtest=AdaptiveReaderSystemBenchmark test -Ds3arr.trace=/data/home/haoyueli/aws-sdk-java-v2/traces/mixed_holdout.csv -Ds3arr.label=headroom_b128_block1_depth1_decision_tree -Ds3arr.cacheBudgetMiB=128 -Ds3arr.prefetchBlockMiB=1 -Ds3arr.prefetchDepth=1 -Ds3arr.apps=1 -Ds3arr.warmup=0 -Ds3arr.iters=1 -Ds3arr.selector=decision_tree
[benchmark] loaded 11189 records from /data/home/haoyueli/aws-sdk-java-v2/traces/mixed_holdout.csv

============= Adaptive Range Reader - Policy Sweep =============
label=headroom_b128_block1_depth1_decision_tree selector=decision_tree reads=11189 warmup=0 iters=1 apps=1 globalCache=128MiB maxFetch=8MiB prefetchBlock=1MiB prefetchDepth=1
remote GETs=6171 remote MiB=3126.65 readAmp=1.2668 cacheHitRate=0.5029 demandClampReads=0
per-prefix metrics:
  tpch             reads= 1309 remoteMiB=   117.46 amp=0.4161 clamps=0
  taxi             reads=  659 remoteMiB=  1127.82 amp=1.1115 clamps=0
  lastfm           reads= 1216 remoteMiB=     3.49 amp=1.9590 clamps=0
  mm               reads= 2785 remoteMiB=   483.59 amp=0.8909 clamps=0
  clickbench       reads= 1572 remoteMiB=   641.48 amp=1.0400 clamps=0
  fmnist           reads= 1216 remoteMiB=   663.33 amp=113.2674 clamps=0
  sift             reads= 1216 remoteMiB=    87.84 amp=29.3053 clamps=0
  emb_real         reads= 1216 remoteMiB=     1.64 amp=1.7763 clamps=0
=================================================================

[benchmark] wrote /data/home/haoyueli/aws-sdk-java-v2/services-custom/s3-adaptive-range-reader/target/s3arr-benchmark (report-*.txt + results-v2.csv)
+ mvn -q -pl services-custom/s3-adaptive-range-reader -Djapicmp.skip=true -Dcheckstyle.skip=true -Dspotbugs.skip=true -Dtest=AdaptiveReaderSystemBenchmark test -Ds3arr.trace=/data/home/haoyueli/aws-sdk-java-v2/traces/mixed_holdout.csv -Ds3arr.label=headroom_b128_block1_depth1_oracle_bytes -Ds3arr.cacheBudgetMiB=128 -Ds3arr.prefetchBlockMiB=1 -Ds3arr.prefetchDepth=1 -Ds3arr.apps=1 -Ds3arr.warmup=0 -Ds3arr.iters=1 -Ds3arr.oracleMap=tpch:template_multimodal,clickbench:template_multimodal,fmnist:s3a_random,sift:template_multimodal,emb_real:s3a_prefetch,lastfm:s3a_prefetch,taxi:template_multimodal,mm:template_multimodal
[benchmark] loaded 11189 records from /data/home/haoyueli/aws-sdk-java-v2/traces/mixed_holdout.csv

============= Adaptive Range Reader - Policy Sweep =============
label=headroom_b128_block1_depth1_oracle_bytes selector=prefix oracle:{tpch=TEMPLATE_MULTIMODAL, clickbench=TEMPLATE_MULTIMODAL, fmnist=S3A_RANDOM, sift=TEMPLATE_MULTIMODAL, emb_real=S3A_PREFETCH, lastfm=S3A_PREFETCH, taxi=TEMPLATE_MULTIMODAL, mm=TEMPLATE_MULTIMODAL} reads=11189 warmup=0 iters=1 apps=1 globalCache=128MiB maxFetch=8MiB prefetchBlock=1MiB prefetchDepth=1
remote GETs=6211 remote MiB=2321.73 readAmp=0.9407 cacheHitRate=0.4450 demandClampReads=0
per-prefix metrics:
  tpch             reads= 1309 remoteMiB=   115.58 amp=0.4095 clamps=0
  taxi             reads=  659 remoteMiB=   971.50 amp=0.9574 clamps=0
  lastfm           reads= 1216 remoteMiB=     3.05 amp=1.7133 clamps=0
  mm               reads= 2785 remoteMiB=   483.16 amp=0.8901 clamps=0
  clickbench       reads= 1572 remoteMiB=   640.79 amp=1.0389 clamps=0
  fmnist           reads= 1216 remoteMiB=    60.60 amp=10.3474 clamps=0
  sift             reads= 1216 remoteMiB=    46.15 amp=15.3991 clamps=0
  emb_real         reads= 1216 remoteMiB=     0.90 amp=0.9756 clamps=0
=================================================================

[benchmark] wrote /data/home/haoyueli/aws-sdk-java-v2/services-custom/s3-adaptive-range-reader/target/s3arr-benchmark (report-*.txt + results-v2.csv)
+ mvn -q -pl services-custom/s3-adaptive-range-reader -Djapicmp.skip=true -Dcheckstyle.skip=true -Dspotbugs.skip=true -Dtest=AdaptiveReaderSystemBenchmark test -Ds3arr.trace=/data/home/haoyueli/aws-sdk-java-v2/traces/mixed_holdout.csv -Ds3arr.label=headroom_b128_block1_depth1_oracle_cost -Ds3arr.cacheBudgetMiB=128 -Ds3arr.prefetchBlockMiB=1 -Ds3arr.prefetchDepth=1 -Ds3arr.apps=1 -Ds3arr.warmup=0 -Ds3arr.iters=1 -Ds3arr.oracleMap=tpch:s3a_random,clickbench:template_multimodal,fmnist:s3a_prefetch,sift:template_multimodal,emb_real:s3a_prefetch,lastfm:s3a_prefetch,taxi:template_multimodal,mm:template_multimodal
[benchmark] loaded 11189 records from /data/home/haoyueli/aws-sdk-java-v2/traces/mixed_holdout.csv

============= Adaptive Range Reader - Policy Sweep =============
label=headroom_b128_block1_depth1_oracle_cost selector=prefix oracle:{tpch=S3A_RANDOM, clickbench=TEMPLATE_MULTIMODAL, fmnist=S3A_PREFETCH, sift=TEMPLATE_MULTIMODAL, emb_real=S3A_PREFETCH, lastfm=S3A_PREFETCH, taxi=TEMPLATE_MULTIMODAL, mm=TEMPLATE_MULTIMODAL} reads=11189 warmup=0 iters=1 apps=1 globalCache=128MiB maxFetch=8MiB prefetchBlock=1MiB prefetchDepth=1
remote GETs=5879 remote MiB=2928.35 readAmp=1.1865 cacheHitRate=0.5005 demandClampReads=0
per-prefix metrics:
  tpch             reads= 1309 remoteMiB=   117.04 amp=0.4147 clamps=0
  taxi             reads=  659 remoteMiB=   971.50 amp=0.9574 clamps=0
  lastfm           reads= 1216 remoteMiB=     3.05 amp=1.7133 clamps=0
  mm               reads= 2785 remoteMiB=   483.16 amp=0.8901 clamps=0
  clickbench       reads= 1572 remoteMiB=   640.79 amp=1.0389 clamps=0
  fmnist           reads= 1216 remoteMiB=   665.75 amp=113.6797 clamps=0
  sift             reads= 1216 remoteMiB=    46.15 amp=15.3991 clamps=0
  emb_real         reads= 1216 remoteMiB=     0.90 amp=0.9756 clamps=0
=================================================================

[benchmark] wrote /data/home/haoyueli/aws-sdk-java-v2/services-custom/s3-adaptive-range-reader/target/s3arr-benchmark (report-*.txt + results-v2.csv)
+ mvn -q -pl services-custom/s3-adaptive-range-reader -Djapicmp.skip=true -Dcheckstyle.skip=true -Dspotbugs.skip=true -Dtest=AdaptiveReaderSystemBenchmark test -Ds3arr.trace=/data/home/haoyueli/aws-sdk-java-v2/traces/mixed_holdout.csv -Ds3arr.label=headroom_b128_block4_depth4_forced_template_locality -Ds3arr.cacheBudgetMiB=128 -Ds3arr.prefetchBlockMiB=4 -Ds3arr.prefetchDepth=4 -Ds3arr.apps=1 -Ds3arr.warmup=0 -Ds3arr.iters=1 -Ds3arr.forcePolicy=template_locality
[benchmark] loaded 11189 records from /data/home/haoyueli/aws-sdk-java-v2/traces/mixed_holdout.csv

============= Adaptive Range Reader - Policy Sweep =============
label=headroom_b128_block4_depth4_forced_template_locality selector=fixed:template_locality reads=11189 warmup=0 iters=1 apps=1 globalCache=128MiB maxFetch=12MiB prefetchBlock=4MiB prefetchDepth=4
remote GETs=13591 remote MiB=4696.65 readAmp=1.9029 cacheHitRate=0.4488 demandClampReads=0
per-prefix metrics:
  tpch             reads= 1309 remoteMiB=   691.76 amp=2.4508 clamps=0
  taxi             reads=  659 remoteMiB=  1263.48 amp=1.2451 clamps=0
  lastfm           reads= 1216 remoteMiB=     3.35 amp=1.8835 clamps=0
  mm               reads= 2785 remoteMiB=  1294.60 amp=2.3850 clamps=0
  clickbench       reads= 1572 remoteMiB=  1017.74 amp=1.6500 clamps=0
  fmnist           reads= 1216 remoteMiB=   266.63 amp=45.5282 clamps=0
  sift             reads= 1216 remoteMiB=   157.88 amp=52.6733 clamps=0
  emb_real         reads= 1216 remoteMiB=     1.21 amp=1.3033 clamps=0
=================================================================

[benchmark] wrote /data/home/haoyueli/aws-sdk-java-v2/services-custom/s3-adaptive-range-reader/target/s3arr-benchmark (report-*.txt + results-v2.csv)
+ mvn -q -pl services-custom/s3-adaptive-range-reader -Djapicmp.skip=true -Dcheckstyle.skip=true -Dspotbugs.skip=true -Dtest=AdaptiveReaderSystemBenchmark test -Ds3arr.trace=/data/home/haoyueli/aws-sdk-java-v2/traces/mixed_holdout.csv -Ds3arr.label=headroom_b128_block4_depth4_forced_s3a_prefetch -Ds3arr.cacheBudgetMiB=128 -Ds3arr.prefetchBlockMiB=4 -Ds3arr.prefetchDepth=4 -Ds3arr.apps=1 -Ds3arr.warmup=0 -Ds3arr.iters=1 -Ds3arr.forcePolicy=s3a_prefetch
[benchmark] loaded 11189 records from /data/home/haoyueli/aws-sdk-java-v2/traces/mixed_holdout.csv

============= Adaptive Range Reader - Policy Sweep =============
label=headroom_b128_block4_depth4_forced_s3a_prefetch selector=fixed:s3a_prefetch reads=11189 warmup=0 iters=1 apps=1 globalCache=128MiB maxFetch=12MiB prefetchBlock=4MiB prefetchDepth=4
remote GETs=16863 remote MiB=67032.81 readAmp=27.1590 cacheHitRate=0.6454 demandClampReads=0
per-prefix metrics:
  tpch             reads= 1309 remoteMiB=  1227.22 amp=4.3479 clamps=0
  taxi             reads=  659 remoteMiB=  3322.38 amp=3.2742 clamps=0
  lastfm           reads= 1216 remoteMiB=     3.05 amp=1.7133 clamps=0
  mm               reads= 2785 remoteMiB= 32392.49 amp=59.6743 clamps=0
  clickbench       reads= 1572 remoteMiB= 23447.92 amp=38.0158 clamps=0
  fmnist           reads= 1216 remoteMiB=  2380.72 amp=406.5190 clamps=0
  sift             reads= 1216 remoteMiB=  4258.14 amp=1420.6789 clamps=0
  emb_real         reads= 1216 remoteMiB=     0.90 amp=0.9756 clamps=0
=================================================================

[benchmark] wrote /data/home/haoyueli/aws-sdk-java-v2/services-custom/s3-adaptive-range-reader/target/s3arr-benchmark (report-*.txt + results-v2.csv)
+ mvn -q -pl services-custom/s3-adaptive-range-reader -Djapicmp.skip=true -Dcheckstyle.skip=true -Dspotbugs.skip=true -Dtest=AdaptiveReaderSystemBenchmark test -Ds3arr.trace=/data/home/haoyueli/aws-sdk-java-v2/traces/mixed_holdout.csv -Ds3arr.label=headroom_b128_block4_depth4_template_auto -Ds3arr.cacheBudgetMiB=128 -Ds3arr.prefetchBlockMiB=4 -Ds3arr.prefetchDepth=4 -Ds3arr.apps=1 -Ds3arr.warmup=0 -Ds3arr.iters=1 -Ds3arr.selector=template_auto
[benchmark] loaded 11189 records from /data/home/haoyueli/aws-sdk-java-v2/traces/mixed_holdout.csv

============= Adaptive Range Reader - Policy Sweep =============
label=headroom_b128_block4_depth4_template_auto selector=template_auto reads=11189 warmup=0 iters=1 apps=1 globalCache=128MiB maxFetch=12MiB prefetchBlock=4MiB prefetchDepth=4
remote GETs=8304 remote MiB=13335.51 readAmp=5.4030 cacheHitRate=0.5338 demandClampReads=0
per-prefix metrics:
  tpch             reads= 1309 remoteMiB=   957.74 amp=3.3931 clamps=0
  taxi             reads=  659 remoteMiB=  3155.98 amp=3.1102 clamps=0
  lastfm           reads= 1216 remoteMiB=     3.05 amp=1.7133 clamps=0
  mm               reads= 2785 remoteMiB=  5536.48 amp=10.1995 clamps=0
  clickbench       reads= 1572 remoteMiB=  3417.45 amp=5.5407 clamps=0
  fmnist           reads= 1216 remoteMiB=   168.13 amp=28.7093 clamps=0
  sift             reads= 1216 remoteMiB=    95.77 amp=31.9516 clamps=0
  emb_real         reads= 1216 remoteMiB=     0.90 amp=0.9756 clamps=0
=================================================================

[benchmark] wrote /data/home/haoyueli/aws-sdk-java-v2/services-custom/s3-adaptive-range-reader/target/s3arr-benchmark (report-*.txt + results-v2.csv)
+ mvn -q -pl services-custom/s3-adaptive-range-reader -Djapicmp.skip=true -Dcheckstyle.skip=true -Dspotbugs.skip=true -Dtest=AdaptiveReaderSystemBenchmark test -Ds3arr.trace=/data/home/haoyueli/aws-sdk-java-v2/traces/mixed_holdout.csv -Ds3arr.label=headroom_b128_block4_depth4_decision_tree -Ds3arr.cacheBudgetMiB=128 -Ds3arr.prefetchBlockMiB=4 -Ds3arr.prefetchDepth=4 -Ds3arr.apps=1 -Ds3arr.warmup=0 -Ds3arr.iters=1 -Ds3arr.selector=decision_tree
[benchmark] loaded 11189 records from /data/home/haoyueli/aws-sdk-java-v2/traces/mixed_holdout.csv

============= Adaptive Range Reader - Policy Sweep =============
label=headroom_b128_block4_depth4_decision_tree selector=decision_tree reads=11189 warmup=0 iters=1 apps=1 globalCache=128MiB maxFetch=12MiB prefetchBlock=4MiB prefetchDepth=4
remote GETs=6891 remote MiB=5168.31 readAmp=2.0940 cacheHitRate=0.5101 demandClampReads=0
per-prefix metrics:
  tpch             reads= 1309 remoteMiB=   117.77 amp=0.4172 clamps=0
  taxi             reads=  659 remoteMiB=  1386.52 amp=1.3664 clamps=0
  lastfm           reads= 1216 remoteMiB=     3.05 amp=1.7133 clamps=0
  mm               reads= 2785 remoteMiB=   484.09 amp=0.8918 clamps=0
  clickbench       reads= 1572 remoteMiB=   641.48 amp=1.0400 clamps=0
  fmnist           reads= 1216 remoteMiB=  2380.73 amp=406.5211 clamps=0
  sift             reads= 1216 remoteMiB=   153.03 amp=51.0551 clamps=0
  emb_real         reads= 1216 remoteMiB=     1.64 amp=1.7763 clamps=0
=================================================================

[benchmark] wrote /data/home/haoyueli/aws-sdk-java-v2/services-custom/s3-adaptive-range-reader/target/s3arr-benchmark (report-*.txt + results-v2.csv)
+ mvn -q -pl services-custom/s3-adaptive-range-reader -Djapicmp.skip=true -Dcheckstyle.skip=true -Dspotbugs.skip=true -Dtest=AdaptiveReaderSystemBenchmark test -Ds3arr.trace=/data/home/haoyueli/aws-sdk-java-v2/traces/mixed_holdout.csv -Ds3arr.label=headroom_b128_block4_depth4_oracle_bytes -Ds3arr.cacheBudgetMiB=128 -Ds3arr.prefetchBlockMiB=4 -Ds3arr.prefetchDepth=4 -Ds3arr.apps=1 -Ds3arr.warmup=0 -Ds3arr.iters=1 -Ds3arr.oracleMap=tpch:template_multimodal,clickbench:template_multimodal,fmnist:s3a_random,sift:template_multimodal,emb_real:s3a_prefetch,lastfm:s3a_prefetch,taxi:template_multimodal,mm:template_multimodal
[benchmark] loaded 11189 records from /data/home/haoyueli/aws-sdk-java-v2/traces/mixed_holdout.csv

============= Adaptive Range Reader - Policy Sweep =============
label=headroom_b128_block4_depth4_oracle_bytes selector=prefix oracle:{tpch=TEMPLATE_MULTIMODAL, clickbench=TEMPLATE_MULTIMODAL, fmnist=S3A_RANDOM, sift=TEMPLATE_MULTIMODAL, emb_real=S3A_PREFETCH, lastfm=S3A_PREFETCH, taxi=TEMPLATE_MULTIMODAL, mm=TEMPLATE_MULTIMODAL} reads=11189 warmup=0 iters=1 apps=1 globalCache=128MiB maxFetch=12MiB prefetchBlock=4MiB prefetchDepth=4
remote GETs=6209 remote MiB=2321.73 readAmp=0.9407 cacheHitRate=0.4451 demandClampReads=0
per-prefix metrics:
  tpch             reads= 1309 remoteMiB=   115.58 amp=0.4095 clamps=0
  taxi             reads=  659 remoteMiB=   971.50 amp=0.9574 clamps=0
  lastfm           reads= 1216 remoteMiB=     3.05 amp=1.7133 clamps=0
  mm               reads= 2785 remoteMiB=   483.16 amp=0.8901 clamps=0
  clickbench       reads= 1572 remoteMiB=   640.79 amp=1.0389 clamps=0
  fmnist           reads= 1216 remoteMiB=    60.60 amp=10.3474 clamps=0
  sift             reads= 1216 remoteMiB=    46.15 amp=15.3991 clamps=0
  emb_real         reads= 1216 remoteMiB=     0.90 amp=0.9756 clamps=0
=================================================================

[benchmark] wrote /data/home/haoyueli/aws-sdk-java-v2/services-custom/s3-adaptive-range-reader/target/s3arr-benchmark (report-*.txt + results-v2.csv)
+ mvn -q -pl services-custom/s3-adaptive-range-reader -Djapicmp.skip=true -Dcheckstyle.skip=true -Dspotbugs.skip=true -Dtest=AdaptiveReaderSystemBenchmark test -Ds3arr.trace=/data/home/haoyueli/aws-sdk-java-v2/traces/mixed_holdout.csv -Ds3arr.label=headroom_b128_block4_depth4_oracle_cost -Ds3arr.cacheBudgetMiB=128 -Ds3arr.prefetchBlockMiB=4 -Ds3arr.prefetchDepth=4 -Ds3arr.apps=1 -Ds3arr.warmup=0 -Ds3arr.iters=1 -Ds3arr.oracleMap=tpch:s3a_prefetch,clickbench:template_multimodal,fmnist:template_multimodal,sift:template_multimodal,emb_real:s3a_prefetch,lastfm:s3a_prefetch,taxi:template_multimodal,mm:template_multimodal
[benchmark] loaded 11189 records from /data/home/haoyueli/aws-sdk-java-v2/traces/mixed_holdout.csv

============= Adaptive Range Reader - Policy Sweep =============
label=headroom_b128_block4_depth4_oracle_cost selector=prefix oracle:{tpch=S3A_PREFETCH, clickbench=TEMPLATE_MULTIMODAL, fmnist=TEMPLATE_MULTIMODAL, sift=TEMPLATE_MULTIMODAL, emb_real=S3A_PREFETCH, lastfm=S3A_PREFETCH, taxi=TEMPLATE_MULTIMODAL, mm=TEMPLATE_MULTIMODAL} reads=11189 warmup=0 iters=1 apps=1 globalCache=128MiB maxFetch=12MiB prefetchBlock=4MiB prefetchDepth=4
remote GETs=5862 remote MiB=3436.41 readAmp=1.3923 cacheHitRate=0.5008 demandClampReads=0
per-prefix metrics:
  tpch             reads= 1309 remoteMiB=  1227.22 amp=4.3479 clamps=0
  taxi             reads=  659 remoteMiB=   971.50 amp=0.9574 clamps=0
  lastfm           reads= 1216 remoteMiB=     3.05 amp=1.7133 clamps=0
  mm               reads= 2785 remoteMiB=   483.16 amp=0.8901 clamps=0
  clickbench       reads= 1572 remoteMiB=   640.79 amp=1.0389 clamps=0
  fmnist           reads= 1216 remoteMiB=    63.63 amp=10.8658 clamps=0
  sift             reads= 1216 remoteMiB=    46.15 amp=15.3991 clamps=0
  emb_real         reads= 1216 remoteMiB=     0.90 amp=0.9756 clamps=0
=================================================================

[benchmark] wrote /data/home/haoyueli/aws-sdk-java-v2/services-custom/s3-adaptive-range-reader/target/s3arr-benchmark (report-*.txt + results-v2.csv)
+ mvn -q -pl services-custom/s3-adaptive-range-reader -Djapicmp.skip=true -Dcheckstyle.skip=true -Dspotbugs.skip=true -Dtest=AdaptiveReaderSystemBenchmark test -Ds3arr.trace=/data/home/haoyueli/aws-sdk-java-v2/traces/mixed_holdout.csv -Ds3arr.label=headroom_b128_block8_depth8_forced_template_locality -Ds3arr.cacheBudgetMiB=128 -Ds3arr.prefetchBlockMiB=8 -Ds3arr.prefetchDepth=8 -Ds3arr.apps=1 -Ds3arr.warmup=0 -Ds3arr.iters=1 -Ds3arr.forcePolicy=template_locality
[benchmark] loaded 11189 records from /data/home/haoyueli/aws-sdk-java-v2/traces/mixed_holdout.csv

============= Adaptive Range Reader - Policy Sweep =============
label=headroom_b128_block8_depth8_forced_template_locality selector=fixed:template_locality reads=11189 warmup=0 iters=1 apps=1 globalCache=128MiB maxFetch=20MiB prefetchBlock=8MiB prefetchDepth=8
remote GETs=21258 remote MiB=6652.52 readAmp=2.6953 cacheHitRate=0.4505 demandClampReads=0
per-prefix metrics:
  tpch             reads= 1309 remoteMiB=  1109.39 amp=3.9304 clamps=0
  taxi             reads=  659 remoteMiB=  1446.39 amp=1.4254 clamps=0
  lastfm           reads= 1216 remoteMiB=     3.23 amp=1.8133 clamps=0
  mm               reads= 2785 remoteMiB=  2028.44 amp=3.7368 clamps=0
  clickbench       reads= 1572 remoteMiB=  1426.24 amp=2.3123 clamps=0
  fmnist           reads= 1216 remoteMiB=   395.82 amp=67.5879 clamps=0
  sift             reads= 1216 remoteMiB=   241.81 amp=80.6781 clamps=0
  emb_real         reads= 1216 remoteMiB=     1.21 amp=1.3033 clamps=0
=================================================================

[benchmark] wrote /data/home/haoyueli/aws-sdk-java-v2/services-custom/s3-adaptive-range-reader/target/s3arr-benchmark (report-*.txt + results-v2.csv)
+ mvn -q -pl services-custom/s3-adaptive-range-reader -Djapicmp.skip=true -Dcheckstyle.skip=true -Dspotbugs.skip=true -Dtest=AdaptiveReaderSystemBenchmark test -Ds3arr.trace=/data/home/haoyueli/aws-sdk-java-v2/traces/mixed_holdout.csv -Ds3arr.label=headroom_b128_block8_depth8_forced_s3a_prefetch -Ds3arr.cacheBudgetMiB=128 -Ds3arr.prefetchBlockMiB=8 -Ds3arr.prefetchDepth=8 -Ds3arr.apps=1 -Ds3arr.warmup=0 -Ds3arr.iters=1 -Ds3arr.forcePolicy=s3a_prefetch
[benchmark] loaded 11189 records from /data/home/haoyueli/aws-sdk-java-v2/traces/mixed_holdout.csv

============= Adaptive Range Reader - Policy Sweep =============
label=headroom_b128_block8_depth8_forced_s3a_prefetch selector=fixed:s3a_prefetch reads=11189 warmup=0 iters=1 apps=1 globalCache=128MiB maxFetch=20MiB prefetchBlock=8MiB prefetchDepth=8
remote GETs=26030 remote MiB=206307.27 readAmp=83.5875 cacheHitRate=0.7327 demandClampReads=0
per-prefix metrics:
  tpch             reads= 1309 remoteMiB=  2575.59 amp=9.1249 clamps=0
  taxi             reads=  659 remoteMiB=  3956.90 amp=3.8995 clamps=0
  lastfm           reads= 1216 remoteMiB=     3.05 amp=1.7133 clamps=0
  mm               reads= 2785 remoteMiB=114878.42 amp=211.6321 clamps=0
  clickbench       reads= 1572 remoteMiB= 68671.37 amp=111.3359 clamps=0
  fmnist           reads= 1216 remoteMiB=  4623.79 amp=789.5350 clamps=0
  sift             reads= 1216 remoteMiB= 11597.23 amp=3869.2855 clamps=0
  emb_real         reads= 1216 remoteMiB=     0.90 amp=0.9756 clamps=0
=================================================================

[benchmark] wrote /data/home/haoyueli/aws-sdk-java-v2/services-custom/s3-adaptive-range-reader/target/s3arr-benchmark (report-*.txt + results-v2.csv)
+ mvn -q -pl services-custom/s3-adaptive-range-reader -Djapicmp.skip=true -Dcheckstyle.skip=true -Dspotbugs.skip=true -Dtest=AdaptiveReaderSystemBenchmark test -Ds3arr.trace=/data/home/haoyueli/aws-sdk-java-v2/traces/mixed_holdout.csv -Ds3arr.label=headroom_b128_block8_depth8_template_auto -Ds3arr.cacheBudgetMiB=128 -Ds3arr.prefetchBlockMiB=8 -Ds3arr.prefetchDepth=8 -Ds3arr.apps=1 -Ds3arr.warmup=0 -Ds3arr.iters=1 -Ds3arr.selector=template_auto
[benchmark] loaded 11189 records from /data/home/haoyueli/aws-sdk-java-v2/traces/mixed_holdout.csv

============= Adaptive Range Reader - Policy Sweep =============
label=headroom_b128_block8_depth8_template_auto selector=template_auto reads=11189 warmup=0 iters=1 apps=1 globalCache=128MiB maxFetch=20MiB prefetchBlock=8MiB prefetchDepth=8
remote GETs=9862 remote MiB=33891.68 readAmp=13.7316 cacheHitRate=0.5671 demandClampReads=0
per-prefix metrics:
  tpch             reads= 1309 remoteMiB=  1301.12 amp=4.6097 clamps=0
  taxi             reads=  659 remoteMiB=  3512.22 amp=3.4613 clamps=0
  lastfm           reads= 1216 remoteMiB=     3.05 amp=1.7133 clamps=0
  mm               reads= 2785 remoteMiB= 19110.93 amp=35.2067 clamps=0
  clickbench       reads= 1572 remoteMiB=  9619.00 amp=15.5951 clamps=0
  fmnist           reads= 1216 remoteMiB=   223.07 amp=38.0902 clamps=0
  sift             reads= 1216 remoteMiB=   121.39 amp=40.5011 clamps=0
  emb_real         reads= 1216 remoteMiB=     0.90 amp=0.9756 clamps=0
=================================================================

[benchmark] wrote /data/home/haoyueli/aws-sdk-java-v2/services-custom/s3-adaptive-range-reader/target/s3arr-benchmark (report-*.txt + results-v2.csv)
+ mvn -q -pl services-custom/s3-adaptive-range-reader -Djapicmp.skip=true -Dcheckstyle.skip=true -Dspotbugs.skip=true -Dtest=AdaptiveReaderSystemBenchmark test -Ds3arr.trace=/data/home/haoyueli/aws-sdk-java-v2/traces/mixed_holdout.csv -Ds3arr.label=headroom_b128_block8_depth8_decision_tree -Ds3arr.cacheBudgetMiB=128 -Ds3arr.prefetchBlockMiB=8 -Ds3arr.prefetchDepth=8 -Ds3arr.apps=1 -Ds3arr.warmup=0 -Ds3arr.iters=1 -Ds3arr.selector=decision_tree
[benchmark] loaded 11189 records from /data/home/haoyueli/aws-sdk-java-v2/traces/mixed_holdout.csv

============= Adaptive Range Reader - Policy Sweep =============
label=headroom_b128_block8_depth8_decision_tree selector=decision_tree reads=11189 warmup=0 iters=1 apps=1 globalCache=128MiB maxFetch=20MiB prefetchBlock=8MiB prefetchDepth=8
remote GETs=7782 remote MiB=7591.19 readAmp=3.0756 cacheHitRate=0.5316 demandClampReads=0
per-prefix metrics:
  tpch             reads= 1309 remoteMiB=   118.77 amp=0.4208 clamps=0
  taxi             reads=  659 remoteMiB=  1552.64 amp=1.5301 clamps=0
  lastfm           reads= 1216 remoteMiB=     3.05 amp=1.7133 clamps=0
  mm               reads= 2785 remoteMiB=   484.09 amp=0.8918 clamps=0
  clickbench       reads= 1572 remoteMiB=   641.48 amp=1.0400 clamps=0
  fmnist           reads= 1216 remoteMiB=  4559.87 amp=778.6194 clamps=0
  sift             reads= 1216 remoteMiB=   229.65 amp=76.6201 clamps=0
  emb_real         reads= 1216 remoteMiB=     1.64 amp=1.7763 clamps=0
=================================================================

[benchmark] wrote /data/home/haoyueli/aws-sdk-java-v2/services-custom/s3-adaptive-range-reader/target/s3arr-benchmark (report-*.txt + results-v2.csv)
+ mvn -q -pl services-custom/s3-adaptive-range-reader -Djapicmp.skip=true -Dcheckstyle.skip=true -Dspotbugs.skip=true -Dtest=AdaptiveReaderSystemBenchmark test -Ds3arr.trace=/data/home/haoyueli/aws-sdk-java-v2/traces/mixed_holdout.csv -Ds3arr.label=headroom_b128_block8_depth8_oracle_bytes -Ds3arr.cacheBudgetMiB=128 -Ds3arr.prefetchBlockMiB=8 -Ds3arr.prefetchDepth=8 -Ds3arr.apps=1 -Ds3arr.warmup=0 -Ds3arr.iters=1 -Ds3arr.oracleMap=tpch:template_multimodal,clickbench:template_multimodal,fmnist:s3a_random,sift:template_multimodal,emb_real:s3a_prefetch,lastfm:s3a_prefetch,taxi:template_multimodal,mm:template_multimodal
[benchmark] loaded 11189 records from /data/home/haoyueli/aws-sdk-java-v2/traces/mixed_holdout.csv

============= Adaptive Range Reader - Policy Sweep =============
label=headroom_b128_block8_depth8_oracle_bytes selector=prefix oracle:{tpch=TEMPLATE_MULTIMODAL, clickbench=TEMPLATE_MULTIMODAL, fmnist=S3A_RANDOM, sift=TEMPLATE_MULTIMODAL, emb_real=S3A_PREFETCH, lastfm=S3A_PREFETCH, taxi=TEMPLATE_MULTIMODAL, mm=TEMPLATE_MULTIMODAL} reads=11189 warmup=0 iters=1 apps=1 globalCache=128MiB maxFetch=20MiB prefetchBlock=8MiB prefetchDepth=8
remote GETs=6209 remote MiB=2321.73 readAmp=0.9407 cacheHitRate=0.4451 demandClampReads=0
per-prefix metrics:
  tpch             reads= 1309 remoteMiB=   115.58 amp=0.4095 clamps=0
  taxi             reads=  659 remoteMiB=   971.50 amp=0.9574 clamps=0
  lastfm           reads= 1216 remoteMiB=     3.05 amp=1.7133 clamps=0
  mm               reads= 2785 remoteMiB=   483.16 amp=0.8901 clamps=0
  clickbench       reads= 1572 remoteMiB=   640.79 amp=1.0389 clamps=0
  fmnist           reads= 1216 remoteMiB=    60.60 amp=10.3474 clamps=0
  sift             reads= 1216 remoteMiB=    46.15 amp=15.3991 clamps=0
  emb_real         reads= 1216 remoteMiB=     0.90 amp=0.9756 clamps=0
=================================================================

[benchmark] wrote /data/home/haoyueli/aws-sdk-java-v2/services-custom/s3-adaptive-range-reader/target/s3arr-benchmark (report-*.txt + results-v2.csv)
+ mvn -q -pl services-custom/s3-adaptive-range-reader -Djapicmp.skip=true -Dcheckstyle.skip=true -Dspotbugs.skip=true -Dtest=AdaptiveReaderSystemBenchmark test -Ds3arr.trace=/data/home/haoyueli/aws-sdk-java-v2/traces/mixed_holdout.csv -Ds3arr.label=headroom_b128_block8_depth8_oracle_cost -Ds3arr.cacheBudgetMiB=128 -Ds3arr.prefetchBlockMiB=8 -Ds3arr.prefetchDepth=8 -Ds3arr.apps=1 -Ds3arr.warmup=0 -Ds3arr.iters=1 -Ds3arr.oracleMap=tpch:s3a_random,clickbench:template_multimodal,fmnist:template_multimodal,sift:template_multimodal,emb_real:s3a_prefetch,lastfm:s3a_prefetch,taxi:template_multimodal,mm:template_multimodal
[benchmark] loaded 11189 records from /data/home/haoyueli/aws-sdk-java-v2/traces/mixed_holdout.csv

============= Adaptive Range Reader - Policy Sweep =============
label=headroom_b128_block8_depth8_oracle_cost selector=prefix oracle:{tpch=S3A_RANDOM, clickbench=TEMPLATE_MULTIMODAL, fmnist=TEMPLATE_MULTIMODAL, sift=TEMPLATE_MULTIMODAL, emb_real=S3A_PREFETCH, lastfm=S3A_PREFETCH, taxi=TEMPLATE_MULTIMODAL, mm=TEMPLATE_MULTIMODAL} reads=11189 warmup=0 iters=1 apps=1 globalCache=128MiB maxFetch=20MiB prefetchBlock=8MiB prefetchDepth=8
remote GETs=6144 remote MiB=2326.24 readAmp=0.9425 cacheHitRate=0.4509 demandClampReads=0
per-prefix metrics:
  tpch             reads= 1309 remoteMiB=   117.04 amp=0.4147 clamps=0
  taxi             reads=  659 remoteMiB=   971.50 amp=0.9574 clamps=0
  lastfm           reads= 1216 remoteMiB=     3.05 amp=1.7133 clamps=0
  mm               reads= 2785 remoteMiB=   483.16 amp=0.8901 clamps=0
  clickbench       reads= 1572 remoteMiB=   640.79 amp=1.0389 clamps=0
  fmnist           reads= 1216 remoteMiB=    63.63 amp=10.8658 clamps=0
  sift             reads= 1216 remoteMiB=    46.15 amp=15.3991 clamps=0
  emb_real         reads= 1216 remoteMiB=     0.90 amp=0.9756 clamps=0
=================================================================

[benchmark] wrote /data/home/haoyueli/aws-sdk-java-v2/services-custom/s3-adaptive-range-reader/target/s3arr-benchmark (report-*.txt + results-v2.csv)
+ mvn -q -pl services-custom/s3-adaptive-range-reader -Djapicmp.skip=true -Dcheckstyle.skip=true -Dspotbugs.skip=true -Dtest=AdaptiveReaderSystemBenchmark test -Ds3arr.trace=/data/home/haoyueli/aws-sdk-java-v2/traces/mixed_holdout.csv -Ds3arr.label=headroom_b256_block1_depth0_passthrough -Ds3arr.cacheBudgetMiB=256 -Ds3arr.prefetchBlockMiB=1 -Ds3arr.prefetchDepth=0 -Ds3arr.apps=1 -Ds3arr.warmup=0 -Ds3arr.iters=1 -Ds3arr.selector=passthrough
[benchmark] loaded 11189 records from /data/home/haoyueli/aws-sdk-java-v2/traces/mixed_holdout.csv

============= Adaptive Range Reader - Policy Sweep =============
label=headroom_b256_block1_depth0_passthrough selector=passthrough reads=11189 warmup=0 iters=1 apps=1 globalCache=256MiB maxFetch=8MiB prefetchBlock=1MiB prefetchDepth=0
remote GETs=11189 remote MiB=2468.16 readAmp=1.0000 cacheHitRate=0.0000 demandClampReads=0
per-prefix metrics:
  tpch             reads= 1309 remoteMiB=   282.26 amp=1.0000 clamps=0
  taxi             reads=  659 remoteMiB=  1014.73 amp=1.0000 clamps=0
  lastfm           reads= 1216 remoteMiB=     1.78 amp=1.0000 clamps=0
  mm               reads= 2785 remoteMiB=   542.82 amp=1.0000 clamps=0
  clickbench       reads= 1572 remoteMiB=   616.79 amp=1.0000 clamps=0
  fmnist           reads= 1216 remoteMiB=     5.86 amp=1.0000 clamps=0
  sift             reads= 1216 remoteMiB=     3.00 amp=1.0000 clamps=0
  emb_real         reads= 1216 remoteMiB=     0.92 amp=1.0000 clamps=0
=================================================================

[benchmark] wrote /data/home/haoyueli/aws-sdk-java-v2/services-custom/s3-adaptive-range-reader/target/s3arr-benchmark (report-*.txt + results-v2.csv)
+ mvn -q -pl services-custom/s3-adaptive-range-reader -Djapicmp.skip=true -Dcheckstyle.skip=true -Dspotbugs.skip=true -Dtest=AdaptiveReaderSystemBenchmark test -Ds3arr.trace=/data/home/haoyueli/aws-sdk-java-v2/traces/mixed_holdout.csv -Ds3arr.label=headroom_b256_block1_depth0_forced_s3a_random -Ds3arr.cacheBudgetMiB=256 -Ds3arr.prefetchBlockMiB=1 -Ds3arr.prefetchDepth=0 -Ds3arr.apps=1 -Ds3arr.warmup=0 -Ds3arr.iters=1 -Ds3arr.forcePolicy=s3a_random
[benchmark] loaded 11189 records from /data/home/haoyueli/aws-sdk-java-v2/traces/mixed_holdout.csv

============= Adaptive Range Reader - Policy Sweep =============
label=headroom_b256_block1_depth0_forced_s3a_random selector=fixed:s3a_random reads=11189 warmup=0 iters=1 apps=1 globalCache=256MiB maxFetch=8MiB prefetchBlock=1MiB prefetchDepth=0
remote GETs=5965 remote MiB=2069.95 readAmp=0.8387 cacheHitRate=0.4669 demandClampReads=0
per-prefix metrics:
  tpch             reads= 1309 remoteMiB=   117.04 amp=0.4147 clamps=0
  taxi             reads=  659 remoteMiB=   764.38 amp=0.7533 clamps=0
  lastfm           reads= 1216 remoteMiB=     5.23 amp=2.9365 clamps=0
  mm               reads= 2785 remoteMiB=   431.97 amp=0.7958 clamps=0
  clickbench       reads= 1572 remoteMiB=   641.65 amp=1.0403 clamps=0
  fmnist           reads= 1216 remoteMiB=    60.60 amp=10.3474 clamps=0
  sift             reads= 1216 remoteMiB=    47.40 amp=15.8137 clamps=0
  emb_real         reads= 1216 remoteMiB=     1.68 amp=1.8145 clamps=0
=================================================================

[benchmark] wrote /data/home/haoyueli/aws-sdk-java-v2/services-custom/s3-adaptive-range-reader/target/s3arr-benchmark (report-*.txt + results-v2.csv)
+ mvn -q -pl services-custom/s3-adaptive-range-reader -Djapicmp.skip=true -Dcheckstyle.skip=true -Dspotbugs.skip=true -Dtest=AdaptiveReaderSystemBenchmark test -Ds3arr.trace=/data/home/haoyueli/aws-sdk-java-v2/traces/mixed_holdout.csv -Ds3arr.label=headroom_b256_block1_depth0_forced_template_locality -Ds3arr.cacheBudgetMiB=256 -Ds3arr.prefetchBlockMiB=1 -Ds3arr.prefetchDepth=0 -Ds3arr.apps=1 -Ds3arr.warmup=0 -Ds3arr.iters=1 -Ds3arr.forcePolicy=template_locality
[benchmark] loaded 11189 records from /data/home/haoyueli/aws-sdk-java-v2/traces/mixed_holdout.csv

============= Adaptive Range Reader - Policy Sweep =============
label=headroom_b256_block1_depth0_forced_template_locality selector=fixed:template_locality reads=11189 warmup=0 iters=1 apps=1 globalCache=256MiB maxFetch=8MiB prefetchBlock=1MiB prefetchDepth=0
remote GETs=5643 remote MiB=2338.25 readAmp=0.9474 cacheHitRate=0.4957 demandClampReads=0
per-prefix metrics:
  tpch             reads= 1309 remoteMiB=   142.78 amp=0.5059 clamps=0
  taxi             reads=  659 remoteMiB=   818.88 amp=0.8070 clamps=0
  lastfm           reads= 1216 remoteMiB=     3.73 amp=2.0941 clamps=0
  mm               reads= 2785 remoteMiB=   526.18 amp=0.9693 clamps=0
  clickbench       reads= 1572 remoteMiB=   677.49 amp=1.0984 clamps=0
  fmnist           reads= 1216 remoteMiB=   105.01 amp=17.9318 clamps=0
  sift             reads= 1216 remoteMiB=    63.06 amp=21.0395 clamps=0
  emb_real         reads= 1216 remoteMiB=     1.12 amp=1.2063 clamps=0
=================================================================

[benchmark] wrote /data/home/haoyueli/aws-sdk-java-v2/services-custom/s3-adaptive-range-reader/target/s3arr-benchmark (report-*.txt + results-v2.csv)
+ mvn -q -pl services-custom/s3-adaptive-range-reader -Djapicmp.skip=true -Dcheckstyle.skip=true -Dspotbugs.skip=true -Dtest=AdaptiveReaderSystemBenchmark test -Ds3arr.trace=/data/home/haoyueli/aws-sdk-java-v2/traces/mixed_holdout.csv -Ds3arr.label=headroom_b256_block1_depth0_forced_s3a_prefetch -Ds3arr.cacheBudgetMiB=256 -Ds3arr.prefetchBlockMiB=1 -Ds3arr.prefetchDepth=0 -Ds3arr.apps=1 -Ds3arr.warmup=0 -Ds3arr.iters=1 -Ds3arr.forcePolicy=s3a_prefetch
[benchmark] loaded 11189 records from /data/home/haoyueli/aws-sdk-java-v2/traces/mixed_holdout.csv

============= Adaptive Range Reader - Policy Sweep =============
label=headroom_b256_block1_depth0_forced_s3a_prefetch selector=fixed:s3a_prefetch reads=11189 warmup=0 iters=1 apps=1 globalCache=256MiB maxFetch=8MiB prefetchBlock=1MiB prefetchDepth=0
remote GETs=4176 remote MiB=5299.43 readAmp=2.1471 cacheHitRate=0.6268 demandClampReads=0
per-prefix metrics:
  tpch             reads= 1309 remoteMiB=   296.43 amp=1.0502 clamps=0
  taxi             reads=  659 remoteMiB=  1209.37 amp=1.1918 clamps=0
  lastfm           reads= 1216 remoteMiB=     3.05 amp=1.7133 clamps=0
  mm               reads= 2785 remoteMiB=  1443.77 amp=2.6598 clamps=0
  clickbench       reads= 1572 remoteMiB=  1801.93 amp=2.9214 clamps=0
  fmnist           reads= 1216 remoteMiB=   184.09 amp=31.4345 clamps=0
  sift             reads= 1216 remoteMiB=   359.89 amp=120.0717 clamps=0
  emb_real         reads= 1216 remoteMiB=     0.90 amp=0.9756 clamps=0
=================================================================

[benchmark] wrote /data/home/haoyueli/aws-sdk-java-v2/services-custom/s3-adaptive-range-reader/target/s3arr-benchmark (report-*.txt + results-v2.csv)
+ mvn -q -pl services-custom/s3-adaptive-range-reader -Djapicmp.skip=true -Dcheckstyle.skip=true -Dspotbugs.skip=true -Dtest=AdaptiveReaderSystemBenchmark test -Ds3arr.trace=/data/home/haoyueli/aws-sdk-java-v2/traces/mixed_holdout.csv -Ds3arr.label=headroom_b256_block1_depth0_forced_template_multimodal -Ds3arr.cacheBudgetMiB=256 -Ds3arr.prefetchBlockMiB=1 -Ds3arr.prefetchDepth=0 -Ds3arr.apps=1 -Ds3arr.warmup=0 -Ds3arr.iters=1 -Ds3arr.forcePolicy=template_multimodal
[benchmark] loaded 11189 records from /data/home/haoyueli/aws-sdk-java-v2/traces/mixed_holdout.csv

============= Adaptive Range Reader - Policy Sweep =============
label=headroom_b256_block1_depth0_forced_template_multimodal selector=fixed:template_multimodal reads=11189 warmup=0 iters=1 apps=1 globalCache=256MiB maxFetch=8MiB prefetchBlock=1MiB prefetchDepth=0
remote GETs=5898 remote MiB=2062.02 readAmp=0.8355 cacheHitRate=0.4729 demandClampReads=0
per-prefix metrics:
  tpch             reads= 1309 remoteMiB=   115.58 amp=0.4095 clamps=0
  taxi             reads=  659 remoteMiB=   763.98 amp=0.7529 clamps=0
  lastfm           reads= 1216 remoteMiB=     3.17 amp=1.7782 clamps=0
  mm               reads= 2785 remoteMiB=   427.73 amp=0.7880 clamps=0
  clickbench       reads= 1572 remoteMiB=   640.79 amp=1.0389 clamps=0
  fmnist           reads= 1216 remoteMiB=    63.63 amp=10.8658 clamps=0
  sift             reads= 1216 remoteMiB=    46.15 amp=15.3991 clamps=0
  emb_real         reads= 1216 remoteMiB=     0.99 amp=1.0711 clamps=0
=================================================================

[benchmark] wrote /data/home/haoyueli/aws-sdk-java-v2/services-custom/s3-adaptive-range-reader/target/s3arr-benchmark (report-*.txt + results-v2.csv)
+ mvn -q -pl services-custom/s3-adaptive-range-reader -Djapicmp.skip=true -Dcheckstyle.skip=true -Dspotbugs.skip=true -Dtest=AdaptiveReaderSystemBenchmark test -Ds3arr.trace=/data/home/haoyueli/aws-sdk-java-v2/traces/mixed_holdout.csv -Ds3arr.label=headroom_b256_block1_depth0_template_auto -Ds3arr.cacheBudgetMiB=256 -Ds3arr.prefetchBlockMiB=1 -Ds3arr.prefetchDepth=0 -Ds3arr.apps=1 -Ds3arr.warmup=0 -Ds3arr.iters=1 -Ds3arr.selector=template_auto
[benchmark] loaded 11189 records from /data/home/haoyueli/aws-sdk-java-v2/traces/mixed_holdout.csv

============= Adaptive Range Reader - Policy Sweep =============
label=headroom_b256_block1_depth0_template_auto selector=template_auto reads=11189 warmup=0 iters=1 apps=1 globalCache=256MiB maxFetch=8MiB prefetchBlock=1MiB prefetchDepth=0
remote GETs=5360 remote MiB=2701.18 readAmp=1.0944 cacheHitRate=0.5210 demandClampReads=0
per-prefix metrics:
  tpch             reads= 1309 remoteMiB=   177.82 amp=0.6300 clamps=0
  taxi             reads=  659 remoteMiB=   989.21 amp=0.9749 clamps=0
  lastfm           reads= 1216 remoteMiB=     3.80 amp=2.1345 clamps=0
  mm               reads= 2785 remoteMiB=   644.90 amp=1.1881 clamps=0
  clickbench       reads= 1572 remoteMiB=   753.47 amp=1.2216 clamps=0
  fmnist           reads= 1216 remoteMiB=    78.46 amp=13.3966 clamps=0
  sift             reads= 1216 remoteMiB=    52.62 amp=17.5572 clamps=0
  emb_real         reads= 1216 remoteMiB=     0.90 amp=0.9756 clamps=0
=================================================================

[benchmark] wrote /data/home/haoyueli/aws-sdk-java-v2/services-custom/s3-adaptive-range-reader/target/s3arr-benchmark (report-*.txt + results-v2.csv)
+ mvn -q -pl services-custom/s3-adaptive-range-reader -Djapicmp.skip=true -Dcheckstyle.skip=true -Dspotbugs.skip=true -Dtest=AdaptiveReaderSystemBenchmark test -Ds3arr.trace=/data/home/haoyueli/aws-sdk-java-v2/traces/mixed_holdout.csv -Ds3arr.label=headroom_b256_block1_depth0_decision_tree -Ds3arr.cacheBudgetMiB=256 -Ds3arr.prefetchBlockMiB=1 -Ds3arr.prefetchDepth=0 -Ds3arr.apps=1 -Ds3arr.warmup=0 -Ds3arr.iters=1 -Ds3arr.selector=decision_tree
[benchmark] loaded 11189 records from /data/home/haoyueli/aws-sdk-java-v2/traces/mixed_holdout.csv

============= Adaptive Range Reader - Policy Sweep =============
label=headroom_b256_block1_depth0_decision_tree selector=decision_tree reads=11189 warmup=0 iters=1 apps=1 globalCache=256MiB maxFetch=8MiB prefetchBlock=1MiB prefetchDepth=0
remote GETs=5042 remote MiB=2262.61 readAmp=0.9167 cacheHitRate=0.5494 demandClampReads=0
per-prefix metrics:
  tpch             reads= 1309 remoteMiB=   117.46 amp=0.4161 clamps=0
  taxi             reads=  659 remoteMiB=   824.06 amp=0.8121 clamps=0
  lastfm           reads= 1216 remoteMiB=     3.49 amp=1.9590 clamps=0
  mm               reads= 2785 remoteMiB=   427.92 amp=0.7883 clamps=0
  clickbench       reads= 1572 remoteMiB=   641.48 amp=1.0400 clamps=0
  fmnist           reads= 1216 remoteMiB=   183.23 amp=31.2872 clamps=0
  sift             reads= 1216 remoteMiB=    63.34 amp=21.1312 clamps=0
  emb_real         reads= 1216 remoteMiB=     1.64 amp=1.7763 clamps=0
=================================================================

[benchmark] wrote /data/home/haoyueli/aws-sdk-java-v2/services-custom/s3-adaptive-range-reader/target/s3arr-benchmark (report-*.txt + results-v2.csv)
+ mvn -q -pl services-custom/s3-adaptive-range-reader -Djapicmp.skip=true -Dcheckstyle.skip=true -Dspotbugs.skip=true -Dtest=AdaptiveReaderSystemBenchmark test -Ds3arr.trace=/data/home/haoyueli/aws-sdk-java-v2/traces/mixed_holdout.csv -Ds3arr.label=headroom_b256_block1_depth0_oracle_bytes -Ds3arr.cacheBudgetMiB=256 -Ds3arr.prefetchBlockMiB=1 -Ds3arr.prefetchDepth=0 -Ds3arr.apps=1 -Ds3arr.warmup=0 -Ds3arr.iters=1 -Ds3arr.oracleMap=tpch:template_multimodal,clickbench:template_multimodal,fmnist:s3a_random,sift:template_multimodal,emb_real:s3a_prefetch,lastfm:s3a_prefetch,taxi:template_multimodal,mm:template_multimodal
[benchmark] loaded 11189 records from /data/home/haoyueli/aws-sdk-java-v2/traces/mixed_holdout.csv

============= Adaptive Range Reader - Policy Sweep =============
label=headroom_b256_block1_depth0_oracle_bytes selector=prefix oracle:{tpch=TEMPLATE_MULTIMODAL, clickbench=TEMPLATE_MULTIMODAL, fmnist=S3A_RANDOM, sift=TEMPLATE_MULTIMODAL, emb_real=S3A_PREFETCH, lastfm=S3A_PREFETCH, taxi=TEMPLATE_MULTIMODAL, mm=TEMPLATE_MULTIMODAL} reads=11189 warmup=0 iters=1 apps=1 globalCache=256MiB maxFetch=8MiB prefetchBlock=1MiB prefetchDepth=0
remote GETs=5861 remote MiB=2058.78 readAmp=0.8341 cacheHitRate=0.4762 demandClampReads=0
per-prefix metrics:
  tpch             reads= 1309 remoteMiB=   115.58 amp=0.4095 clamps=0
  taxi             reads=  659 remoteMiB=   763.98 amp=0.7529 clamps=0
  lastfm           reads= 1216 remoteMiB=     3.05 amp=1.7133 clamps=0
  mm               reads= 2785 remoteMiB=   427.73 amp=0.7880 clamps=0
  clickbench       reads= 1572 remoteMiB=   640.79 amp=1.0389 clamps=0
  fmnist           reads= 1216 remoteMiB=    60.60 amp=10.3474 clamps=0
  sift             reads= 1216 remoteMiB=    46.15 amp=15.3991 clamps=0
  emb_real         reads= 1216 remoteMiB=     0.90 amp=0.9756 clamps=0
=================================================================

[benchmark] wrote /data/home/haoyueli/aws-sdk-java-v2/services-custom/s3-adaptive-range-reader/target/s3arr-benchmark (report-*.txt + results-v2.csv)
+ mvn -q -pl services-custom/s3-adaptive-range-reader -Djapicmp.skip=true -Dcheckstyle.skip=true -Dspotbugs.skip=true -Dtest=AdaptiveReaderSystemBenchmark test -Ds3arr.trace=/data/home/haoyueli/aws-sdk-java-v2/traces/mixed_holdout.csv -Ds3arr.label=headroom_b256_block1_depth0_oracle_cost -Ds3arr.cacheBudgetMiB=256 -Ds3arr.prefetchBlockMiB=1 -Ds3arr.prefetchDepth=0 -Ds3arr.apps=1 -Ds3arr.warmup=0 -Ds3arr.iters=1 -Ds3arr.oracleMap=tpch:s3a_prefetch,clickbench:template_locality,fmnist:s3a_prefetch,sift:s3a_prefetch,emb_real:s3a_prefetch,lastfm:s3a_prefetch,taxi:template_multimodal,mm:s3a_prefetch
[benchmark] loaded 11189 records from /data/home/haoyueli/aws-sdk-java-v2/traces/mixed_holdout.csv

============= Adaptive Range Reader - Policy Sweep =============
label=headroom_b256_block1_depth0_oracle_cost selector=prefix oracle:{tpch=S3A_PREFETCH, clickbench=TEMPLATE_LOCALITY, fmnist=S3A_PREFETCH, sift=S3A_PREFETCH, emb_real=S3A_PREFETCH, lastfm=S3A_PREFETCH, taxi=TEMPLATE_MULTIMODAL, mm=S3A_PREFETCH} reads=11189 warmup=0 iters=1 apps=1 globalCache=256MiB maxFetch=8MiB prefetchBlock=1MiB prefetchDepth=0
remote GETs=4017 remote MiB=3729.60 readAmp=1.5111 cacheHitRate=0.6410 demandClampReads=0
per-prefix metrics:
  tpch             reads= 1309 remoteMiB=   296.43 amp=1.0502 clamps=0
  taxi             reads=  659 remoteMiB=   763.98 amp=0.7529 clamps=0
  lastfm           reads= 1216 remoteMiB=     3.05 amp=1.7133 clamps=0
  mm               reads= 2785 remoteMiB=  1443.77 amp=2.6598 clamps=0
  clickbench       reads= 1572 remoteMiB=   677.49 amp=1.0984 clamps=0
  fmnist           reads= 1216 remoteMiB=   184.09 amp=31.4345 clamps=0
  sift             reads= 1216 remoteMiB=   359.89 amp=120.0717 clamps=0
  emb_real         reads= 1216 remoteMiB=     0.90 amp=0.9756 clamps=0
=================================================================

[benchmark] wrote /data/home/haoyueli/aws-sdk-java-v2/services-custom/s3-adaptive-range-reader/target/s3arr-benchmark (report-*.txt + results-v2.csv)
+ mvn -q -pl services-custom/s3-adaptive-range-reader -Djapicmp.skip=true -Dcheckstyle.skip=true -Dspotbugs.skip=true -Dtest=AdaptiveReaderSystemBenchmark test -Ds3arr.trace=/data/home/haoyueli/aws-sdk-java-v2/traces/mixed_holdout.csv -Ds3arr.label=headroom_b256_block1_depth1_forced_template_locality -Ds3arr.cacheBudgetMiB=256 -Ds3arr.prefetchBlockMiB=1 -Ds3arr.prefetchDepth=1 -Ds3arr.apps=1 -Ds3arr.warmup=0 -Ds3arr.iters=1 -Ds3arr.forcePolicy=template_locality
[benchmark] loaded 11189 records from /data/home/haoyueli/aws-sdk-java-v2/traces/mixed_holdout.csv

============= Adaptive Range Reader - Policy Sweep =============
label=headroom_b256_block1_depth1_forced_template_locality selector=fixed:template_locality reads=11189 warmup=0 iters=1 apps=1 globalCache=256MiB maxFetch=8MiB prefetchBlock=1MiB prefetchDepth=1
remote GETs=6918 remote MiB=2690.52 readAmp=1.0901 cacheHitRate=0.5111 demandClampReads=0
per-prefix metrics:
  tpch             reads= 1309 remoteMiB=   180.80 amp=0.6406 clamps=0
  taxi             reads=  659 remoteMiB=   859.88 amp=0.8474 clamps=0
  lastfm           reads= 1216 remoteMiB=     3.54 amp=1.9888 clamps=0
  mm               reads= 2785 remoteMiB=   657.21 amp=1.2107 clamps=0
  clickbench       reads= 1572 remoteMiB=   748.24 amp=1.2131 clamps=0
  fmnist           reads= 1216 remoteMiB=   150.08 amp=25.6264 clamps=0
  sift             reads= 1216 remoteMiB=    89.56 amp=29.8810 clamps=0
  emb_real         reads= 1216 remoteMiB=     1.21 amp=1.3033 clamps=0
=================================================================

[benchmark] wrote /data/home/haoyueli/aws-sdk-java-v2/services-custom/s3-adaptive-range-reader/target/s3arr-benchmark (report-*.txt + results-v2.csv)
+ mvn -q -pl services-custom/s3-adaptive-range-reader -Djapicmp.skip=true -Dcheckstyle.skip=true -Dspotbugs.skip=true -Dtest=AdaptiveReaderSystemBenchmark test -Ds3arr.trace=/data/home/haoyueli/aws-sdk-java-v2/traces/mixed_holdout.csv -Ds3arr.label=headroom_b256_block1_depth1_forced_s3a_prefetch -Ds3arr.cacheBudgetMiB=256 -Ds3arr.prefetchBlockMiB=1 -Ds3arr.prefetchDepth=1 -Ds3arr.apps=1 -Ds3arr.warmup=0 -Ds3arr.iters=1 -Ds3arr.forcePolicy=s3a_prefetch
[benchmark] loaded 11189 records from /data/home/haoyueli/aws-sdk-java-v2/traces/mixed_holdout.csv

============= Adaptive Range Reader - Policy Sweep =============
label=headroom_b256_block1_depth1_forced_s3a_prefetch selector=fixed:s3a_prefetch reads=11189 warmup=0 iters=1 apps=1 globalCache=256MiB maxFetch=8MiB prefetchBlock=1MiB prefetchDepth=1
remote GETs=7220 remote MiB=8374.78 readAmp=3.3931 cacheHitRate=0.6410 demandClampReads=0
per-prefix metrics:
  tpch             reads= 1309 remoteMiB=   432.67 amp=1.5329 clamps=0
  taxi             reads=  659 remoteMiB=  1489.62 amp=1.4680 clamps=0
  lastfm           reads= 1216 remoteMiB=     3.05 amp=1.7133 clamps=0
  mm               reads= 2785 remoteMiB=  2576.64 amp=4.7468 clamps=0
  clickbench       reads= 1572 remoteMiB=  3104.93 amp=5.0340 clamps=0
  fmnist           reads= 1216 remoteMiB=   184.09 amp=31.4345 clamps=0
  sift             reads= 1216 remoteMiB=   582.89 amp=194.4731 clamps=0
  emb_real         reads= 1216 remoteMiB=     0.90 amp=0.9756 clamps=0
=================================================================

[benchmark] wrote /data/home/haoyueli/aws-sdk-java-v2/services-custom/s3-adaptive-range-reader/target/s3arr-benchmark (report-*.txt + results-v2.csv)
+ mvn -q -pl services-custom/s3-adaptive-range-reader -Djapicmp.skip=true -Dcheckstyle.skip=true -Dspotbugs.skip=true -Dtest=AdaptiveReaderSystemBenchmark test -Ds3arr.trace=/data/home/haoyueli/aws-sdk-java-v2/traces/mixed_holdout.csv -Ds3arr.label=headroom_b256_block1_depth1_template_auto -Ds3arr.cacheBudgetMiB=256 -Ds3arr.prefetchBlockMiB=1 -Ds3arr.prefetchDepth=1 -Ds3arr.apps=1 -Ds3arr.warmup=0 -Ds3arr.iters=1 -Ds3arr.selector=template_auto
[benchmark] loaded 11189 records from /data/home/haoyueli/aws-sdk-java-v2/traces/mixed_holdout.csv

============= Adaptive Range Reader - Policy Sweep =============
label=headroom_b256_block1_depth1_template_auto selector=template_auto reads=11189 warmup=0 iters=1 apps=1 globalCache=256MiB maxFetch=8MiB prefetchBlock=1MiB prefetchDepth=1
remote GETs=6016 remote MiB=3373.23 readAmp=1.3667 cacheHitRate=0.5398 demandClampReads=0
per-prefix metrics:
  tpch             reads= 1309 remoteMiB=   231.09 amp=0.8187 clamps=0
  taxi             reads=  659 remoteMiB=  1210.89 amp=1.1933 clamps=0
  lastfm           reads= 1216 remoteMiB=     3.49 amp=1.9590 clamps=0
  mm               reads= 2785 remoteMiB=   869.12 amp=1.6011 clamps=0
  clickbench       reads= 1572 remoteMiB=   887.90 amp=1.4395 clamps=0
  fmnist           reads= 1216 remoteMiB=   107.21 amp=18.3058 clamps=0
  sift             reads= 1216 remoteMiB=    62.62 amp=20.8936 clamps=0
  emb_real         reads= 1216 remoteMiB=     0.90 amp=0.9756 clamps=0
=================================================================

[benchmark] wrote /data/home/haoyueli/aws-sdk-java-v2/services-custom/s3-adaptive-range-reader/target/s3arr-benchmark (report-*.txt + results-v2.csv)
+ mvn -q -pl services-custom/s3-adaptive-range-reader -Djapicmp.skip=true -Dcheckstyle.skip=true -Dspotbugs.skip=true -Dtest=AdaptiveReaderSystemBenchmark test -Ds3arr.trace=/data/home/haoyueli/aws-sdk-java-v2/traces/mixed_holdout.csv -Ds3arr.label=headroom_b256_block1_depth1_decision_tree -Ds3arr.cacheBudgetMiB=256 -Ds3arr.prefetchBlockMiB=1 -Ds3arr.prefetchDepth=1 -Ds3arr.apps=1 -Ds3arr.warmup=0 -Ds3arr.iters=1 -Ds3arr.selector=decision_tree
[benchmark] loaded 11189 records from /data/home/haoyueli/aws-sdk-java-v2/traces/mixed_holdout.csv

============= Adaptive Range Reader - Policy Sweep =============
label=headroom_b256_block1_depth1_decision_tree selector=decision_tree reads=11189 warmup=0 iters=1 apps=1 globalCache=256MiB maxFetch=8MiB prefetchBlock=1MiB prefetchDepth=1
remote GETs=5297 remote MiB=2351.48 readAmp=0.9527 cacheHitRate=0.5592 demandClampReads=0
per-prefix metrics:
  tpch             reads= 1309 remoteMiB=   117.46 amp=0.4161 clamps=0
  taxi             reads=  659 remoteMiB=   888.18 amp=0.8753 clamps=0
  lastfm           reads= 1216 remoteMiB=     3.49 amp=1.9590 clamps=0
  mm               reads= 2785 remoteMiB=   428.17 amp=0.7888 clamps=0
  clickbench       reads= 1572 remoteMiB=   641.48 amp=1.0400 clamps=0
  fmnist           reads= 1216 remoteMiB=   183.23 amp=31.2872 clamps=0
  sift             reads= 1216 remoteMiB=    87.84 amp=29.3053 clamps=0
  emb_real         reads= 1216 remoteMiB=     1.64 amp=1.7763 clamps=0
=================================================================

[benchmark] wrote /data/home/haoyueli/aws-sdk-java-v2/services-custom/s3-adaptive-range-reader/target/s3arr-benchmark (report-*.txt + results-v2.csv)
+ mvn -q -pl services-custom/s3-adaptive-range-reader -Djapicmp.skip=true -Dcheckstyle.skip=true -Dspotbugs.skip=true -Dtest=AdaptiveReaderSystemBenchmark test -Ds3arr.trace=/data/home/haoyueli/aws-sdk-java-v2/traces/mixed_holdout.csv -Ds3arr.label=headroom_b256_block1_depth1_oracle_bytes -Ds3arr.cacheBudgetMiB=256 -Ds3arr.prefetchBlockMiB=1 -Ds3arr.prefetchDepth=1 -Ds3arr.apps=1 -Ds3arr.warmup=0 -Ds3arr.iters=1 -Ds3arr.oracleMap=tpch:template_multimodal,clickbench:template_multimodal,fmnist:s3a_random,sift:template_multimodal,emb_real:s3a_prefetch,lastfm:s3a_prefetch,taxi:template_multimodal,mm:template_multimodal
[benchmark] loaded 11189 records from /data/home/haoyueli/aws-sdk-java-v2/traces/mixed_holdout.csv

============= Adaptive Range Reader - Policy Sweep =============
label=headroom_b256_block1_depth1_oracle_bytes selector=prefix oracle:{tpch=TEMPLATE_MULTIMODAL, clickbench=TEMPLATE_MULTIMODAL, fmnist=S3A_RANDOM, sift=TEMPLATE_MULTIMODAL, emb_real=S3A_PREFETCH, lastfm=S3A_PREFETCH, taxi=TEMPLATE_MULTIMODAL, mm=TEMPLATE_MULTIMODAL} reads=11189 warmup=0 iters=1 apps=1 globalCache=256MiB maxFetch=8MiB prefetchBlock=1MiB prefetchDepth=1
remote GETs=5861 remote MiB=2058.78 readAmp=0.8341 cacheHitRate=0.4763 demandClampReads=0
per-prefix metrics:
  tpch             reads= 1309 remoteMiB=   115.58 amp=0.4095 clamps=0
  taxi             reads=  659 remoteMiB=   763.98 amp=0.7529 clamps=0
  lastfm           reads= 1216 remoteMiB=     3.05 amp=1.7133 clamps=0
  mm               reads= 2785 remoteMiB=   427.73 amp=0.7880 clamps=0
  clickbench       reads= 1572 remoteMiB=   640.79 amp=1.0389 clamps=0
  fmnist           reads= 1216 remoteMiB=    60.60 amp=10.3474 clamps=0
  sift             reads= 1216 remoteMiB=    46.15 amp=15.3991 clamps=0
  emb_real         reads= 1216 remoteMiB=     0.90 amp=0.9756 clamps=0
=================================================================

[benchmark] wrote /data/home/haoyueli/aws-sdk-java-v2/services-custom/s3-adaptive-range-reader/target/s3arr-benchmark (report-*.txt + results-v2.csv)
+ mvn -q -pl services-custom/s3-adaptive-range-reader -Djapicmp.skip=true -Dcheckstyle.skip=true -Dspotbugs.skip=true -Dtest=AdaptiveReaderSystemBenchmark test -Ds3arr.trace=/data/home/haoyueli/aws-sdk-java-v2/traces/mixed_holdout.csv -Ds3arr.label=headroom_b256_block1_depth1_oracle_cost -Ds3arr.cacheBudgetMiB=256 -Ds3arr.prefetchBlockMiB=1 -Ds3arr.prefetchDepth=1 -Ds3arr.apps=1 -Ds3arr.warmup=0 -Ds3arr.iters=1 -Ds3arr.oracleMap=tpch:s3a_prefetch,clickbench:template_multimodal,fmnist:s3a_prefetch,sift:s3a_prefetch,emb_real:s3a_prefetch,lastfm:s3a_prefetch,taxi:template_multimodal,mm:template_multimodal
[benchmark] loaded 11189 records from /data/home/haoyueli/aws-sdk-java-v2/traces/mixed_holdout.csv

============= Adaptive Range Reader - Policy Sweep =============
label=headroom_b256_block1_depth1_oracle_cost selector=prefix oracle:{tpch=S3A_PREFETCH, clickbench=TEMPLATE_MULTIMODAL, fmnist=S3A_PREFETCH, sift=S3A_PREFETCH, emb_real=S3A_PREFETCH, lastfm=S3A_PREFETCH, taxi=TEMPLATE_MULTIMODAL, mm=TEMPLATE_MULTIMODAL} reads=11189 warmup=0 iters=1 apps=1 globalCache=256MiB maxFetch=8MiB prefetchBlock=1MiB prefetchDepth=1
remote GETs=4728 remote MiB=3036.09 readAmp=1.2301 cacheHitRate=0.6211 demandClampReads=0
per-prefix metrics:
  tpch             reads= 1309 remoteMiB=   432.67 amp=1.5329 clamps=0
  taxi             reads=  659 remoteMiB=   763.98 amp=0.7529 clamps=0
  lastfm           reads= 1216 remoteMiB=     3.05 amp=1.7133 clamps=0
  mm               reads= 2785 remoteMiB=   427.73 amp=0.7880 clamps=0
  clickbench       reads= 1572 remoteMiB=   640.79 amp=1.0389 clamps=0
  fmnist           reads= 1216 remoteMiB=   184.09 amp=31.4345 clamps=0
  sift             reads= 1216 remoteMiB=   582.89 amp=194.4731 clamps=0
  emb_real         reads= 1216 remoteMiB=     0.90 amp=0.9756 clamps=0
=================================================================

[benchmark] wrote /data/home/haoyueli/aws-sdk-java-v2/services-custom/s3-adaptive-range-reader/target/s3arr-benchmark (report-*.txt + results-v2.csv)
+ mvn -q -pl services-custom/s3-adaptive-range-reader -Djapicmp.skip=true -Dcheckstyle.skip=true -Dspotbugs.skip=true -Dtest=AdaptiveReaderSystemBenchmark test -Ds3arr.trace=/data/home/haoyueli/aws-sdk-java-v2/traces/mixed_holdout.csv -Ds3arr.label=headroom_b256_block4_depth4_forced_template_locality -Ds3arr.cacheBudgetMiB=256 -Ds3arr.prefetchBlockMiB=4 -Ds3arr.prefetchDepth=4 -Ds3arr.apps=1 -Ds3arr.warmup=0 -Ds3arr.iters=1 -Ds3arr.forcePolicy=template_locality
[benchmark] loaded 11189 records from /data/home/haoyueli/aws-sdk-java-v2/traces/mixed_holdout.csv

============= Adaptive Range Reader - Policy Sweep =============
label=headroom_b256_block4_depth4_forced_template_locality selector=fixed:template_locality reads=11189 warmup=0 iters=1 apps=1 globalCache=256MiB maxFetch=12MiB prefetchBlock=4MiB prefetchDepth=4
remote GETs=10786 remote MiB=3755.46 readAmp=1.5216 cacheHitRate=0.5238 demandClampReads=0
per-prefix metrics:
  tpch             reads= 1309 remoteMiB=   281.47 amp=0.9972 clamps=0
  taxi             reads=  659 remoteMiB=  1043.32 amp=1.0282 clamps=0
  lastfm           reads= 1216 remoteMiB=     3.35 amp=1.8835 clamps=0
  mm               reads= 2785 remoteMiB=  1084.81 amp=1.9985 clamps=0
  clickbench       reads= 1572 remoteMiB=   986.74 amp=1.5998 clamps=0
  fmnist           reads= 1216 remoteMiB=   197.19 amp=33.6714 clamps=0
  sift             reads= 1216 remoteMiB=   157.38 amp=52.5065 clamps=0
  emb_real         reads= 1216 remoteMiB=     1.21 amp=1.3033 clamps=0
=================================================================

[benchmark] wrote /data/home/haoyueli/aws-sdk-java-v2/services-custom/s3-adaptive-range-reader/target/s3arr-benchmark (report-*.txt + results-v2.csv)
+ mvn -q -pl services-custom/s3-adaptive-range-reader -Djapicmp.skip=true -Dcheckstyle.skip=true -Dspotbugs.skip=true -Dtest=AdaptiveReaderSystemBenchmark test -Ds3arr.trace=/data/home/haoyueli/aws-sdk-java-v2/traces/mixed_holdout.csv -Ds3arr.label=headroom_b256_block4_depth4_forced_s3a_prefetch -Ds3arr.cacheBudgetMiB=256 -Ds3arr.prefetchBlockMiB=4 -Ds3arr.prefetchDepth=4 -Ds3arr.apps=1 -Ds3arr.warmup=0 -Ds3arr.iters=1 -Ds3arr.forcePolicy=s3a_prefetch
[benchmark] loaded 11189 records from /data/home/haoyueli/aws-sdk-java-v2/traces/mixed_holdout.csv

============= Adaptive Range Reader - Policy Sweep =============
label=headroom_b256_block4_depth4_forced_s3a_prefetch selector=fixed:s3a_prefetch reads=11189 warmup=0 iters=1 apps=1 globalCache=256MiB maxFetch=12MiB prefetchBlock=4MiB prefetchDepth=4
remote GETs=13105 remote MiB=52427.77 readAmp=21.2417 cacheHitRate=0.7368 demandClampReads=0
per-prefix metrics:
  tpch             reads= 1309 remoteMiB=   603.30 amp=2.1374 clamps=0
  taxi             reads=  659 remoteMiB=  2930.95 amp=2.8884 clamps=0
  lastfm           reads= 1216 remoteMiB=     3.05 amp=1.7133 clamps=0
  mm               reads= 2785 remoteMiB= 22122.22 amp=40.7542 clamps=0
  clickbench       reads= 1572 remoteMiB= 23447.92 amp=38.0158 clamps=0
  fmnist           reads= 1216 remoteMiB=   182.09 amp=31.0926 clamps=0
  sift             reads= 1216 remoteMiB=  3137.34 amp=1046.7385 clamps=0
  emb_real         reads= 1216 remoteMiB=     0.90 amp=0.9756 clamps=0
=================================================================

[benchmark] wrote /data/home/haoyueli/aws-sdk-java-v2/services-custom/s3-adaptive-range-reader/target/s3arr-benchmark (report-*.txt + results-v2.csv)
+ mvn -q -pl services-custom/s3-adaptive-range-reader -Djapicmp.skip=true -Dcheckstyle.skip=true -Dspotbugs.skip=true -Dtest=AdaptiveReaderSystemBenchmark test -Ds3arr.trace=/data/home/haoyueli/aws-sdk-java-v2/traces/mixed_holdout.csv -Ds3arr.label=headroom_b256_block4_depth4_template_auto -Ds3arr.cacheBudgetMiB=256 -Ds3arr.prefetchBlockMiB=4 -Ds3arr.prefetchDepth=4 -Ds3arr.apps=1 -Ds3arr.warmup=0 -Ds3arr.iters=1 -Ds3arr.selector=template_auto
[benchmark] loaded 11189 records from /data/home/haoyueli/aws-sdk-java-v2/traces/mixed_holdout.csv

============= Adaptive Range Reader - Policy Sweep =============
label=headroom_b256_block4_depth4_template_auto selector=template_auto reads=11189 warmup=0 iters=1 apps=1 globalCache=256MiB maxFetch=12MiB prefetchBlock=4MiB prefetchDepth=4
remote GETs=6962 remote MiB=10739.10 readAmp=4.3511 cacheHitRate=0.6003 demandClampReads=0
per-prefix metrics:
  tpch             reads= 1309 remoteMiB=   360.98 amp=1.2789 clamps=0
  taxi             reads=  659 remoteMiB=  2824.12 amp=2.7831 clamps=0
  lastfm           reads= 1216 remoteMiB=     3.05 amp=1.7133 clamps=0
  mm               reads= 2785 remoteMiB=  3911.45 amp=7.2058 clamps=0
  clickbench       reads= 1572 remoteMiB=  3376.70 amp=5.4746 clamps=0
  fmnist           reads= 1216 remoteMiB=   166.13 amp=28.3678 clamps=0
  sift             reads= 1216 remoteMiB=    95.77 amp=31.9516 clamps=0
  emb_real         reads= 1216 remoteMiB=     0.90 amp=0.9756 clamps=0
=================================================================

[benchmark] wrote /data/home/haoyueli/aws-sdk-java-v2/services-custom/s3-adaptive-range-reader/target/s3arr-benchmark (report-*.txt + results-v2.csv)
+ mvn -q -pl services-custom/s3-adaptive-range-reader -Djapicmp.skip=true -Dcheckstyle.skip=true -Dspotbugs.skip=true -Dtest=AdaptiveReaderSystemBenchmark test -Ds3arr.trace=/data/home/haoyueli/aws-sdk-java-v2/traces/mixed_holdout.csv -Ds3arr.label=headroom_b256_block4_depth4_decision_tree -Ds3arr.cacheBudgetMiB=256 -Ds3arr.prefetchBlockMiB=4 -Ds3arr.prefetchDepth=4 -Ds3arr.apps=1 -Ds3arr.warmup=0 -Ds3arr.iters=1 -Ds3arr.selector=decision_tree
[benchmark] loaded 11189 records from /data/home/haoyueli/aws-sdk-java-v2/traces/mixed_holdout.csv

============= Adaptive Range Reader - Policy Sweep =============
label=headroom_b256_block4_depth4_decision_tree selector=decision_tree reads=11189 warmup=0 iters=1 apps=1 globalCache=256MiB maxFetch=12MiB prefetchBlock=4MiB prefetchDepth=4
remote GETs=5844 remote MiB=2680.16 readAmp=1.0859 cacheHitRate=0.5703 demandClampReads=0
per-prefix metrics:
  tpch             reads= 1309 remoteMiB=   117.77 amp=0.4172 clamps=0
  taxi             reads=  659 remoteMiB=  1153.18 amp=1.1364 clamps=0
  lastfm           reads= 1216 remoteMiB=     3.05 amp=1.7133 clamps=0
  mm               reads= 2785 remoteMiB=   428.67 amp=0.7897 clamps=0
  clickbench       reads= 1572 remoteMiB=   641.48 amp=1.0400 clamps=0
  fmnist           reads= 1216 remoteMiB=   182.10 amp=31.0947 clamps=0
  sift             reads= 1216 remoteMiB=   152.28 amp=50.8048 clamps=0
  emb_real         reads= 1216 remoteMiB=     1.64 amp=1.7763 clamps=0
=================================================================

[benchmark] wrote /data/home/haoyueli/aws-sdk-java-v2/services-custom/s3-adaptive-range-reader/target/s3arr-benchmark (report-*.txt + results-v2.csv)
+ mvn -q -pl services-custom/s3-adaptive-range-reader -Djapicmp.skip=true -Dcheckstyle.skip=true -Dspotbugs.skip=true -Dtest=AdaptiveReaderSystemBenchmark test -Ds3arr.trace=/data/home/haoyueli/aws-sdk-java-v2/traces/mixed_holdout.csv -Ds3arr.label=headroom_b256_block4_depth4_oracle_bytes -Ds3arr.cacheBudgetMiB=256 -Ds3arr.prefetchBlockMiB=4 -Ds3arr.prefetchDepth=4 -Ds3arr.apps=1 -Ds3arr.warmup=0 -Ds3arr.iters=1 -Ds3arr.oracleMap=tpch:template_multimodal,clickbench:template_multimodal,fmnist:s3a_random,sift:template_multimodal,emb_real:s3a_prefetch,lastfm:s3a_prefetch,taxi:template_multimodal,mm:template_multimodal
[benchmark] loaded 11189 records from /data/home/haoyueli/aws-sdk-java-v2/traces/mixed_holdout.csv

============= Adaptive Range Reader - Policy Sweep =============
label=headroom_b256_block4_depth4_oracle_bytes selector=prefix oracle:{tpch=TEMPLATE_MULTIMODAL, clickbench=TEMPLATE_MULTIMODAL, fmnist=S3A_RANDOM, sift=TEMPLATE_MULTIMODAL, emb_real=S3A_PREFETCH, lastfm=S3A_PREFETCH, taxi=TEMPLATE_MULTIMODAL, mm=TEMPLATE_MULTIMODAL} reads=11189 warmup=0 iters=1 apps=1 globalCache=256MiB maxFetch=12MiB prefetchBlock=4MiB prefetchDepth=4
remote GETs=5859 remote MiB=2058.78 readAmp=0.8341 cacheHitRate=0.4764 demandClampReads=0
per-prefix metrics:
  tpch             reads= 1309 remoteMiB=   115.58 amp=0.4095 clamps=0
  taxi             reads=  659 remoteMiB=   763.98 amp=0.7529 clamps=0
  lastfm           reads= 1216 remoteMiB=     3.05 amp=1.7133 clamps=0
  mm               reads= 2785 remoteMiB=   427.73 amp=0.7880 clamps=0
  clickbench       reads= 1572 remoteMiB=   640.79 amp=1.0389 clamps=0
  fmnist           reads= 1216 remoteMiB=    60.60 amp=10.3474 clamps=0
  sift             reads= 1216 remoteMiB=    46.15 amp=15.3991 clamps=0
  emb_real         reads= 1216 remoteMiB=     0.90 amp=0.9756 clamps=0
=================================================================

[benchmark] wrote /data/home/haoyueli/aws-sdk-java-v2/services-custom/s3-adaptive-range-reader/target/s3arr-benchmark (report-*.txt + results-v2.csv)
+ mvn -q -pl services-custom/s3-adaptive-range-reader -Djapicmp.skip=true -Dcheckstyle.skip=true -Dspotbugs.skip=true -Dtest=AdaptiveReaderSystemBenchmark test -Ds3arr.trace=/data/home/haoyueli/aws-sdk-java-v2/traces/mixed_holdout.csv -Ds3arr.label=headroom_b256_block4_depth4_oracle_cost -Ds3arr.cacheBudgetMiB=256 -Ds3arr.prefetchBlockMiB=4 -Ds3arr.prefetchDepth=4 -Ds3arr.apps=1 -Ds3arr.warmup=0 -Ds3arr.iters=1 -Ds3arr.oracleMap=tpch:s3a_prefetch,clickbench:template_multimodal,fmnist:s3a_prefetch,sift:template_multimodal,emb_real:s3a_prefetch,lastfm:s3a_prefetch,taxi:template_multimodal,mm:template_multimodal
[benchmark] loaded 11189 records from /data/home/haoyueli/aws-sdk-java-v2/traces/mixed_holdout.csv

============= Adaptive Range Reader - Policy Sweep =============
label=headroom_b256_block4_depth4_oracle_cost selector=prefix oracle:{tpch=S3A_PREFETCH, clickbench=TEMPLATE_MULTIMODAL, fmnist=S3A_PREFETCH, sift=TEMPLATE_MULTIMODAL, emb_real=S3A_PREFETCH, lastfm=S3A_PREFETCH, taxi=TEMPLATE_MULTIMODAL, mm=TEMPLATE_MULTIMODAL} reads=11189 warmup=0 iters=1 apps=1 globalCache=256MiB maxFetch=12MiB prefetchBlock=4MiB prefetchDepth=4
remote GETs=4462 remote MiB=2668.00 readAmp=1.0810 cacheHitRate=0.6154 demandClampReads=0
per-prefix metrics:
  tpch             reads= 1309 remoteMiB=   603.30 amp=2.1374 clamps=0
  taxi             reads=  659 remoteMiB=   763.98 amp=0.7529 clamps=0
  lastfm           reads= 1216 remoteMiB=     3.05 amp=1.7133 clamps=0
  mm               reads= 2785 remoteMiB=   427.73 amp=0.7880 clamps=0
  clickbench       reads= 1572 remoteMiB=   640.79 amp=1.0389 clamps=0
  fmnist           reads= 1216 remoteMiB=   182.09 amp=31.0926 clamps=0
  sift             reads= 1216 remoteMiB=    46.15 amp=15.3991 clamps=0
  emb_real         reads= 1216 remoteMiB=     0.90 amp=0.9756 clamps=0
=================================================================

[benchmark] wrote /data/home/haoyueli/aws-sdk-java-v2/services-custom/s3-adaptive-range-reader/target/s3arr-benchmark (report-*.txt + results-v2.csv)
+ mvn -q -pl services-custom/s3-adaptive-range-reader -Djapicmp.skip=true -Dcheckstyle.skip=true -Dspotbugs.skip=true -Dtest=AdaptiveReaderSystemBenchmark test -Ds3arr.trace=/data/home/haoyueli/aws-sdk-java-v2/traces/mixed_holdout.csv -Ds3arr.label=headroom_b256_block8_depth8_forced_template_locality -Ds3arr.cacheBudgetMiB=256 -Ds3arr.prefetchBlockMiB=8 -Ds3arr.prefetchDepth=8 -Ds3arr.apps=1 -Ds3arr.warmup=0 -Ds3arr.iters=1 -Ds3arr.forcePolicy=template_locality
[benchmark] loaded 11189 records from /data/home/haoyueli/aws-sdk-java-v2/traces/mixed_holdout.csv

============= Adaptive Range Reader - Policy Sweep =============
label=headroom_b256_block8_depth8_forced_template_locality selector=fixed:template_locality reads=11189 warmup=0 iters=1 apps=1 globalCache=256MiB maxFetch=20MiB prefetchBlock=8MiB prefetchDepth=8
remote GETs=16267 remote MiB=5218.08 readAmp=2.1142 cacheHitRate=0.5249 demandClampReads=0
per-prefix metrics:
  tpch             reads= 1309 remoteMiB=   485.95 amp=1.7217 clamps=0
  taxi             reads=  659 remoteMiB=  1254.88 amp=1.2367 clamps=0
  lastfm           reads= 1216 remoteMiB=     3.23 amp=1.8133 clamps=0
  mm               reads= 2785 remoteMiB=  1634.45 amp=3.0110 clamps=0
  clickbench       reads= 1572 remoteMiB=  1409.49 amp=2.2852 clamps=0
  fmnist           reads= 1216 remoteMiB=   201.69 amp=34.4398 clamps=0
  sift             reads= 1216 remoteMiB=   227.19 amp=75.7986 clamps=0
  emb_real         reads= 1216 remoteMiB=     1.21 amp=1.3033 clamps=0
=================================================================

[benchmark] wrote /data/home/haoyueli/aws-sdk-java-v2/services-custom/s3-adaptive-range-reader/target/s3arr-benchmark (report-*.txt + results-v2.csv)
+ mvn -q -pl services-custom/s3-adaptive-range-reader -Djapicmp.skip=true -Dcheckstyle.skip=true -Dspotbugs.skip=true -Dtest=AdaptiveReaderSystemBenchmark test -Ds3arr.trace=/data/home/haoyueli/aws-sdk-java-v2/traces/mixed_holdout.csv -Ds3arr.label=headroom_b256_block8_depth8_forced_s3a_prefetch -Ds3arr.cacheBudgetMiB=256 -Ds3arr.prefetchBlockMiB=8 -Ds3arr.prefetchDepth=8 -Ds3arr.apps=1 -Ds3arr.warmup=0 -Ds3arr.iters=1 -Ds3arr.forcePolicy=s3a_prefetch
[benchmark] loaded 11189 records from /data/home/haoyueli/aws-sdk-java-v2/traces/mixed_holdout.csv

============= Adaptive Range Reader - Policy Sweep =============
label=headroom_b256_block8_depth8_forced_s3a_prefetch selector=fixed:s3a_prefetch reads=11189 warmup=0 iters=1 apps=1 globalCache=256MiB maxFetch=20MiB prefetchBlock=8MiB prefetchDepth=8
remote GETs=19406 remote MiB=154049.92 readAmp=62.4149 cacheHitRate=0.8129 demandClampReads=0
per-prefix metrics:
  tpch             reads= 1309 remoteMiB=   714.09 amp=2.5299 clamps=0
  taxi             reads=  659 remoteMiB=  3185.96 amp=3.1397 clamps=0
  lastfm           reads= 1216 remoteMiB=     3.05 amp=1.7133 clamps=0
  mm               reads= 2785 remoteMiB= 78845.20 amp=145.2508 clamps=0
  clickbench       reads= 1572 remoteMiB= 65223.37 amp=105.7457 clamps=0
  fmnist           reads= 1216 remoteMiB=   182.09 amp=31.0926 clamps=0
  sift             reads= 1216 remoteMiB=  5895.25 amp=1966.8847 clamps=0
  emb_real         reads= 1216 remoteMiB=     0.90 amp=0.9756 clamps=0
=================================================================

[benchmark] wrote /data/home/haoyueli/aws-sdk-java-v2/services-custom/s3-adaptive-range-reader/target/s3arr-benchmark (report-*.txt + results-v2.csv)
+ mvn -q -pl services-custom/s3-adaptive-range-reader -Djapicmp.skip=true -Dcheckstyle.skip=true -Dspotbugs.skip=true -Dtest=AdaptiveReaderSystemBenchmark test -Ds3arr.trace=/data/home/haoyueli/aws-sdk-java-v2/traces/mixed_holdout.csv -Ds3arr.label=headroom_b256_block8_depth8_template_auto -Ds3arr.cacheBudgetMiB=256 -Ds3arr.prefetchBlockMiB=8 -Ds3arr.prefetchDepth=8 -Ds3arr.apps=1 -Ds3arr.warmup=0 -Ds3arr.iters=1 -Ds3arr.selector=template_auto
[benchmark] loaded 11189 records from /data/home/haoyueli/aws-sdk-java-v2/traces/mixed_holdout.csv

============= Adaptive Range Reader - Policy Sweep =============
label=headroom_b256_block8_depth8_template_auto selector=template_auto reads=11189 warmup=0 iters=1 apps=1 globalCache=256MiB maxFetch=20MiB prefetchBlock=8MiB prefetchDepth=8
remote GETs=7862 remote MiB=26020.48 readAmp=10.5425 cacheHitRate=0.6392 demandClampReads=0
per-prefix metrics:
  tpch             reads= 1309 remoteMiB=   380.16 amp=1.3469 clamps=0
  taxi             reads=  659 remoteMiB=  2849.31 amp=2.8080 clamps=0
  lastfm           reads= 1216 remoteMiB=     3.05 amp=1.7133 clamps=0
  mm               reads= 2785 remoteMiB= 12955.51 amp=23.8670 clamps=0
  clickbench       reads= 1572 remoteMiB=  9513.65 amp=15.4243 clamps=0
  fmnist           reads= 1216 remoteMiB=   196.51 amp=33.5545 clamps=0
  sift             reads= 1216 remoteMiB=   121.39 amp=40.5011 clamps=0
  emb_real         reads= 1216 remoteMiB=     0.90 amp=0.9756 clamps=0
=================================================================

[benchmark] wrote /data/home/haoyueli/aws-sdk-java-v2/services-custom/s3-adaptive-range-reader/target/s3arr-benchmark (report-*.txt + results-v2.csv)
+ mvn -q -pl services-custom/s3-adaptive-range-reader -Djapicmp.skip=true -Dcheckstyle.skip=true -Dspotbugs.skip=true -Dtest=AdaptiveReaderSystemBenchmark test -Ds3arr.trace=/data/home/haoyueli/aws-sdk-java-v2/traces/mixed_holdout.csv -Ds3arr.label=headroom_b256_block8_depth8_decision_tree -Ds3arr.cacheBudgetMiB=256 -Ds3arr.prefetchBlockMiB=8 -Ds3arr.prefetchDepth=8 -Ds3arr.apps=1 -Ds3arr.warmup=0 -Ds3arr.iters=1 -Ds3arr.selector=decision_tree
[benchmark] loaded 11189 records from /data/home/haoyueli/aws-sdk-java-v2/traces/mixed_holdout.csv

============= Adaptive Range Reader - Policy Sweep =============
label=headroom_b256_block8_depth8_decision_tree selector=decision_tree reads=11189 warmup=0 iters=1 apps=1 globalCache=256MiB maxFetch=20MiB prefetchBlock=8MiB prefetchDepth=8
remote GETs=6622 remote MiB=2929.12 readAmp=1.1868 cacheHitRate=0.5767 demandClampReads=0
per-prefix metrics:
  tpch             reads= 1309 remoteMiB=   118.77 amp=0.4208 clamps=0
  taxi             reads=  659 remoteMiB=  1335.70 amp=1.3163 clamps=0
  lastfm           reads= 1216 remoteMiB=     3.05 amp=1.7133 clamps=0
  mm               reads= 2785 remoteMiB=   428.67 amp=0.7897 clamps=0
  clickbench       reads= 1572 remoteMiB=   641.48 amp=1.0400 clamps=0
  fmnist           reads= 1216 remoteMiB=   182.04 amp=31.0840 clamps=0
  sift             reads= 1216 remoteMiB=   217.78 amp=72.6582 clamps=0
  emb_real         reads= 1216 remoteMiB=     1.64 amp=1.7763 clamps=0
=================================================================

[benchmark] wrote /data/home/haoyueli/aws-sdk-java-v2/services-custom/s3-adaptive-range-reader/target/s3arr-benchmark (report-*.txt + results-v2.csv)
+ mvn -q -pl services-custom/s3-adaptive-range-reader -Djapicmp.skip=true -Dcheckstyle.skip=true -Dspotbugs.skip=true -Dtest=AdaptiveReaderSystemBenchmark test -Ds3arr.trace=/data/home/haoyueli/aws-sdk-java-v2/traces/mixed_holdout.csv -Ds3arr.label=headroom_b256_block8_depth8_oracle_bytes -Ds3arr.cacheBudgetMiB=256 -Ds3arr.prefetchBlockMiB=8 -Ds3arr.prefetchDepth=8 -Ds3arr.apps=1 -Ds3arr.warmup=0 -Ds3arr.iters=1 -Ds3arr.oracleMap=tpch:template_multimodal,clickbench:template_multimodal,fmnist:s3a_random,sift:template_multimodal,emb_real:s3a_prefetch,lastfm:s3a_prefetch,taxi:template_multimodal,mm:template_multimodal
[benchmark] loaded 11189 records from /data/home/haoyueli/aws-sdk-java-v2/traces/mixed_holdout.csv

============= Adaptive Range Reader - Policy Sweep =============
label=headroom_b256_block8_depth8_oracle_bytes selector=prefix oracle:{tpch=TEMPLATE_MULTIMODAL, clickbench=TEMPLATE_MULTIMODAL, fmnist=S3A_RANDOM, sift=TEMPLATE_MULTIMODAL, emb_real=S3A_PREFETCH, lastfm=S3A_PREFETCH, taxi=TEMPLATE_MULTIMODAL, mm=TEMPLATE_MULTIMODAL} reads=11189 warmup=0 iters=1 apps=1 globalCache=256MiB maxFetch=20MiB prefetchBlock=8MiB prefetchDepth=8
remote GETs=5859 remote MiB=2058.78 readAmp=0.8341 cacheHitRate=0.4764 demandClampReads=0
per-prefix metrics:
  tpch             reads= 1309 remoteMiB=   115.58 amp=0.4095 clamps=0
  taxi             reads=  659 remoteMiB=   763.98 amp=0.7529 clamps=0
  lastfm           reads= 1216 remoteMiB=     3.05 amp=1.7133 clamps=0
  mm               reads= 2785 remoteMiB=   427.73 amp=0.7880 clamps=0
  clickbench       reads= 1572 remoteMiB=   640.79 amp=1.0389 clamps=0
  fmnist           reads= 1216 remoteMiB=    60.60 amp=10.3474 clamps=0
  sift             reads= 1216 remoteMiB=    46.15 amp=15.3991 clamps=0
  emb_real         reads= 1216 remoteMiB=     0.90 amp=0.9756 clamps=0
=================================================================

[benchmark] wrote /data/home/haoyueli/aws-sdk-java-v2/services-custom/s3-adaptive-range-reader/target/s3arr-benchmark (report-*.txt + results-v2.csv)
+ mvn -q -pl services-custom/s3-adaptive-range-reader -Djapicmp.skip=true -Dcheckstyle.skip=true -Dspotbugs.skip=true -Dtest=AdaptiveReaderSystemBenchmark test -Ds3arr.trace=/data/home/haoyueli/aws-sdk-java-v2/traces/mixed_holdout.csv -Ds3arr.label=headroom_b256_block8_depth8_oracle_cost -Ds3arr.cacheBudgetMiB=256 -Ds3arr.prefetchBlockMiB=8 -Ds3arr.prefetchDepth=8 -Ds3arr.apps=1 -Ds3arr.warmup=0 -Ds3arr.iters=1 -Ds3arr.oracleMap=tpch:s3a_prefetch,clickbench:template_multimodal,fmnist:s3a_prefetch,sift:template_multimodal,emb_real:s3a_prefetch,lastfm:s3a_prefetch,taxi:template_multimodal,mm:template_multimodal
[benchmark] loaded 11189 records from /data/home/haoyueli/aws-sdk-java-v2/traces/mixed_holdout.csv

============= Adaptive Range Reader - Policy Sweep =============
label=headroom_b256_block8_depth8_oracle_cost selector=prefix oracle:{tpch=S3A_PREFETCH, clickbench=TEMPLATE_MULTIMODAL, fmnist=S3A_PREFETCH, sift=TEMPLATE_MULTIMODAL, emb_real=S3A_PREFETCH, lastfm=S3A_PREFETCH, taxi=TEMPLATE_MULTIMODAL, mm=TEMPLATE_MULTIMODAL} reads=11189 warmup=0 iters=1 apps=1 globalCache=256MiB maxFetch=20MiB prefetchBlock=8MiB prefetchDepth=8
remote GETs=4378 remote MiB=2778.79 readAmp=1.1259 cacheHitRate=0.6170 demandClampReads=0
per-prefix metrics:
  tpch             reads= 1309 remoteMiB=   714.09 amp=2.5299 clamps=0
  taxi             reads=  659 remoteMiB=   763.98 amp=0.7529 clamps=0
  lastfm           reads= 1216 remoteMiB=     3.05 amp=1.7133 clamps=0
  mm               reads= 2785 remoteMiB=   427.73 amp=0.7880 clamps=0
  clickbench       reads= 1572 remoteMiB=   640.79 amp=1.0389 clamps=0
  fmnist           reads= 1216 remoteMiB=   182.09 amp=31.0926 clamps=0
  sift             reads= 1216 remoteMiB=    46.15 amp=15.3991 clamps=0
  emb_real         reads= 1216 remoteMiB=     0.90 amp=0.9756 clamps=0
=================================================================

[benchmark] wrote /data/home/haoyueli/aws-sdk-java-v2/services-custom/s3-adaptive-range-reader/target/s3arr-benchmark (report-*.txt + results-v2.csv)
+ mvn -q -pl services-custom/s3-adaptive-range-reader -Djapicmp.skip=true -Dcheckstyle.skip=true -Dspotbugs.skip=true -Dtest=AdaptiveReaderSystemBenchmark test -Ds3arr.trace=/data/home/haoyueli/aws-sdk-java-v2/traces/mixed_holdout.csv -Ds3arr.label=headroom_b512_block1_depth0_passthrough -Ds3arr.cacheBudgetMiB=512 -Ds3arr.prefetchBlockMiB=1 -Ds3arr.prefetchDepth=0 -Ds3arr.apps=1 -Ds3arr.warmup=0 -Ds3arr.iters=1 -Ds3arr.selector=passthrough
[benchmark] loaded 11189 records from /data/home/haoyueli/aws-sdk-java-v2/traces/mixed_holdout.csv

============= Adaptive Range Reader - Policy Sweep =============
label=headroom_b512_block1_depth0_passthrough selector=passthrough reads=11189 warmup=0 iters=1 apps=1 globalCache=512MiB maxFetch=8MiB prefetchBlock=1MiB prefetchDepth=0
remote GETs=11189 remote MiB=2468.16 readAmp=1.0000 cacheHitRate=0.0000 demandClampReads=0
per-prefix metrics:
  tpch             reads= 1309 remoteMiB=   282.26 amp=1.0000 clamps=0
  taxi             reads=  659 remoteMiB=  1014.73 amp=1.0000 clamps=0
  lastfm           reads= 1216 remoteMiB=     1.78 amp=1.0000 clamps=0
  mm               reads= 2785 remoteMiB=   542.82 amp=1.0000 clamps=0
  clickbench       reads= 1572 remoteMiB=   616.79 amp=1.0000 clamps=0
  fmnist           reads= 1216 remoteMiB=     5.86 amp=1.0000 clamps=0
  sift             reads= 1216 remoteMiB=     3.00 amp=1.0000 clamps=0
  emb_real         reads= 1216 remoteMiB=     0.92 amp=1.0000 clamps=0
=================================================================

[benchmark] wrote /data/home/haoyueli/aws-sdk-java-v2/services-custom/s3-adaptive-range-reader/target/s3arr-benchmark (report-*.txt + results-v2.csv)
+ mvn -q -pl services-custom/s3-adaptive-range-reader -Djapicmp.skip=true -Dcheckstyle.skip=true -Dspotbugs.skip=true -Dtest=AdaptiveReaderSystemBenchmark test -Ds3arr.trace=/data/home/haoyueli/aws-sdk-java-v2/traces/mixed_holdout.csv -Ds3arr.label=headroom_b512_block1_depth0_forced_s3a_random -Ds3arr.cacheBudgetMiB=512 -Ds3arr.prefetchBlockMiB=1 -Ds3arr.prefetchDepth=0 -Ds3arr.apps=1 -Ds3arr.warmup=0 -Ds3arr.iters=1 -Ds3arr.forcePolicy=s3a_random
[benchmark] loaded 11189 records from /data/home/haoyueli/aws-sdk-java-v2/traces/mixed_holdout.csv

============= Adaptive Range Reader - Policy Sweep =============
label=headroom_b512_block1_depth0_forced_s3a_random selector=fixed:s3a_random reads=11189 warmup=0 iters=1 apps=1 globalCache=512MiB maxFetch=8MiB prefetchBlock=1MiB prefetchDepth=0
remote GETs=5304 remote MiB=1343.81 readAmp=0.5445 cacheHitRate=0.5260 demandClampReads=0
per-prefix metrics:
  tpch             reads= 1309 remoteMiB=   117.04 amp=0.4147 clamps=0
  taxi             reads=  659 remoteMiB=   339.34 amp=0.3344 clamps=0
  lastfm           reads= 1216 remoteMiB=     5.23 amp=2.9365 clamps=0
  mm               reads= 2785 remoteMiB=   388.47 amp=0.7157 clamps=0
  clickbench       reads= 1572 remoteMiB=   384.05 amp=0.6227 clamps=0
  fmnist           reads= 1216 remoteMiB=    60.60 amp=10.3474 clamps=0
  sift             reads= 1216 remoteMiB=    47.40 amp=15.8137 clamps=0
  emb_real         reads= 1216 remoteMiB=     1.68 amp=1.8145 clamps=0
=================================================================

[benchmark] wrote /data/home/haoyueli/aws-sdk-java-v2/services-custom/s3-adaptive-range-reader/target/s3arr-benchmark (report-*.txt + results-v2.csv)
+ mvn -q -pl services-custom/s3-adaptive-range-reader -Djapicmp.skip=true -Dcheckstyle.skip=true -Dspotbugs.skip=true -Dtest=AdaptiveReaderSystemBenchmark test -Ds3arr.trace=/data/home/haoyueli/aws-sdk-java-v2/traces/mixed_holdout.csv -Ds3arr.label=headroom_b512_block1_depth0_forced_template_locality -Ds3arr.cacheBudgetMiB=512 -Ds3arr.prefetchBlockMiB=1 -Ds3arr.prefetchDepth=0 -Ds3arr.apps=1 -Ds3arr.warmup=0 -Ds3arr.iters=1 -Ds3arr.forcePolicy=template_locality
[benchmark] loaded 11189 records from /data/home/haoyueli/aws-sdk-java-v2/traces/mixed_holdout.csv

============= Adaptive Range Reader - Policy Sweep =============
label=headroom_b512_block1_depth0_forced_template_locality selector=fixed:template_locality reads=11189 warmup=0 iters=1 apps=1 globalCache=512MiB maxFetch=8MiB prefetchBlock=1MiB prefetchDepth=0
remote GETs=4942 remote MiB=1490.62 readAmp=0.6039 cacheHitRate=0.5583 demandClampReads=0
per-prefix metrics:
  tpch             reads= 1309 remoteMiB=   142.78 amp=0.5059 clamps=0
  taxi             reads=  659 remoteMiB=   346.31 amp=0.3413 clamps=0
  lastfm           reads= 1216 remoteMiB=     3.73 amp=2.0941 clamps=0
  mm               reads= 2785 remoteMiB=   436.56 amp=0.8043 clamps=0
  clickbench       reads= 1572 remoteMiB=   392.04 amp=0.6356 clamps=0
  fmnist           reads= 1216 remoteMiB=   105.01 amp=17.9318 clamps=0
  sift             reads= 1216 remoteMiB=    63.06 amp=21.0395 clamps=0
  emb_real         reads= 1216 remoteMiB=     1.12 amp=1.2063 clamps=0
=================================================================

[benchmark] wrote /data/home/haoyueli/aws-sdk-java-v2/services-custom/s3-adaptive-range-reader/target/s3arr-benchmark (report-*.txt + results-v2.csv)
+ mvn -q -pl services-custom/s3-adaptive-range-reader -Djapicmp.skip=true -Dcheckstyle.skip=true -Dspotbugs.skip=true -Dtest=AdaptiveReaderSystemBenchmark test -Ds3arr.trace=/data/home/haoyueli/aws-sdk-java-v2/traces/mixed_holdout.csv -Ds3arr.label=headroom_b512_block1_depth0_forced_s3a_prefetch -Ds3arr.cacheBudgetMiB=512 -Ds3arr.prefetchBlockMiB=1 -Ds3arr.prefetchDepth=0 -Ds3arr.apps=1 -Ds3arr.warmup=0 -Ds3arr.iters=1 -Ds3arr.forcePolicy=s3a_prefetch
[benchmark] loaded 11189 records from /data/home/haoyueli/aws-sdk-java-v2/traces/mixed_holdout.csv

============= Adaptive Range Reader - Policy Sweep =============
label=headroom_b512_block1_depth0_forced_s3a_prefetch selector=fixed:s3a_prefetch reads=11189 warmup=0 iters=1 apps=1 globalCache=512MiB maxFetch=8MiB prefetchBlock=1MiB prefetchDepth=0
remote GETs=3000 remote MiB=3684.44 readAmp=1.4928 cacheHitRate=0.7319 demandClampReads=0
per-prefix metrics:
  tpch             reads= 1309 remoteMiB=   296.43 amp=1.0502 clamps=0
  taxi             reads=  659 remoteMiB=   490.94 amp=0.4838 clamps=0
  lastfm           reads= 1216 remoteMiB=     3.05 amp=1.7133 clamps=0
  mm               reads= 2785 remoteMiB=   884.81 amp=1.6300 clamps=0
  clickbench       reads= 1572 remoteMiB=  1483.33 amp=2.4049 clamps=0
  fmnist           reads= 1216 remoteMiB=   184.09 amp=31.4345 clamps=0
  sift             reads= 1216 remoteMiB=   340.89 amp=113.7326 clamps=0
  emb_real         reads= 1216 remoteMiB=     0.90 amp=0.9756 clamps=0
=================================================================

[benchmark] wrote /data/home/haoyueli/aws-sdk-java-v2/services-custom/s3-adaptive-range-reader/target/s3arr-benchmark (report-*.txt + results-v2.csv)
+ mvn -q -pl services-custom/s3-adaptive-range-reader -Djapicmp.skip=true -Dcheckstyle.skip=true -Dspotbugs.skip=true -Dtest=AdaptiveReaderSystemBenchmark test -Ds3arr.trace=/data/home/haoyueli/aws-sdk-java-v2/traces/mixed_holdout.csv -Ds3arr.label=headroom_b512_block1_depth0_forced_template_multimodal -Ds3arr.cacheBudgetMiB=512 -Ds3arr.prefetchBlockMiB=1 -Ds3arr.prefetchDepth=0 -Ds3arr.apps=1 -Ds3arr.warmup=0 -Ds3arr.iters=1 -Ds3arr.forcePolicy=template_multimodal
[benchmark] loaded 11189 records from /data/home/haoyueli/aws-sdk-java-v2/traces/mixed_holdout.csv

============= Adaptive Range Reader - Policy Sweep =============
label=headroom_b512_block1_depth0_forced_template_multimodal selector=fixed:template_multimodal reads=11189 warmup=0 iters=1 apps=1 globalCache=512MiB maxFetch=8MiB prefetchBlock=1MiB prefetchDepth=0
remote GETs=5241 remote MiB=1337.39 readAmp=0.5419 cacheHitRate=0.5316 demandClampReads=0
per-prefix metrics:
  tpch             reads= 1309 remoteMiB=   115.58 amp=0.4095 clamps=0
  taxi             reads=  659 remoteMiB=   339.13 amp=0.3342 clamps=0
  lastfm           reads= 1216 remoteMiB=     3.17 amp=1.7782 clamps=0
  mm               reads= 2785 remoteMiB=   385.54 amp=0.7103 clamps=0
  clickbench       reads= 1572 remoteMiB=   383.19 amp=0.6213 clamps=0
  fmnist           reads= 1216 remoteMiB=    63.63 amp=10.8658 clamps=0
  sift             reads= 1216 remoteMiB=    46.15 amp=15.3991 clamps=0
  emb_real         reads= 1216 remoteMiB=     0.99 amp=1.0711 clamps=0
=================================================================

[benchmark] wrote /data/home/haoyueli/aws-sdk-java-v2/services-custom/s3-adaptive-range-reader/target/s3arr-benchmark (report-*.txt + results-v2.csv)
+ mvn -q -pl services-custom/s3-adaptive-range-reader -Djapicmp.skip=true -Dcheckstyle.skip=true -Dspotbugs.skip=true -Dtest=AdaptiveReaderSystemBenchmark test -Ds3arr.trace=/data/home/haoyueli/aws-sdk-java-v2/traces/mixed_holdout.csv -Ds3arr.label=headroom_b512_block1_depth0_template_auto -Ds3arr.cacheBudgetMiB=512 -Ds3arr.prefetchBlockMiB=1 -Ds3arr.prefetchDepth=0 -Ds3arr.apps=1 -Ds3arr.warmup=0 -Ds3arr.iters=1 -Ds3arr.selector=template_auto
[benchmark] loaded 11189 records from /data/home/haoyueli/aws-sdk-java-v2/traces/mixed_holdout.csv

============= Adaptive Range Reader - Policy Sweep =============
label=headroom_b512_block1_depth0_template_auto selector=template_auto reads=11189 warmup=0 iters=1 apps=1 globalCache=512MiB maxFetch=8MiB prefetchBlock=1MiB prefetchDepth=0
remote GETs=4550 remote MiB=1769.95 readAmp=0.7171 cacheHitRate=0.5934 demandClampReads=0
per-prefix metrics:
  tpch             reads= 1309 remoteMiB=   177.82 amp=0.6300 clamps=0
  taxi             reads=  659 remoteMiB=   408.51 amp=0.4026 clamps=0
  lastfm           reads= 1216 remoteMiB=     3.80 amp=2.1345 clamps=0
  mm               reads= 2785 remoteMiB=   542.09 amp=0.9987 clamps=0
  clickbench       reads= 1572 remoteMiB=   505.75 amp=0.8200 clamps=0
  fmnist           reads= 1216 remoteMiB=    78.46 amp=13.3966 clamps=0
  sift             reads= 1216 remoteMiB=    52.62 amp=17.5572 clamps=0
  emb_real         reads= 1216 remoteMiB=     0.90 amp=0.9756 clamps=0
=================================================================

[benchmark] wrote /data/home/haoyueli/aws-sdk-java-v2/services-custom/s3-adaptive-range-reader/target/s3arr-benchmark (report-*.txt + results-v2.csv)
+ mvn -q -pl services-custom/s3-adaptive-range-reader -Djapicmp.skip=true -Dcheckstyle.skip=true -Dspotbugs.skip=true -Dtest=AdaptiveReaderSystemBenchmark test -Ds3arr.trace=/data/home/haoyueli/aws-sdk-java-v2/traces/mixed_holdout.csv -Ds3arr.label=headroom_b512_block1_depth0_decision_tree -Ds3arr.cacheBudgetMiB=512 -Ds3arr.prefetchBlockMiB=1 -Ds3arr.prefetchDepth=0 -Ds3arr.apps=1 -Ds3arr.warmup=0 -Ds3arr.iters=1 -Ds3arr.selector=decision_tree
[benchmark] loaded 11189 records from /data/home/haoyueli/aws-sdk-java-v2/traces/mixed_holdout.csv

============= Adaptive Range Reader - Policy Sweep =============
label=headroom_b512_block1_depth0_decision_tree selector=decision_tree reads=11189 warmup=0 iters=1 apps=1 globalCache=512MiB maxFetch=8MiB prefetchBlock=1MiB prefetchDepth=0
remote GETs=4385 remote MiB=1505.88 readAmp=0.6101 cacheHitRate=0.6081 demandClampReads=0
per-prefix metrics:
  tpch             reads= 1309 remoteMiB=   117.46 amp=0.4161 clamps=0
  taxi             reads=  659 remoteMiB=   367.12 amp=0.3618 clamps=0
  lastfm           reads= 1216 remoteMiB=     3.49 amp=1.9590 clamps=0
  mm               reads= 2785 remoteMiB=   385.74 amp=0.7106 clamps=0
  clickbench       reads= 1572 remoteMiB=   383.87 amp=0.6224 clamps=0
  fmnist           reads= 1216 remoteMiB=   183.23 amp=31.2872 clamps=0
  sift             reads= 1216 remoteMiB=    63.34 amp=21.1312 clamps=0
  emb_real         reads= 1216 remoteMiB=     1.64 amp=1.7763 clamps=0
=================================================================

[benchmark] wrote /data/home/haoyueli/aws-sdk-java-v2/services-custom/s3-adaptive-range-reader/target/s3arr-benchmark (report-*.txt + results-v2.csv)
+ mvn -q -pl services-custom/s3-adaptive-range-reader -Djapicmp.skip=true -Dcheckstyle.skip=true -Dspotbugs.skip=true -Dtest=AdaptiveReaderSystemBenchmark test -Ds3arr.trace=/data/home/haoyueli/aws-sdk-java-v2/traces/mixed_holdout.csv -Ds3arr.label=headroom_b512_block1_depth0_oracle_bytes -Ds3arr.cacheBudgetMiB=512 -Ds3arr.prefetchBlockMiB=1 -Ds3arr.prefetchDepth=0 -Ds3arr.apps=1 -Ds3arr.warmup=0 -Ds3arr.iters=1 -Ds3arr.oracleMap=tpch:template_multimodal,clickbench:template_multimodal,fmnist:s3a_random,sift:template_multimodal,emb_real:s3a_prefetch,lastfm:s3a_prefetch,taxi:template_multimodal,mm:template_multimodal
[benchmark] loaded 11189 records from /data/home/haoyueli/aws-sdk-java-v2/traces/mixed_holdout.csv

============= Adaptive Range Reader - Policy Sweep =============
label=headroom_b512_block1_depth0_oracle_bytes selector=prefix oracle:{tpch=TEMPLATE_MULTIMODAL, clickbench=TEMPLATE_MULTIMODAL, fmnist=S3A_RANDOM, sift=TEMPLATE_MULTIMODAL, emb_real=S3A_PREFETCH, lastfm=S3A_PREFETCH, taxi=TEMPLATE_MULTIMODAL, mm=TEMPLATE_MULTIMODAL} reads=11189 warmup=0 iters=1 apps=1 globalCache=512MiB maxFetch=8MiB prefetchBlock=1MiB prefetchDepth=0
remote GETs=5204 remote MiB=1334.15 readAmp=0.5405 cacheHitRate=0.5349 demandClampReads=0
per-prefix metrics:
  tpch             reads= 1309 remoteMiB=   115.58 amp=0.4095 clamps=0
  taxi             reads=  659 remoteMiB=   339.13 amp=0.3342 clamps=0
  lastfm           reads= 1216 remoteMiB=     3.05 amp=1.7133 clamps=0
  mm               reads= 2785 remoteMiB=   385.54 amp=0.7103 clamps=0
  clickbench       reads= 1572 remoteMiB=   383.19 amp=0.6213 clamps=0
  fmnist           reads= 1216 remoteMiB=    60.60 amp=10.3474 clamps=0
  sift             reads= 1216 remoteMiB=    46.15 amp=15.3991 clamps=0
  emb_real         reads= 1216 remoteMiB=     0.90 amp=0.9756 clamps=0
=================================================================

[benchmark] wrote /data/home/haoyueli/aws-sdk-java-v2/services-custom/s3-adaptive-range-reader/target/s3arr-benchmark (report-*.txt + results-v2.csv)
+ mvn -q -pl services-custom/s3-adaptive-range-reader -Djapicmp.skip=true -Dcheckstyle.skip=true -Dspotbugs.skip=true -Dtest=AdaptiveReaderSystemBenchmark test -Ds3arr.trace=/data/home/haoyueli/aws-sdk-java-v2/traces/mixed_holdout.csv -Ds3arr.label=headroom_b512_block1_depth0_oracle_cost -Ds3arr.cacheBudgetMiB=512 -Ds3arr.prefetchBlockMiB=1 -Ds3arr.prefetchDepth=0 -Ds3arr.apps=1 -Ds3arr.warmup=0 -Ds3arr.iters=1 -Ds3arr.oracleMap=tpch:s3a_prefetch,clickbench:template_locality,fmnist:s3a_prefetch,sift:s3a_prefetch,emb_real:s3a_prefetch,lastfm:s3a_prefetch,taxi:template_multimodal,mm:s3a_prefetch
[benchmark] loaded 11189 records from /data/home/haoyueli/aws-sdk-java-v2/traces/mixed_holdout.csv

============= Adaptive Range Reader - Policy Sweep =============
label=headroom_b512_block1_depth0_oracle_cost selector=prefix oracle:{tpch=S3A_PREFETCH, clickbench=TEMPLATE_LOCALITY, fmnist=S3A_PREFETCH, sift=S3A_PREFETCH, emb_real=S3A_PREFETCH, lastfm=S3A_PREFETCH, taxi=TEMPLATE_MULTIMODAL, mm=S3A_PREFETCH} reads=11189 warmup=0 iters=1 apps=1 globalCache=512MiB maxFetch=8MiB prefetchBlock=1MiB prefetchDepth=0
remote GETs=2972 remote MiB=2441.34 readAmp=0.9891 cacheHitRate=0.7344 demandClampReads=0
per-prefix metrics:
  tpch             reads= 1309 remoteMiB=   296.43 amp=1.0502 clamps=0
  taxi             reads=  659 remoteMiB=   339.13 amp=0.3342 clamps=0
  lastfm           reads= 1216 remoteMiB=     3.05 amp=1.7133 clamps=0
  mm               reads= 2785 remoteMiB=   884.81 amp=1.6300 clamps=0
  clickbench       reads= 1572 remoteMiB=   392.04 amp=0.6356 clamps=0
  fmnist           reads= 1216 remoteMiB=   184.09 amp=31.4345 clamps=0
  sift             reads= 1216 remoteMiB=   340.89 amp=113.7326 clamps=0
  emb_real         reads= 1216 remoteMiB=     0.90 amp=0.9756 clamps=0
=================================================================

[benchmark] wrote /data/home/haoyueli/aws-sdk-java-v2/services-custom/s3-adaptive-range-reader/target/s3arr-benchmark (report-*.txt + results-v2.csv)
+ mvn -q -pl services-custom/s3-adaptive-range-reader -Djapicmp.skip=true -Dcheckstyle.skip=true -Dspotbugs.skip=true -Dtest=AdaptiveReaderSystemBenchmark test -Ds3arr.trace=/data/home/haoyueli/aws-sdk-java-v2/traces/mixed_holdout.csv -Ds3arr.label=headroom_b512_block1_depth1_forced_template_locality -Ds3arr.cacheBudgetMiB=512 -Ds3arr.prefetchBlockMiB=1 -Ds3arr.prefetchDepth=1 -Ds3arr.apps=1 -Ds3arr.warmup=0 -Ds3arr.iters=1 -Ds3arr.forcePolicy=template_locality
[benchmark] loaded 11189 records from /data/home/haoyueli/aws-sdk-java-v2/traces/mixed_holdout.csv

============= Adaptive Range Reader - Policy Sweep =============
label=headroom_b512_block1_depth1_forced_template_locality selector=fixed:template_locality reads=11189 warmup=0 iters=1 apps=1 globalCache=512MiB maxFetch=8MiB prefetchBlock=1MiB prefetchDepth=1
remote GETs=5935 remote MiB=1762.46 readAmp=0.7141 cacheHitRate=0.5802 demandClampReads=0
per-prefix metrics:
  tpch             reads= 1309 remoteMiB=   180.80 amp=0.6406 clamps=0
  taxi             reads=  659 remoteMiB=   362.81 amp=0.3575 clamps=0
  lastfm           reads= 1216 remoteMiB=     3.54 amp=1.9888 clamps=0
  mm               reads= 2785 remoteMiB=   520.17 amp=0.9583 clamps=0
  clickbench       reads= 1572 remoteMiB=   454.29 amp=0.7365 clamps=0
  fmnist           reads= 1216 remoteMiB=   150.08 amp=25.6264 clamps=0
  sift             reads= 1216 remoteMiB=    89.56 amp=29.8810 clamps=0
  emb_real         reads= 1216 remoteMiB=     1.21 amp=1.3033 clamps=0
=================================================================

[benchmark] wrote /data/home/haoyueli/aws-sdk-java-v2/services-custom/s3-adaptive-range-reader/target/s3arr-benchmark (report-*.txt + results-v2.csv)
+ mvn -q -pl services-custom/s3-adaptive-range-reader -Djapicmp.skip=true -Dcheckstyle.skip=true -Dspotbugs.skip=true -Dtest=AdaptiveReaderSystemBenchmark test -Ds3arr.trace=/data/home/haoyueli/aws-sdk-java-v2/traces/mixed_holdout.csv -Ds3arr.label=headroom_b512_block1_depth1_forced_s3a_prefetch -Ds3arr.cacheBudgetMiB=512 -Ds3arr.prefetchBlockMiB=1 -Ds3arr.prefetchDepth=1 -Ds3arr.apps=1 -Ds3arr.warmup=0 -Ds3arr.iters=1 -Ds3arr.forcePolicy=s3a_prefetch
[benchmark] loaded 11189 records from /data/home/haoyueli/aws-sdk-java-v2/traces/mixed_holdout.csv

============= Adaptive Range Reader - Policy Sweep =============
label=headroom_b512_block1_depth1_forced_s3a_prefetch selector=fixed:s3a_prefetch reads=11189 warmup=0 iters=1 apps=1 globalCache=512MiB maxFetch=8MiB prefetchBlock=1MiB prefetchDepth=1
remote GETs=4937 remote MiB=5638.59 readAmp=2.2845 cacheHitRate=0.7413 demandClampReads=0
per-prefix metrics:
  tpch             reads= 1309 remoteMiB=   374.43 amp=1.3265 clamps=0
  taxi             reads=  659 remoteMiB=   583.94 amp=0.5755 clamps=0
  lastfm           reads= 1216 remoteMiB=     3.05 amp=1.7133 clamps=0
  mm               reads= 2785 remoteMiB=  1185.36 amp=2.1837 clamps=0
  clickbench       reads= 1572 remoteMiB=  2861.93 amp=4.6400 clamps=0
  fmnist           reads= 1216 remoteMiB=   184.09 amp=31.4345 clamps=0
  sift             reads= 1216 remoteMiB=   444.89 amp=148.4310 clamps=0
  emb_real         reads= 1216 remoteMiB=     0.90 amp=0.9756 clamps=0
=================================================================

[benchmark] wrote /data/home/haoyueli/aws-sdk-java-v2/services-custom/s3-adaptive-range-reader/target/s3arr-benchmark (report-*.txt + results-v2.csv)
+ mvn -q -pl services-custom/s3-adaptive-range-reader -Djapicmp.skip=true -Dcheckstyle.skip=true -Dspotbugs.skip=true -Dtest=AdaptiveReaderSystemBenchmark test -Ds3arr.trace=/data/home/haoyueli/aws-sdk-java-v2/traces/mixed_holdout.csv -Ds3arr.label=headroom_b512_block1_depth1_template_auto -Ds3arr.cacheBudgetMiB=512 -Ds3arr.prefetchBlockMiB=1 -Ds3arr.prefetchDepth=1 -Ds3arr.apps=1 -Ds3arr.warmup=0 -Ds3arr.iters=1 -Ds3arr.selector=template_auto
[benchmark] loaded 11189 records from /data/home/haoyueli/aws-sdk-java-v2/traces/mixed_holdout.csv

============= Adaptive Range Reader - Policy Sweep =============
label=headroom_b512_block1_depth1_template_auto selector=template_auto reads=11189 warmup=0 iters=1 apps=1 globalCache=512MiB maxFetch=8MiB prefetchBlock=1MiB prefetchDepth=1
remote GETs=4930 remote MiB=2199.61 readAmp=0.8912 cacheHitRate=0.6202 demandClampReads=0
per-prefix metrics:
  tpch             reads= 1309 remoteMiB=   231.09 amp=0.8187 clamps=0
  taxi             reads=  659 remoteMiB=   477.51 amp=0.4706 clamps=0
  lastfm           reads= 1216 remoteMiB=     3.49 amp=1.9590 clamps=0
  mm               reads= 2785 remoteMiB=   679.60 amp=1.2520 clamps=0
  clickbench       reads= 1572 remoteMiB=   637.19 amp=1.0331 clamps=0
  fmnist           reads= 1216 remoteMiB=   107.21 amp=18.3058 clamps=0
  sift             reads= 1216 remoteMiB=    62.62 amp=20.8936 clamps=0
  emb_real         reads= 1216 remoteMiB=     0.90 amp=0.9756 clamps=0
=================================================================

[benchmark] wrote /data/home/haoyueli/aws-sdk-java-v2/services-custom/s3-adaptive-range-reader/target/s3arr-benchmark (report-*.txt + results-v2.csv)
+ mvn -q -pl services-custom/s3-adaptive-range-reader -Djapicmp.skip=true -Dcheckstyle.skip=true -Dspotbugs.skip=true -Dtest=AdaptiveReaderSystemBenchmark test -Ds3arr.trace=/data/home/haoyueli/aws-sdk-java-v2/traces/mixed_holdout.csv -Ds3arr.label=headroom_b512_block1_depth1_decision_tree -Ds3arr.cacheBudgetMiB=512 -Ds3arr.prefetchBlockMiB=1 -Ds3arr.prefetchDepth=1 -Ds3arr.apps=1 -Ds3arr.warmup=0 -Ds3arr.iters=1 -Ds3arr.selector=decision_tree
[benchmark] loaded 11189 records from /data/home/haoyueli/aws-sdk-java-v2/traces/mixed_holdout.csv

============= Adaptive Range Reader - Policy Sweep =============
label=headroom_b512_block1_depth1_decision_tree selector=decision_tree reads=11189 warmup=0 iters=1 apps=1 globalCache=512MiB maxFetch=8MiB prefetchBlock=1MiB prefetchDepth=1
remote GETs=4541 remote MiB=1560.63 readAmp=0.6323 cacheHitRate=0.6185 demandClampReads=0
per-prefix metrics:
  tpch             reads= 1309 remoteMiB=   117.46 amp=0.4161 clamps=0
  taxi             reads=  659 remoteMiB=   397.12 amp=0.3914 clamps=0
  lastfm           reads= 1216 remoteMiB=     3.49 amp=1.9590 clamps=0
  mm               reads= 2785 remoteMiB=   385.99 amp=0.7111 clamps=0
  clickbench       reads= 1572 remoteMiB=   383.87 amp=0.6224 clamps=0
  fmnist           reads= 1216 remoteMiB=   183.23 amp=31.2872 clamps=0
  sift             reads= 1216 remoteMiB=    87.84 amp=29.3053 clamps=0
  emb_real         reads= 1216 remoteMiB=     1.64 amp=1.7763 clamps=0
=================================================================

[benchmark] wrote /data/home/haoyueli/aws-sdk-java-v2/services-custom/s3-adaptive-range-reader/target/s3arr-benchmark (report-*.txt + results-v2.csv)
+ mvn -q -pl services-custom/s3-adaptive-range-reader -Djapicmp.skip=true -Dcheckstyle.skip=true -Dspotbugs.skip=true -Dtest=AdaptiveReaderSystemBenchmark test -Ds3arr.trace=/data/home/haoyueli/aws-sdk-java-v2/traces/mixed_holdout.csv -Ds3arr.label=headroom_b512_block1_depth1_oracle_bytes -Ds3arr.cacheBudgetMiB=512 -Ds3arr.prefetchBlockMiB=1 -Ds3arr.prefetchDepth=1 -Ds3arr.apps=1 -Ds3arr.warmup=0 -Ds3arr.iters=1 -Ds3arr.oracleMap=tpch:template_multimodal,clickbench:template_multimodal,fmnist:s3a_random,sift:template_multimodal,emb_real:s3a_prefetch,lastfm:s3a_prefetch,taxi:template_multimodal,mm:template_multimodal
[benchmark] loaded 11189 records from /data/home/haoyueli/aws-sdk-java-v2/traces/mixed_holdout.csv

============= Adaptive Range Reader - Policy Sweep =============
label=headroom_b512_block1_depth1_oracle_bytes selector=prefix oracle:{tpch=TEMPLATE_MULTIMODAL, clickbench=TEMPLATE_MULTIMODAL, fmnist=S3A_RANDOM, sift=TEMPLATE_MULTIMODAL, emb_real=S3A_PREFETCH, lastfm=S3A_PREFETCH, taxi=TEMPLATE_MULTIMODAL, mm=TEMPLATE_MULTIMODAL} reads=11189 warmup=0 iters=1 apps=1 globalCache=512MiB maxFetch=8MiB prefetchBlock=1MiB prefetchDepth=1
remote GETs=5204 remote MiB=1334.15 readAmp=0.5405 cacheHitRate=0.5350 demandClampReads=0
per-prefix metrics:
  tpch             reads= 1309 remoteMiB=   115.58 amp=0.4095 clamps=0
  taxi             reads=  659 remoteMiB=   339.13 amp=0.3342 clamps=0
  lastfm           reads= 1216 remoteMiB=     3.05 amp=1.7133 clamps=0
  mm               reads= 2785 remoteMiB=   385.54 amp=0.7103 clamps=0
  clickbench       reads= 1572 remoteMiB=   383.19 amp=0.6213 clamps=0
  fmnist           reads= 1216 remoteMiB=    60.60 amp=10.3474 clamps=0
  sift             reads= 1216 remoteMiB=    46.15 amp=15.3991 clamps=0
  emb_real         reads= 1216 remoteMiB=     0.90 amp=0.9756 clamps=0
=================================================================

[benchmark] wrote /data/home/haoyueli/aws-sdk-java-v2/services-custom/s3-adaptive-range-reader/target/s3arr-benchmark (report-*.txt + results-v2.csv)
+ mvn -q -pl services-custom/s3-adaptive-range-reader -Djapicmp.skip=true -Dcheckstyle.skip=true -Dspotbugs.skip=true -Dtest=AdaptiveReaderSystemBenchmark test -Ds3arr.trace=/data/home/haoyueli/aws-sdk-java-v2/traces/mixed_holdout.csv -Ds3arr.label=headroom_b512_block1_depth1_oracle_cost -Ds3arr.cacheBudgetMiB=512 -Ds3arr.prefetchBlockMiB=1 -Ds3arr.prefetchDepth=1 -Ds3arr.apps=1 -Ds3arr.warmup=0 -Ds3arr.iters=1 -Ds3arr.oracleMap=tpch:s3a_prefetch,clickbench:template_multimodal,fmnist:s3a_prefetch,sift:s3a_prefetch,emb_real:s3a_prefetch,lastfm:s3a_prefetch,taxi:template_multimodal,mm:s3a_prefetch
[benchmark] loaded 11189 records from /data/home/haoyueli/aws-sdk-java-v2/traces/mixed_holdout.csv

============= Adaptive Range Reader - Policy Sweep =============
label=headroom_b512_block1_depth1_oracle_cost selector=prefix oracle:{tpch=S3A_PREFETCH, clickbench=TEMPLATE_MULTIMODAL, fmnist=S3A_PREFETCH, sift=S3A_PREFETCH, emb_real=S3A_PREFETCH, lastfm=S3A_PREFETCH, taxi=TEMPLATE_MULTIMODAL, mm=S3A_PREFETCH} reads=11189 warmup=0 iters=1 apps=1 globalCache=512MiB maxFetch=8MiB prefetchBlock=1MiB prefetchDepth=1
remote GETs=3456 remote MiB=2915.04 readAmp=1.1811 cacheHitRate=0.7624 demandClampReads=0
per-prefix metrics:
  tpch             reads= 1309 remoteMiB=   374.43 amp=1.3265 clamps=0
  taxi             reads=  659 remoteMiB=   339.13 amp=0.3342 clamps=0
  lastfm           reads= 1216 remoteMiB=     3.05 amp=1.7133 clamps=0
  mm               reads= 2785 remoteMiB=  1185.36 amp=2.1837 clamps=0
  clickbench       reads= 1572 remoteMiB=   383.19 amp=0.6213 clamps=0
  fmnist           reads= 1216 remoteMiB=   184.09 amp=31.4345 clamps=0
  sift             reads= 1216 remoteMiB=   444.89 amp=148.4310 clamps=0
  emb_real         reads= 1216 remoteMiB=     0.90 amp=0.9756 clamps=0
=================================================================

[benchmark] wrote /data/home/haoyueli/aws-sdk-java-v2/services-custom/s3-adaptive-range-reader/target/s3arr-benchmark (report-*.txt + results-v2.csv)
+ mvn -q -pl services-custom/s3-adaptive-range-reader -Djapicmp.skip=true -Dcheckstyle.skip=true -Dspotbugs.skip=true -Dtest=AdaptiveReaderSystemBenchmark test -Ds3arr.trace=/data/home/haoyueli/aws-sdk-java-v2/traces/mixed_holdout.csv -Ds3arr.label=headroom_b512_block4_depth4_forced_template_locality -Ds3arr.cacheBudgetMiB=512 -Ds3arr.prefetchBlockMiB=4 -Ds3arr.prefetchDepth=4 -Ds3arr.apps=1 -Ds3arr.warmup=0 -Ds3arr.iters=1 -Ds3arr.forcePolicy=template_locality
[benchmark] loaded 11189 records from /data/home/haoyueli/aws-sdk-java-v2/traces/mixed_holdout.csv

============= Adaptive Range Reader - Policy Sweep =============
label=headroom_b512_block4_depth4_forced_template_locality selector=fixed:template_locality reads=11189 warmup=0 iters=1 apps=1 globalCache=512MiB maxFetch=12MiB prefetchBlock=4MiB prefetchDepth=4
remote GETs=8564 remote MiB=2470.21 readAmp=1.0008 cacheHitRate=0.6009 demandClampReads=0
per-prefix metrics:
  tpch             reads= 1309 remoteMiB=   276.84 amp=0.9808 clamps=0
  taxi             reads=  659 remoteMiB=   391.25 amp=0.3856 clamps=0
  lastfm           reads= 1216 remoteMiB=     3.35 amp=1.8835 clamps=0
  mm               reads= 2785 remoteMiB=   759.46 amp=1.3991 clamps=0
  clickbench       reads= 1572 remoteMiB=   683.54 amp=1.1082 clamps=0
  fmnist           reads= 1216 remoteMiB=   197.19 amp=33.6714 clamps=0
  sift             reads= 1216 remoteMiB=   157.38 amp=52.5065 clamps=0
  emb_real         reads= 1216 remoteMiB=     1.21 amp=1.3033 clamps=0
=================================================================

[benchmark] wrote /data/home/haoyueli/aws-sdk-java-v2/services-custom/s3-adaptive-range-reader/target/s3arr-benchmark (report-*.txt + results-v2.csv)
+ mvn -q -pl services-custom/s3-adaptive-range-reader -Djapicmp.skip=true -Dcheckstyle.skip=true -Dspotbugs.skip=true -Dtest=AdaptiveReaderSystemBenchmark test -Ds3arr.trace=/data/home/haoyueli/aws-sdk-java-v2/traces/mixed_holdout.csv -Ds3arr.label=headroom_b512_block4_depth4_forced_s3a_prefetch -Ds3arr.cacheBudgetMiB=512 -Ds3arr.prefetchBlockMiB=4 -Ds3arr.prefetchDepth=4 -Ds3arr.apps=1 -Ds3arr.warmup=0 -Ds3arr.iters=1 -Ds3arr.forcePolicy=s3a_prefetch
[benchmark] loaded 11189 records from /data/home/haoyueli/aws-sdk-java-v2/traces/mixed_holdout.csv

============= Adaptive Range Reader - Policy Sweep =============
label=headroom_b512_block4_depth4_forced_s3a_prefetch selector=fixed:s3a_prefetch reads=11189 warmup=0 iters=1 apps=1 globalCache=512MiB maxFetch=12MiB prefetchBlock=4MiB prefetchDepth=4
remote GETs=7176 remote MiB=28837.48 readAmp=11.6838 cacheHitRate=0.8507 demandClampReads=0
per-prefix metrics:
  tpch             reads= 1309 remoteMiB=   327.49 amp=1.1603 clamps=0
  taxi             reads=  659 remoteMiB=  1876.17 amp=1.8489 clamps=0
  lastfm           reads= 1216 remoteMiB=     3.05 amp=1.7133 clamps=0
  mm               reads= 2785 remoteMiB=  2490.97 amp=4.5889 clamps=0
  clickbench       reads= 1572 remoteMiB= 23447.92 amp=38.0158 clamps=0
  fmnist           reads= 1216 remoteMiB=   182.09 amp=31.0926 clamps=0
  sift             reads= 1216 remoteMiB=   508.88 amp=169.7836 clamps=0
  emb_real         reads= 1216 remoteMiB=     0.90 amp=0.9756 clamps=0
=================================================================

[benchmark] wrote /data/home/haoyueli/aws-sdk-java-v2/services-custom/s3-adaptive-range-reader/target/s3arr-benchmark (report-*.txt + results-v2.csv)
+ mvn -q -pl services-custom/s3-adaptive-range-reader -Djapicmp.skip=true -Dcheckstyle.skip=true -Dspotbugs.skip=true -Dtest=AdaptiveReaderSystemBenchmark test -Ds3arr.trace=/data/home/haoyueli/aws-sdk-java-v2/traces/mixed_holdout.csv -Ds3arr.label=headroom_b512_block4_depth4_template_auto -Ds3arr.cacheBudgetMiB=512 -Ds3arr.prefetchBlockMiB=4 -Ds3arr.prefetchDepth=4 -Ds3arr.apps=1 -Ds3arr.warmup=0 -Ds3arr.iters=1 -Ds3arr.selector=template_auto
[benchmark] loaded 11189 records from /data/home/haoyueli/aws-sdk-java-v2/traces/mixed_holdout.csv

============= Adaptive Range Reader - Policy Sweep =============
label=headroom_b512_block4_depth4_template_auto selector=template_auto reads=11189 warmup=0 iters=1 apps=1 globalCache=512MiB maxFetch=12MiB prefetchBlock=4MiB prefetchDepth=4
remote GETs=5028 remote MiB=6889.35 readAmp=2.7913 cacheHitRate=0.6950 demandClampReads=0
per-prefix metrics:
  tpch             reads= 1309 remoteMiB=   295.34 amp=1.0463 clamps=0
  taxi             reads=  659 remoteMiB=  2129.84 amp=2.0989 clamps=0
  lastfm           reads= 1216 remoteMiB=     3.05 amp=1.7133 clamps=0
  mm               reads= 2785 remoteMiB=   915.75 amp=1.6870 clamps=0
  clickbench       reads= 1572 remoteMiB=  3282.57 amp=5.3220 clamps=0
  fmnist           reads= 1216 remoteMiB=   166.13 amp=28.3678 clamps=0
  sift             reads= 1216 remoteMiB=    95.77 amp=31.9516 clamps=0
  emb_real         reads= 1216 remoteMiB=     0.90 amp=0.9756 clamps=0
=================================================================

[benchmark] wrote /data/home/haoyueli/aws-sdk-java-v2/services-custom/s3-adaptive-range-reader/target/s3arr-benchmark (report-*.txt + results-v2.csv)
+ mvn -q -pl services-custom/s3-adaptive-range-reader -Djapicmp.skip=true -Dcheckstyle.skip=true -Dspotbugs.skip=true -Dtest=AdaptiveReaderSystemBenchmark test -Ds3arr.trace=/data/home/haoyueli/aws-sdk-java-v2/traces/mixed_holdout.csv -Ds3arr.label=headroom_b512_block4_depth4_decision_tree -Ds3arr.cacheBudgetMiB=512 -Ds3arr.prefetchBlockMiB=4 -Ds3arr.prefetchDepth=4 -Ds3arr.apps=1 -Ds3arr.warmup=0 -Ds3arr.iters=1 -Ds3arr.selector=decision_tree
[benchmark] loaded 11189 records from /data/home/haoyueli/aws-sdk-java-v2/traces/mixed_holdout.csv

============= Adaptive Range Reader - Policy Sweep =============
label=headroom_b512_block4_depth4_decision_tree selector=decision_tree reads=11189 warmup=0 iters=1 apps=1 globalCache=512MiB maxFetch=12MiB prefetchBlock=4MiB prefetchDepth=4
remote GETs=4683 remote MiB=1746.40 readAmp=0.7076 cacheHitRate=0.6324 demandClampReads=0
per-prefix metrics:
  tpch             reads= 1309 remoteMiB=   117.77 amp=0.4172 clamps=0
  taxi             reads=  659 remoteMiB=   519.20 amp=0.5117 clamps=0
  lastfm           reads= 1216 remoteMiB=     3.05 amp=1.7133 clamps=0
  mm               reads= 2785 remoteMiB=   386.49 amp=0.7120 clamps=0
  clickbench       reads= 1572 remoteMiB=   383.87 amp=0.6224 clamps=0
  fmnist           reads= 1216 remoteMiB=   182.10 amp=31.0947 clamps=0
  sift             reads= 1216 remoteMiB=   152.28 amp=50.8048 clamps=0
  emb_real         reads= 1216 remoteMiB=     1.64 amp=1.7763 clamps=0
=================================================================

[benchmark] wrote /data/home/haoyueli/aws-sdk-java-v2/services-custom/s3-adaptive-range-reader/target/s3arr-benchmark (report-*.txt + results-v2.csv)
+ mvn -q -pl services-custom/s3-adaptive-range-reader -Djapicmp.skip=true -Dcheckstyle.skip=true -Dspotbugs.skip=true -Dtest=AdaptiveReaderSystemBenchmark test -Ds3arr.trace=/data/home/haoyueli/aws-sdk-java-v2/traces/mixed_holdout.csv -Ds3arr.label=headroom_b512_block4_depth4_oracle_bytes -Ds3arr.cacheBudgetMiB=512 -Ds3arr.prefetchBlockMiB=4 -Ds3arr.prefetchDepth=4 -Ds3arr.apps=1 -Ds3arr.warmup=0 -Ds3arr.iters=1 -Ds3arr.oracleMap=tpch:template_multimodal,clickbench:template_multimodal,fmnist:s3a_random,sift:template_multimodal,emb_real:s3a_prefetch,lastfm:s3a_prefetch,taxi:template_multimodal,mm:template_multimodal
[benchmark] loaded 11189 records from /data/home/haoyueli/aws-sdk-java-v2/traces/mixed_holdout.csv

============= Adaptive Range Reader - Policy Sweep =============
label=headroom_b512_block4_depth4_oracle_bytes selector=prefix oracle:{tpch=TEMPLATE_MULTIMODAL, clickbench=TEMPLATE_MULTIMODAL, fmnist=S3A_RANDOM, sift=TEMPLATE_MULTIMODAL, emb_real=S3A_PREFETCH, lastfm=S3A_PREFETCH, taxi=TEMPLATE_MULTIMODAL, mm=TEMPLATE_MULTIMODAL} reads=11189 warmup=0 iters=1 apps=1 globalCache=512MiB maxFetch=12MiB prefetchBlock=4MiB prefetchDepth=4
remote GETs=5202 remote MiB=1334.15 readAmp=0.5405 cacheHitRate=0.5351 demandClampReads=0
per-prefix metrics:
  tpch             reads= 1309 remoteMiB=   115.58 amp=0.4095 clamps=0
  taxi             reads=  659 remoteMiB=   339.13 amp=0.3342 clamps=0
  lastfm           reads= 1216 remoteMiB=     3.05 amp=1.7133 clamps=0
  mm               reads= 2785 remoteMiB=   385.54 amp=0.7103 clamps=0
  clickbench       reads= 1572 remoteMiB=   383.19 amp=0.6213 clamps=0
  fmnist           reads= 1216 remoteMiB=    60.60 amp=10.3474 clamps=0
  sift             reads= 1216 remoteMiB=    46.15 amp=15.3991 clamps=0
  emb_real         reads= 1216 remoteMiB=     0.90 amp=0.9756 clamps=0
=================================================================

[benchmark] wrote /data/home/haoyueli/aws-sdk-java-v2/services-custom/s3-adaptive-range-reader/target/s3arr-benchmark (report-*.txt + results-v2.csv)
+ mvn -q -pl services-custom/s3-adaptive-range-reader -Djapicmp.skip=true -Dcheckstyle.skip=true -Dspotbugs.skip=true -Dtest=AdaptiveReaderSystemBenchmark test -Ds3arr.trace=/data/home/haoyueli/aws-sdk-java-v2/traces/mixed_holdout.csv -Ds3arr.label=headroom_b512_block4_depth4_oracle_cost -Ds3arr.cacheBudgetMiB=512 -Ds3arr.prefetchBlockMiB=4 -Ds3arr.prefetchDepth=4 -Ds3arr.apps=1 -Ds3arr.warmup=0 -Ds3arr.iters=1 -Ds3arr.oracleMap=tpch:s3a_prefetch,clickbench:template_multimodal,fmnist:s3a_prefetch,sift:s3a_prefetch,emb_real:s3a_prefetch,lastfm:s3a_prefetch,taxi:template_multimodal,mm:s3a_prefetch
[benchmark] loaded 11189 records from /data/home/haoyueli/aws-sdk-java-v2/traces/mixed_holdout.csv

============= Adaptive Range Reader - Policy Sweep =============
label=headroom_b512_block4_depth4_oracle_cost selector=prefix oracle:{tpch=S3A_PREFETCH, clickbench=TEMPLATE_MULTIMODAL, fmnist=S3A_PREFETCH, sift=S3A_PREFETCH, emb_real=S3A_PREFETCH, lastfm=S3A_PREFETCH, taxi=TEMPLATE_MULTIMODAL, mm=S3A_PREFETCH} reads=11189 warmup=0 iters=1 apps=1 globalCache=512MiB maxFetch=12MiB prefetchBlock=4MiB prefetchDepth=4
remote GETs=2249 remote MiB=4235.71 readAmp=1.7161 cacheHitRate=0.8527 demandClampReads=0
per-prefix metrics:
  tpch             reads= 1309 remoteMiB=   327.49 amp=1.1603 clamps=0
  taxi             reads=  659 remoteMiB=   339.13 amp=0.3342 clamps=0
  lastfm           reads= 1216 remoteMiB=     3.05 amp=1.7133 clamps=0
  mm               reads= 2785 remoteMiB=  2490.97 amp=4.5889 clamps=0
  clickbench       reads= 1572 remoteMiB=   383.19 amp=0.6213 clamps=0
  fmnist           reads= 1216 remoteMiB=   182.09 amp=31.0926 clamps=0
  sift             reads= 1216 remoteMiB=   508.88 amp=169.7836 clamps=0
  emb_real         reads= 1216 remoteMiB=     0.90 amp=0.9756 clamps=0
=================================================================

[benchmark] wrote /data/home/haoyueli/aws-sdk-java-v2/services-custom/s3-adaptive-range-reader/target/s3arr-benchmark (report-*.txt + results-v2.csv)
+ mvn -q -pl services-custom/s3-adaptive-range-reader -Djapicmp.skip=true -Dcheckstyle.skip=true -Dspotbugs.skip=true -Dtest=AdaptiveReaderSystemBenchmark test -Ds3arr.trace=/data/home/haoyueli/aws-sdk-java-v2/traces/mixed_holdout.csv -Ds3arr.label=headroom_b512_block8_depth8_forced_template_locality -Ds3arr.cacheBudgetMiB=512 -Ds3arr.prefetchBlockMiB=8 -Ds3arr.prefetchDepth=8 -Ds3arr.apps=1 -Ds3arr.warmup=0 -Ds3arr.iters=1 -Ds3arr.forcePolicy=template_locality
[benchmark] loaded 11189 records from /data/home/haoyueli/aws-sdk-java-v2/traces/mixed_holdout.csv

============= Adaptive Range Reader - Policy Sweep =============
label=headroom_b512_block8_depth8_forced_template_locality selector=fixed:template_locality reads=11189 warmup=0 iters=1 apps=1 globalCache=512MiB maxFetch=20MiB prefetchBlock=8MiB prefetchDepth=8
remote GETs=11671 remote MiB=3335.17 readAmp=1.3513 cacheHitRate=0.6095 demandClampReads=0
per-prefix metrics:
  tpch             reads= 1309 remoteMiB=   348.84 amp=1.2359 clamps=0
  taxi             reads=  659 remoteMiB=   433.79 amp=0.4275 clamps=0
  lastfm           reads= 1216 remoteMiB=     3.23 amp=1.8133 clamps=0
  mm               reads= 2785 remoteMiB=   972.90 amp=1.7923 clamps=0
  clickbench       reads= 1572 remoteMiB=  1146.33 amp=1.8585 clamps=0
  fmnist           reads= 1216 remoteMiB=   201.69 amp=34.4398 clamps=0
  sift             reads= 1216 remoteMiB=   227.19 amp=75.7986 clamps=0
  emb_real         reads= 1216 remoteMiB=     1.21 amp=1.3033 clamps=0
=================================================================

[benchmark] wrote /data/home/haoyueli/aws-sdk-java-v2/services-custom/s3-adaptive-range-reader/target/s3arr-benchmark (report-*.txt + results-v2.csv)
+ mvn -q -pl services-custom/s3-adaptive-range-reader -Djapicmp.skip=true -Dcheckstyle.skip=true -Dspotbugs.skip=true -Dtest=AdaptiveReaderSystemBenchmark test -Ds3arr.trace=/data/home/haoyueli/aws-sdk-java-v2/traces/mixed_holdout.csv -Ds3arr.label=headroom_b512_block8_depth8_forced_s3a_prefetch -Ds3arr.cacheBudgetMiB=512 -Ds3arr.prefetchBlockMiB=8 -Ds3arr.prefetchDepth=8 -Ds3arr.apps=1 -Ds3arr.warmup=0 -Ds3arr.iters=1 -Ds3arr.forcePolicy=s3a_prefetch
[benchmark] loaded 11189 records from /data/home/haoyueli/aws-sdk-java-v2/traces/mixed_holdout.csv

============= Adaptive Range Reader - Policy Sweep =============
label=headroom_b512_block8_depth8_forced_s3a_prefetch selector=fixed:s3a_prefetch reads=11189 warmup=0 iters=1 apps=1 globalCache=512MiB maxFetch=20MiB prefetchBlock=8MiB prefetchDepth=8
remote GETs=9217 remote MiB=73596.67 readAmp=29.8185 cacheHitRate=0.9308 demandClampReads=0
per-prefix metrics:
  tpch             reads= 1309 remoteMiB=   326.89 amp=1.1581 clamps=0
  taxi             reads=  659 remoteMiB=  1491.43 amp=1.4698 clamps=0
  lastfm           reads= 1216 remoteMiB=     3.05 amp=1.7133 clamps=0
  mm               reads= 2785 remoteMiB=  6396.04 amp=11.7830 clamps=0
  clickbench       reads= 1572 remoteMiB= 64687.37 amp=104.8767 clamps=0
  fmnist           reads= 1216 remoteMiB=   182.09 amp=31.0926 clamps=0
  sift             reads= 1216 remoteMiB=   508.88 amp=169.7836 clamps=0
  emb_real         reads= 1216 remoteMiB=     0.90 amp=0.9756 clamps=0
=================================================================

[benchmark] wrote /data/home/haoyueli/aws-sdk-java-v2/services-custom/s3-adaptive-range-reader/target/s3arr-benchmark (report-*.txt + results-v2.csv)
+ mvn -q -pl services-custom/s3-adaptive-range-reader -Djapicmp.skip=true -Dcheckstyle.skip=true -Dspotbugs.skip=true -Dtest=AdaptiveReaderSystemBenchmark test -Ds3arr.trace=/data/home/haoyueli/aws-sdk-java-v2/traces/mixed_holdout.csv -Ds3arr.label=headroom_b512_block8_depth8_template_auto -Ds3arr.cacheBudgetMiB=512 -Ds3arr.prefetchBlockMiB=8 -Ds3arr.prefetchDepth=8 -Ds3arr.apps=1 -Ds3arr.warmup=0 -Ds3arr.iters=1 -Ds3arr.selector=template_auto
[benchmark] loaded 11189 records from /data/home/haoyueli/aws-sdk-java-v2/traces/mixed_holdout.csv

============= Adaptive Range Reader - Policy Sweep =============
label=headroom_b512_block8_depth8_template_auto selector=template_auto reads=11189 warmup=0 iters=1 apps=1 globalCache=512MiB maxFetch=20MiB prefetchBlock=8MiB prefetchDepth=8
remote GETs=5135 remote MiB=13045.99 readAmp=5.2857 cacheHitRate=0.7302 demandClampReads=0
per-prefix metrics:
  tpch             reads= 1309 remoteMiB=   299.69 amp=1.0618 clamps=0
  taxi             reads=  659 remoteMiB=  1578.09 amp=1.5552 clamps=0
  lastfm           reads= 1216 remoteMiB=     3.05 amp=1.7133 clamps=0
  mm               reads= 2785 remoteMiB=  1349.03 amp=2.4852 clamps=0
  clickbench       reads= 1572 remoteMiB=  9497.34 amp=15.3979 clamps=0
  fmnist           reads= 1216 remoteMiB=   196.51 amp=33.5545 clamps=0
  sift             reads= 1216 remoteMiB=   121.39 amp=40.5011 clamps=0
  emb_real         reads= 1216 remoteMiB=     0.90 amp=0.9756 clamps=0
=================================================================

[benchmark] wrote /data/home/haoyueli/aws-sdk-java-v2/services-custom/s3-adaptive-range-reader/target/s3arr-benchmark (report-*.txt + results-v2.csv)
+ mvn -q -pl services-custom/s3-adaptive-range-reader -Djapicmp.skip=true -Dcheckstyle.skip=true -Dspotbugs.skip=true -Dtest=AdaptiveReaderSystemBenchmark test -Ds3arr.trace=/data/home/haoyueli/aws-sdk-java-v2/traces/mixed_holdout.csv -Ds3arr.label=headroom_b512_block8_depth8_decision_tree -Ds3arr.cacheBudgetMiB=512 -Ds3arr.prefetchBlockMiB=8 -Ds3arr.prefetchDepth=8 -Ds3arr.apps=1 -Ds3arr.warmup=0 -Ds3arr.iters=1 -Ds3arr.selector=decision_tree
[benchmark] loaded 11189 records from /data/home/haoyueli/aws-sdk-java-v2/traces/mixed_holdout.csv

============= Adaptive Range Reader - Policy Sweep =============
label=headroom_b512_block8_depth8_decision_tree selector=decision_tree reads=11189 warmup=0 iters=1 apps=1 globalCache=512MiB maxFetch=20MiB prefetchBlock=8MiB prefetchDepth=8
remote GETs=4990 remote MiB=1829.12 readAmp=0.7411 cacheHitRate=0.6383 demandClampReads=0
per-prefix metrics:
  tpch             reads= 1309 remoteMiB=   118.77 amp=0.4208 clamps=0
  taxi             reads=  659 remoteMiB=   535.49 amp=0.5277 clamps=0
  lastfm           reads= 1216 remoteMiB=     3.05 amp=1.7133 clamps=0
  mm               reads= 2785 remoteMiB=   386.49 amp=0.7120 clamps=0
  clickbench       reads= 1572 remoteMiB=   383.87 amp=0.6224 clamps=0
  fmnist           reads= 1216 remoteMiB=   182.04 amp=31.0840 clamps=0
  sift             reads= 1216 remoteMiB=   217.78 amp=72.6582 clamps=0
  emb_real         reads= 1216 remoteMiB=     1.64 amp=1.7763 clamps=0
=================================================================

[benchmark] wrote /data/home/haoyueli/aws-sdk-java-v2/services-custom/s3-adaptive-range-reader/target/s3arr-benchmark (report-*.txt + results-v2.csv)
+ mvn -q -pl services-custom/s3-adaptive-range-reader -Djapicmp.skip=true -Dcheckstyle.skip=true -Dspotbugs.skip=true -Dtest=AdaptiveReaderSystemBenchmark test -Ds3arr.trace=/data/home/haoyueli/aws-sdk-java-v2/traces/mixed_holdout.csv -Ds3arr.label=headroom_b512_block8_depth8_oracle_bytes -Ds3arr.cacheBudgetMiB=512 -Ds3arr.prefetchBlockMiB=8 -Ds3arr.prefetchDepth=8 -Ds3arr.apps=1 -Ds3arr.warmup=0 -Ds3arr.iters=1 -Ds3arr.oracleMap=tpch:template_multimodal,clickbench:template_multimodal,fmnist:s3a_random,sift:template_multimodal,emb_real:s3a_prefetch,lastfm:s3a_prefetch,taxi:template_multimodal,mm:template_multimodal
[benchmark] loaded 11189 records from /data/home/haoyueli/aws-sdk-java-v2/traces/mixed_holdout.csv

============= Adaptive Range Reader - Policy Sweep =============
label=headroom_b512_block8_depth8_oracle_bytes selector=prefix oracle:{tpch=TEMPLATE_MULTIMODAL, clickbench=TEMPLATE_MULTIMODAL, fmnist=S3A_RANDOM, sift=TEMPLATE_MULTIMODAL, emb_real=S3A_PREFETCH, lastfm=S3A_PREFETCH, taxi=TEMPLATE_MULTIMODAL, mm=TEMPLATE_MULTIMODAL} reads=11189 warmup=0 iters=1 apps=1 globalCache=512MiB maxFetch=20MiB prefetchBlock=8MiB prefetchDepth=8
remote GETs=5202 remote MiB=1334.15 readAmp=0.5405 cacheHitRate=0.5351 demandClampReads=0
per-prefix metrics:
  tpch             reads= 1309 remoteMiB=   115.58 amp=0.4095 clamps=0
  taxi             reads=  659 remoteMiB=   339.13 amp=0.3342 clamps=0
  lastfm           reads= 1216 remoteMiB=     3.05 amp=1.7133 clamps=0
  mm               reads= 2785 remoteMiB=   385.54 amp=0.7103 clamps=0
  clickbench       reads= 1572 remoteMiB=   383.19 amp=0.6213 clamps=0
  fmnist           reads= 1216 remoteMiB=    60.60 amp=10.3474 clamps=0
  sift             reads= 1216 remoteMiB=    46.15 amp=15.3991 clamps=0
  emb_real         reads= 1216 remoteMiB=     0.90 amp=0.9756 clamps=0
=================================================================

[benchmark] wrote /data/home/haoyueli/aws-sdk-java-v2/services-custom/s3-adaptive-range-reader/target/s3arr-benchmark (report-*.txt + results-v2.csv)
+ mvn -q -pl services-custom/s3-adaptive-range-reader -Djapicmp.skip=true -Dcheckstyle.skip=true -Dspotbugs.skip=true -Dtest=AdaptiveReaderSystemBenchmark test -Ds3arr.trace=/data/home/haoyueli/aws-sdk-java-v2/traces/mixed_holdout.csv -Ds3arr.label=headroom_b512_block8_depth8_oracle_cost -Ds3arr.cacheBudgetMiB=512 -Ds3arr.prefetchBlockMiB=8 -Ds3arr.prefetchDepth=8 -Ds3arr.apps=1 -Ds3arr.warmup=0 -Ds3arr.iters=1 -Ds3arr.oracleMap=tpch:s3a_prefetch,clickbench:template_multimodal,fmnist:s3a_prefetch,sift:s3a_prefetch,emb_real:s3a_prefetch,lastfm:s3a_prefetch,taxi:template_multimodal,mm:template_multimodal
[benchmark] loaded 11189 records from /data/home/haoyueli/aws-sdk-java-v2/traces/mixed_holdout.csv

============= Adaptive Range Reader - Policy Sweep =============
label=headroom_b512_block8_depth8_oracle_cost selector=prefix oracle:{tpch=S3A_PREFETCH, clickbench=TEMPLATE_MULTIMODAL, fmnist=S3A_PREFETCH, sift=S3A_PREFETCH, emb_real=S3A_PREFETCH, lastfm=S3A_PREFETCH, taxi=TEMPLATE_MULTIMODAL, mm=TEMPLATE_MULTIMODAL} reads=11189 warmup=0 iters=1 apps=1 globalCache=512MiB maxFetch=20MiB prefetchBlock=8MiB prefetchDepth=8
remote GETs=3013 remote MiB=2129.68 readAmp=0.8629 cacheHitRate=0.7396 demandClampReads=0
per-prefix metrics:
  tpch             reads= 1309 remoteMiB=   326.89 amp=1.1581 clamps=0
  taxi             reads=  659 remoteMiB=   339.13 amp=0.3342 clamps=0
  lastfm           reads= 1216 remoteMiB=     3.05 amp=1.7133 clamps=0
  mm               reads= 2785 remoteMiB=   385.54 amp=0.7103 clamps=0
  clickbench       reads= 1572 remoteMiB=   383.19 amp=0.6213 clamps=0
  fmnist           reads= 1216 remoteMiB=   182.09 amp=31.0926 clamps=0
  sift             reads= 1216 remoteMiB=   508.88 amp=169.7836 clamps=0
  emb_real         reads= 1216 remoteMiB=     0.90 amp=0.9756 clamps=0
=================================================================

[benchmark] wrote /data/home/haoyueli/aws-sdk-java-v2/services-custom/s3-adaptive-range-reader/target/s3arr-benchmark (report-*.txt + results-v2.csv)
+ mvn -q -pl services-custom/s3-adaptive-range-reader -Djapicmp.skip=true -Dcheckstyle.skip=true -Dspotbugs.skip=true -Dtest=AdaptiveReaderSystemBenchmark test -Ds3arr.trace=/data/home/haoyueli/aws-sdk-java-v2/traces/mixed_holdout.csv -Ds3arr.label=headroom_b1024_block1_depth0_passthrough -Ds3arr.cacheBudgetMiB=1024 -Ds3arr.prefetchBlockMiB=1 -Ds3arr.prefetchDepth=0 -Ds3arr.apps=1 -Ds3arr.warmup=0 -Ds3arr.iters=1 -Ds3arr.selector=passthrough
[benchmark] loaded 11189 records from /data/home/haoyueli/aws-sdk-java-v2/traces/mixed_holdout.csv

============= Adaptive Range Reader - Policy Sweep =============
label=headroom_b1024_block1_depth0_passthrough selector=passthrough reads=11189 warmup=0 iters=1 apps=1 globalCache=1024MiB maxFetch=8MiB prefetchBlock=1MiB prefetchDepth=0
remote GETs=11189 remote MiB=2468.16 readAmp=1.0000 cacheHitRate=0.0000 demandClampReads=0
per-prefix metrics:
  tpch             reads= 1309 remoteMiB=   282.26 amp=1.0000 clamps=0
  taxi             reads=  659 remoteMiB=  1014.73 amp=1.0000 clamps=0
  lastfm           reads= 1216 remoteMiB=     1.78 amp=1.0000 clamps=0
  mm               reads= 2785 remoteMiB=   542.82 amp=1.0000 clamps=0
  clickbench       reads= 1572 remoteMiB=   616.79 amp=1.0000 clamps=0
  fmnist           reads= 1216 remoteMiB=     5.86 amp=1.0000 clamps=0
  sift             reads= 1216 remoteMiB=     3.00 amp=1.0000 clamps=0
  emb_real         reads= 1216 remoteMiB=     0.92 amp=1.0000 clamps=0
=================================================================

[benchmark] wrote /data/home/haoyueli/aws-sdk-java-v2/services-custom/s3-adaptive-range-reader/target/s3arr-benchmark (report-*.txt + results-v2.csv)
+ mvn -q -pl services-custom/s3-adaptive-range-reader -Djapicmp.skip=true -Dcheckstyle.skip=true -Dspotbugs.skip=true -Dtest=AdaptiveReaderSystemBenchmark test -Ds3arr.trace=/data/home/haoyueli/aws-sdk-java-v2/traces/mixed_holdout.csv -Ds3arr.label=headroom_b1024_block1_depth0_forced_s3a_random -Ds3arr.cacheBudgetMiB=1024 -Ds3arr.prefetchBlockMiB=1 -Ds3arr.prefetchDepth=0 -Ds3arr.apps=1 -Ds3arr.warmup=0 -Ds3arr.iters=1 -Ds3arr.forcePolicy=s3a_random
[benchmark] loaded 11189 records from /data/home/haoyueli/aws-sdk-java-v2/traces/mixed_holdout.csv

============= Adaptive Range Reader - Policy Sweep =============
label=headroom_b1024_block1_depth0_forced_s3a_random selector=fixed:s3a_random reads=11189 warmup=0 iters=1 apps=1 globalCache=1024MiB maxFetch=8MiB prefetchBlock=1MiB prefetchDepth=0
remote GETs=5304 remote MiB=1343.81 readAmp=0.5445 cacheHitRate=0.5260 demandClampReads=0
per-prefix metrics:
  tpch             reads= 1309 remoteMiB=   117.04 amp=0.4147 clamps=0
  taxi             reads=  659 remoteMiB=   339.34 amp=0.3344 clamps=0
  lastfm           reads= 1216 remoteMiB=     5.23 amp=2.9365 clamps=0
  mm               reads= 2785 remoteMiB=   388.47 amp=0.7157 clamps=0
  clickbench       reads= 1572 remoteMiB=   384.05 amp=0.6227 clamps=0
  fmnist           reads= 1216 remoteMiB=    60.60 amp=10.3474 clamps=0
  sift             reads= 1216 remoteMiB=    47.40 amp=15.8137 clamps=0
  emb_real         reads= 1216 remoteMiB=     1.68 amp=1.8145 clamps=0
=================================================================

[benchmark] wrote /data/home/haoyueli/aws-sdk-java-v2/services-custom/s3-adaptive-range-reader/target/s3arr-benchmark (report-*.txt + results-v2.csv)
+ mvn -q -pl services-custom/s3-adaptive-range-reader -Djapicmp.skip=true -Dcheckstyle.skip=true -Dspotbugs.skip=true -Dtest=AdaptiveReaderSystemBenchmark test -Ds3arr.trace=/data/home/haoyueli/aws-sdk-java-v2/traces/mixed_holdout.csv -Ds3arr.label=headroom_b1024_block1_depth0_forced_template_locality -Ds3arr.cacheBudgetMiB=1024 -Ds3arr.prefetchBlockMiB=1 -Ds3arr.prefetchDepth=0 -Ds3arr.apps=1 -Ds3arr.warmup=0 -Ds3arr.iters=1 -Ds3arr.forcePolicy=template_locality
[benchmark] loaded 11189 records from /data/home/haoyueli/aws-sdk-java-v2/traces/mixed_holdout.csv

============= Adaptive Range Reader - Policy Sweep =============
label=headroom_b1024_block1_depth0_forced_template_locality selector=fixed:template_locality reads=11189 warmup=0 iters=1 apps=1 globalCache=1024MiB maxFetch=8MiB prefetchBlock=1MiB prefetchDepth=0
remote GETs=4942 remote MiB=1490.62 readAmp=0.6039 cacheHitRate=0.5583 demandClampReads=0
per-prefix metrics:
  tpch             reads= 1309 remoteMiB=   142.78 amp=0.5059 clamps=0
  taxi             reads=  659 remoteMiB=   346.31 amp=0.3413 clamps=0
  lastfm           reads= 1216 remoteMiB=     3.73 amp=2.0941 clamps=0
  mm               reads= 2785 remoteMiB=   436.56 amp=0.8043 clamps=0
  clickbench       reads= 1572 remoteMiB=   392.04 amp=0.6356 clamps=0
  fmnist           reads= 1216 remoteMiB=   105.01 amp=17.9318 clamps=0
  sift             reads= 1216 remoteMiB=    63.06 amp=21.0395 clamps=0
  emb_real         reads= 1216 remoteMiB=     1.12 amp=1.2063 clamps=0
=================================================================

[benchmark] wrote /data/home/haoyueli/aws-sdk-java-v2/services-custom/s3-adaptive-range-reader/target/s3arr-benchmark (report-*.txt + results-v2.csv)
+ mvn -q -pl services-custom/s3-adaptive-range-reader -Djapicmp.skip=true -Dcheckstyle.skip=true -Dspotbugs.skip=true -Dtest=AdaptiveReaderSystemBenchmark test -Ds3arr.trace=/data/home/haoyueli/aws-sdk-java-v2/traces/mixed_holdout.csv -Ds3arr.label=headroom_b1024_block1_depth0_forced_s3a_prefetch -Ds3arr.cacheBudgetMiB=1024 -Ds3arr.prefetchBlockMiB=1 -Ds3arr.prefetchDepth=0 -Ds3arr.apps=1 -Ds3arr.warmup=0 -Ds3arr.iters=1 -Ds3arr.forcePolicy=s3a_prefetch
[benchmark] loaded 11189 records from /data/home/haoyueli/aws-sdk-java-v2/traces/mixed_holdout.csv

============= Adaptive Range Reader - Policy Sweep =============
label=headroom_b1024_block1_depth0_forced_s3a_prefetch selector=fixed:s3a_prefetch reads=11189 warmup=0 iters=1 apps=1 globalCache=1024MiB maxFetch=8MiB prefetchBlock=1MiB prefetchDepth=0
remote GETs=2676 remote MiB=3210.50 readAmp=1.3008 cacheHitRate=0.7608 demandClampReads=0
per-prefix metrics:
  tpch             reads= 1309 remoteMiB=   296.43 amp=1.0502 clamps=0
  taxi             reads=  659 remoteMiB=   490.94 amp=0.4838 clamps=0
  lastfm           reads= 1216 remoteMiB=     3.05 amp=1.7133 clamps=0
  mm               reads= 2785 remoteMiB=   823.59 amp=1.5172 clamps=0
  clickbench       reads= 1572 remoteMiB=  1070.61 amp=1.7358 clamps=0
  fmnist           reads= 1216 remoteMiB=   184.09 amp=31.4345 clamps=0
  sift             reads= 1216 remoteMiB=   340.89 amp=113.7326 clamps=0
  emb_real         reads= 1216 remoteMiB=     0.90 amp=0.9756 clamps=0
=================================================================

[benchmark] wrote /data/home/haoyueli/aws-sdk-java-v2/services-custom/s3-adaptive-range-reader/target/s3arr-benchmark (report-*.txt + results-v2.csv)
+ mvn -q -pl services-custom/s3-adaptive-range-reader -Djapicmp.skip=true -Dcheckstyle.skip=true -Dspotbugs.skip=true -Dtest=AdaptiveReaderSystemBenchmark test -Ds3arr.trace=/data/home/haoyueli/aws-sdk-java-v2/traces/mixed_holdout.csv -Ds3arr.label=headroom_b1024_block1_depth0_forced_template_multimodal -Ds3arr.cacheBudgetMiB=1024 -Ds3arr.prefetchBlockMiB=1 -Ds3arr.prefetchDepth=0 -Ds3arr.apps=1 -Ds3arr.warmup=0 -Ds3arr.iters=1 -Ds3arr.forcePolicy=template_multimodal
[benchmark] loaded 11189 records from /data/home/haoyueli/aws-sdk-java-v2/traces/mixed_holdout.csv

============= Adaptive Range Reader - Policy Sweep =============
label=headroom_b1024_block1_depth0_forced_template_multimodal selector=fixed:template_multimodal reads=11189 warmup=0 iters=1 apps=1 globalCache=1024MiB maxFetch=8MiB prefetchBlock=1MiB prefetchDepth=0
remote GETs=5241 remote MiB=1337.39 readAmp=0.5419 cacheHitRate=0.5316 demandClampReads=0
per-prefix metrics:
  tpch             reads= 1309 remoteMiB=   115.58 amp=0.4095 clamps=0
  taxi             reads=  659 remoteMiB=   339.13 amp=0.3342 clamps=0
  lastfm           reads= 1216 remoteMiB=     3.17 amp=1.7782 clamps=0
  mm               reads= 2785 remoteMiB=   385.54 amp=0.7103 clamps=0
  clickbench       reads= 1572 remoteMiB=   383.19 amp=0.6213 clamps=0
  fmnist           reads= 1216 remoteMiB=    63.63 amp=10.8658 clamps=0
  sift             reads= 1216 remoteMiB=    46.15 amp=15.3991 clamps=0
  emb_real         reads= 1216 remoteMiB=     0.99 amp=1.0711 clamps=0
=================================================================

[benchmark] wrote /data/home/haoyueli/aws-sdk-java-v2/services-custom/s3-adaptive-range-reader/target/s3arr-benchmark (report-*.txt + results-v2.csv)
+ mvn -q -pl services-custom/s3-adaptive-range-reader -Djapicmp.skip=true -Dcheckstyle.skip=true -Dspotbugs.skip=true -Dtest=AdaptiveReaderSystemBenchmark test -Ds3arr.trace=/data/home/haoyueli/aws-sdk-java-v2/traces/mixed_holdout.csv -Ds3arr.label=headroom_b1024_block1_depth0_template_auto -Ds3arr.cacheBudgetMiB=1024 -Ds3arr.prefetchBlockMiB=1 -Ds3arr.prefetchDepth=0 -Ds3arr.apps=1 -Ds3arr.warmup=0 -Ds3arr.iters=1 -Ds3arr.selector=template_auto
[benchmark] loaded 11189 records from /data/home/haoyueli/aws-sdk-java-v2/traces/mixed_holdout.csv

============= Adaptive Range Reader - Policy Sweep =============
label=headroom_b1024_block1_depth0_template_auto selector=template_auto reads=11189 warmup=0 iters=1 apps=1 globalCache=1024MiB maxFetch=8MiB prefetchBlock=1MiB prefetchDepth=0
remote GETs=4545 remote MiB=1768.01 readAmp=0.7163 cacheHitRate=0.5938 demandClampReads=0
per-prefix metrics:
  tpch             reads= 1309 remoteMiB=   177.82 amp=0.6300 clamps=0
  taxi             reads=  659 remoteMiB=   408.51 amp=0.4026 clamps=0
  lastfm           reads= 1216 remoteMiB=     3.80 amp=2.1345 clamps=0
  mm               reads= 2785 remoteMiB=   540.15 amp=0.9951 clamps=0
  clickbench       reads= 1572 remoteMiB=   505.75 amp=0.8200 clamps=0
  fmnist           reads= 1216 remoteMiB=    78.46 amp=13.3966 clamps=0
  sift             reads= 1216 remoteMiB=    52.62 amp=17.5572 clamps=0
  emb_real         reads= 1216 remoteMiB=     0.90 amp=0.9756 clamps=0
=================================================================

[benchmark] wrote /data/home/haoyueli/aws-sdk-java-v2/services-custom/s3-adaptive-range-reader/target/s3arr-benchmark (report-*.txt + results-v2.csv)
+ mvn -q -pl services-custom/s3-adaptive-range-reader -Djapicmp.skip=true -Dcheckstyle.skip=true -Dspotbugs.skip=true -Dtest=AdaptiveReaderSystemBenchmark test -Ds3arr.trace=/data/home/haoyueli/aws-sdk-java-v2/traces/mixed_holdout.csv -Ds3arr.label=headroom_b1024_block1_depth0_decision_tree -Ds3arr.cacheBudgetMiB=1024 -Ds3arr.prefetchBlockMiB=1 -Ds3arr.prefetchDepth=0 -Ds3arr.apps=1 -Ds3arr.warmup=0 -Ds3arr.iters=1 -Ds3arr.selector=decision_tree
[benchmark] loaded 11189 records from /data/home/haoyueli/aws-sdk-java-v2/traces/mixed_holdout.csv

============= Adaptive Range Reader - Policy Sweep =============
label=headroom_b1024_block1_depth0_decision_tree selector=decision_tree reads=11189 warmup=0 iters=1 apps=1 globalCache=1024MiB maxFetch=8MiB prefetchBlock=1MiB prefetchDepth=0
remote GETs=4385 remote MiB=1505.88 readAmp=0.6101 cacheHitRate=0.6081 demandClampReads=0
per-prefix metrics:
  tpch             reads= 1309 remoteMiB=   117.46 amp=0.4161 clamps=0
  taxi             reads=  659 remoteMiB=   367.12 amp=0.3618 clamps=0
  lastfm           reads= 1216 remoteMiB=     3.49 amp=1.9590 clamps=0
  mm               reads= 2785 remoteMiB=   385.74 amp=0.7106 clamps=0
  clickbench       reads= 1572 remoteMiB=   383.87 amp=0.6224 clamps=0
  fmnist           reads= 1216 remoteMiB=   183.23 amp=31.2872 clamps=0
  sift             reads= 1216 remoteMiB=    63.34 amp=21.1312 clamps=0
  emb_real         reads= 1216 remoteMiB=     1.64 amp=1.7763 clamps=0
=================================================================

[benchmark] wrote /data/home/haoyueli/aws-sdk-java-v2/services-custom/s3-adaptive-range-reader/target/s3arr-benchmark (report-*.txt + results-v2.csv)
+ mvn -q -pl services-custom/s3-adaptive-range-reader -Djapicmp.skip=true -Dcheckstyle.skip=true -Dspotbugs.skip=true -Dtest=AdaptiveReaderSystemBenchmark test -Ds3arr.trace=/data/home/haoyueli/aws-sdk-java-v2/traces/mixed_holdout.csv -Ds3arr.label=headroom_b1024_block1_depth0_oracle_bytes -Ds3arr.cacheBudgetMiB=1024 -Ds3arr.prefetchBlockMiB=1 -Ds3arr.prefetchDepth=0 -Ds3arr.apps=1 -Ds3arr.warmup=0 -Ds3arr.iters=1 -Ds3arr.oracleMap=tpch:template_multimodal,clickbench:template_multimodal,fmnist:s3a_random,sift:template_multimodal,emb_real:s3a_prefetch,lastfm:s3a_prefetch,taxi:template_multimodal,mm:template_multimodal
[benchmark] loaded 11189 records from /data/home/haoyueli/aws-sdk-java-v2/traces/mixed_holdout.csv

============= Adaptive Range Reader - Policy Sweep =============
label=headroom_b1024_block1_depth0_oracle_bytes selector=prefix oracle:{tpch=TEMPLATE_MULTIMODAL, clickbench=TEMPLATE_MULTIMODAL, fmnist=S3A_RANDOM, sift=TEMPLATE_MULTIMODAL, emb_real=S3A_PREFETCH, lastfm=S3A_PREFETCH, taxi=TEMPLATE_MULTIMODAL, mm=TEMPLATE_MULTIMODAL} reads=11189 warmup=0 iters=1 apps=1 globalCache=1024MiB maxFetch=8MiB prefetchBlock=1MiB prefetchDepth=0
remote GETs=5204 remote MiB=1334.15 readAmp=0.5405 cacheHitRate=0.5349 demandClampReads=0
per-prefix metrics:
  tpch             reads= 1309 remoteMiB=   115.58 amp=0.4095 clamps=0
  taxi             reads=  659 remoteMiB=   339.13 amp=0.3342 clamps=0
  lastfm           reads= 1216 remoteMiB=     3.05 amp=1.7133 clamps=0
  mm               reads= 2785 remoteMiB=   385.54 amp=0.7103 clamps=0
  clickbench       reads= 1572 remoteMiB=   383.19 amp=0.6213 clamps=0
  fmnist           reads= 1216 remoteMiB=    60.60 amp=10.3474 clamps=0
  sift             reads= 1216 remoteMiB=    46.15 amp=15.3991 clamps=0
  emb_real         reads= 1216 remoteMiB=     0.90 amp=0.9756 clamps=0
=================================================================

[benchmark] wrote /data/home/haoyueli/aws-sdk-java-v2/services-custom/s3-adaptive-range-reader/target/s3arr-benchmark (report-*.txt + results-v2.csv)
+ mvn -q -pl services-custom/s3-adaptive-range-reader -Djapicmp.skip=true -Dcheckstyle.skip=true -Dspotbugs.skip=true -Dtest=AdaptiveReaderSystemBenchmark test -Ds3arr.trace=/data/home/haoyueli/aws-sdk-java-v2/traces/mixed_holdout.csv -Ds3arr.label=headroom_b1024_block1_depth0_oracle_cost -Ds3arr.cacheBudgetMiB=1024 -Ds3arr.prefetchBlockMiB=1 -Ds3arr.prefetchDepth=0 -Ds3arr.apps=1 -Ds3arr.warmup=0 -Ds3arr.iters=1 -Ds3arr.oracleMap=tpch:s3a_prefetch,clickbench:s3a_prefetch,fmnist:s3a_prefetch,sift:s3a_prefetch,emb_real:s3a_prefetch,lastfm:s3a_prefetch,taxi:template_multimodal,mm:s3a_prefetch
[benchmark] loaded 11189 records from /data/home/haoyueli/aws-sdk-java-v2/traces/mixed_holdout.csv

============= Adaptive Range Reader - Policy Sweep =============
label=headroom_b1024_block1_depth0_oracle_cost selector=prefix oracle:{tpch=S3A_PREFETCH, clickbench=S3A_PREFETCH, fmnist=S3A_PREFETCH, sift=S3A_PREFETCH, emb_real=S3A_PREFETCH, lastfm=S3A_PREFETCH, taxi=TEMPLATE_MULTIMODAL, mm=S3A_PREFETCH} reads=11189 warmup=0 iters=1 apps=1 globalCache=1024MiB maxFetch=8MiB prefetchBlock=1MiB prefetchDepth=0
remote GETs=2680 remote MiB=3058.69 readAmp=1.2393 cacheHitRate=0.7605 demandClampReads=0
per-prefix metrics:
  tpch             reads= 1309 remoteMiB=   296.43 amp=1.0502 clamps=0
  taxi             reads=  659 remoteMiB=   339.13 amp=0.3342 clamps=0
  lastfm           reads= 1216 remoteMiB=     3.05 amp=1.7133 clamps=0
  mm               reads= 2785 remoteMiB=   823.59 amp=1.5172 clamps=0
  clickbench       reads= 1572 remoteMiB=  1070.61 amp=1.7358 clamps=0
  fmnist           reads= 1216 remoteMiB=   184.09 amp=31.4345 clamps=0
  sift             reads= 1216 remoteMiB=   340.89 amp=113.7326 clamps=0
  emb_real         reads= 1216 remoteMiB=     0.90 amp=0.9756 clamps=0
=================================================================

[benchmark] wrote /data/home/haoyueli/aws-sdk-java-v2/services-custom/s3-adaptive-range-reader/target/s3arr-benchmark (report-*.txt + results-v2.csv)
+ mvn -q -pl services-custom/s3-adaptive-range-reader -Djapicmp.skip=true -Dcheckstyle.skip=true -Dspotbugs.skip=true -Dtest=AdaptiveReaderSystemBenchmark test -Ds3arr.trace=/data/home/haoyueli/aws-sdk-java-v2/traces/mixed_holdout.csv -Ds3arr.label=headroom_b1024_block1_depth1_forced_template_locality -Ds3arr.cacheBudgetMiB=1024 -Ds3arr.prefetchBlockMiB=1 -Ds3arr.prefetchDepth=1 -Ds3arr.apps=1 -Ds3arr.warmup=0 -Ds3arr.iters=1 -Ds3arr.forcePolicy=template_locality
[benchmark] loaded 11189 records from /data/home/haoyueli/aws-sdk-java-v2/traces/mixed_holdout.csv

============= Adaptive Range Reader - Policy Sweep =============
label=headroom_b1024_block1_depth1_forced_template_locality selector=fixed:template_locality reads=11189 warmup=0 iters=1 apps=1 globalCache=1024MiB maxFetch=8MiB prefetchBlock=1MiB prefetchDepth=1
remote GETs=5935 remote MiB=1762.46 readAmp=0.7141 cacheHitRate=0.5802 demandClampReads=0
per-prefix metrics:
  tpch             reads= 1309 remoteMiB=   180.80 amp=0.6406 clamps=0
  taxi             reads=  659 remoteMiB=   362.81 amp=0.3575 clamps=0
  lastfm           reads= 1216 remoteMiB=     3.54 amp=1.9888 clamps=0
  mm               reads= 2785 remoteMiB=   520.17 amp=0.9583 clamps=0
  clickbench       reads= 1572 remoteMiB=   454.29 amp=0.7365 clamps=0
  fmnist           reads= 1216 remoteMiB=   150.08 amp=25.6264 clamps=0
  sift             reads= 1216 remoteMiB=    89.56 amp=29.8810 clamps=0
  emb_real         reads= 1216 remoteMiB=     1.21 amp=1.3033 clamps=0
=================================================================

[benchmark] wrote /data/home/haoyueli/aws-sdk-java-v2/services-custom/s3-adaptive-range-reader/target/s3arr-benchmark (report-*.txt + results-v2.csv)
+ mvn -q -pl services-custom/s3-adaptive-range-reader -Djapicmp.skip=true -Dcheckstyle.skip=true -Dspotbugs.skip=true -Dtest=AdaptiveReaderSystemBenchmark test -Ds3arr.trace=/data/home/haoyueli/aws-sdk-java-v2/traces/mixed_holdout.csv -Ds3arr.label=headroom_b1024_block1_depth1_forced_s3a_prefetch -Ds3arr.cacheBudgetMiB=1024 -Ds3arr.prefetchBlockMiB=1 -Ds3arr.prefetchDepth=1 -Ds3arr.apps=1 -Ds3arr.warmup=0 -Ds3arr.iters=1 -Ds3arr.forcePolicy=s3a_prefetch
[benchmark] loaded 11189 records from /data/home/haoyueli/aws-sdk-java-v2/traces/mixed_holdout.csv

============= Adaptive Range Reader - Policy Sweep =============
label=headroom_b1024_block1_depth1_forced_s3a_prefetch selector=fixed:s3a_prefetch reads=11189 warmup=0 iters=1 apps=1 globalCache=1024MiB maxFetch=8MiB prefetchBlock=1MiB prefetchDepth=1
remote GETs=3668 remote MiB=4202.50 readAmp=1.7027 cacheHitRate=0.7969 demandClampReads=0
per-prefix metrics:
  tpch             reads= 1309 remoteMiB=   374.43 amp=1.3265 clamps=0
  taxi             reads=  659 remoteMiB=   583.94 amp=0.5755 clamps=0
  lastfm           reads= 1216 remoteMiB=     3.05 amp=1.7133 clamps=0
  mm               reads= 2785 remoteMiB=   927.59 amp=1.7088 clamps=0
  clickbench       reads= 1572 remoteMiB=  1683.61 amp=2.7296 clamps=0
  fmnist           reads= 1216 remoteMiB=   184.09 amp=31.4345 clamps=0
  sift             reads= 1216 remoteMiB=   444.89 amp=148.4310 clamps=0
  emb_real         reads= 1216 remoteMiB=     0.90 amp=0.9756 clamps=0
=================================================================

[benchmark] wrote /data/home/haoyueli/aws-sdk-java-v2/services-custom/s3-adaptive-range-reader/target/s3arr-benchmark (report-*.txt + results-v2.csv)
+ mvn -q -pl services-custom/s3-adaptive-range-reader -Djapicmp.skip=true -Dcheckstyle.skip=true -Dspotbugs.skip=true -Dtest=AdaptiveReaderSystemBenchmark test -Ds3arr.trace=/data/home/haoyueli/aws-sdk-java-v2/traces/mixed_holdout.csv -Ds3arr.label=headroom_b1024_block1_depth1_template_auto -Ds3arr.cacheBudgetMiB=1024 -Ds3arr.prefetchBlockMiB=1 -Ds3arr.prefetchDepth=1 -Ds3arr.apps=1 -Ds3arr.warmup=0 -Ds3arr.iters=1 -Ds3arr.selector=template_auto
[benchmark] loaded 11189 records from /data/home/haoyueli/aws-sdk-java-v2/traces/mixed_holdout.csv

============= Adaptive Range Reader - Policy Sweep =============
label=headroom_b1024_block1_depth1_template_auto selector=template_auto reads=11189 warmup=0 iters=1 apps=1 globalCache=1024MiB maxFetch=8MiB prefetchBlock=1MiB prefetchDepth=1
remote GETs=4853 remote MiB=2170.92 readAmp=0.8796 cacheHitRate=0.6266 demandClampReads=0
per-prefix metrics:
  tpch             reads= 1309 remoteMiB=   231.09 amp=0.8187 clamps=0
  taxi             reads=  659 remoteMiB=   477.51 amp=0.4706 clamps=0
  lastfm           reads= 1216 remoteMiB=     3.49 amp=1.9590 clamps=0
  mm               reads= 2785 remoteMiB=   650.91 amp=1.1991 clamps=0
  clickbench       reads= 1572 remoteMiB=   637.19 amp=1.0331 clamps=0
  fmnist           reads= 1216 remoteMiB=   107.21 amp=18.3058 clamps=0
  sift             reads= 1216 remoteMiB=    62.62 amp=20.8936 clamps=0
  emb_real         reads= 1216 remoteMiB=     0.90 amp=0.9756 clamps=0
=================================================================

[benchmark] wrote /data/home/haoyueli/aws-sdk-java-v2/services-custom/s3-adaptive-range-reader/target/s3arr-benchmark (report-*.txt + results-v2.csv)
+ mvn -q -pl services-custom/s3-adaptive-range-reader -Djapicmp.skip=true -Dcheckstyle.skip=true -Dspotbugs.skip=true -Dtest=AdaptiveReaderSystemBenchmark test -Ds3arr.trace=/data/home/haoyueli/aws-sdk-java-v2/traces/mixed_holdout.csv -Ds3arr.label=headroom_b1024_block1_depth1_decision_tree -Ds3arr.cacheBudgetMiB=1024 -Ds3arr.prefetchBlockMiB=1 -Ds3arr.prefetchDepth=1 -Ds3arr.apps=1 -Ds3arr.warmup=0 -Ds3arr.iters=1 -Ds3arr.selector=decision_tree
[benchmark] loaded 11189 records from /data/home/haoyueli/aws-sdk-java-v2/traces/mixed_holdout.csv

============= Adaptive Range Reader - Policy Sweep =============
label=headroom_b1024_block1_depth1_decision_tree selector=decision_tree reads=11189 warmup=0 iters=1 apps=1 globalCache=1024MiB maxFetch=8MiB prefetchBlock=1MiB prefetchDepth=1
remote GETs=4541 remote MiB=1560.63 readAmp=0.6323 cacheHitRate=0.6185 demandClampReads=0
per-prefix metrics:
  tpch             reads= 1309 remoteMiB=   117.46 amp=0.4161 clamps=0
  taxi             reads=  659 remoteMiB=   397.12 amp=0.3914 clamps=0
  lastfm           reads= 1216 remoteMiB=     3.49 amp=1.9590 clamps=0
  mm               reads= 2785 remoteMiB=   385.99 amp=0.7111 clamps=0
  clickbench       reads= 1572 remoteMiB=   383.87 amp=0.6224 clamps=0
  fmnist           reads= 1216 remoteMiB=   183.23 amp=31.2872 clamps=0
  sift             reads= 1216 remoteMiB=    87.84 amp=29.3053 clamps=0
  emb_real         reads= 1216 remoteMiB=     1.64 amp=1.7763 clamps=0
=================================================================

[benchmark] wrote /data/home/haoyueli/aws-sdk-java-v2/services-custom/s3-adaptive-range-reader/target/s3arr-benchmark (report-*.txt + results-v2.csv)
+ mvn -q -pl services-custom/s3-adaptive-range-reader -Djapicmp.skip=true -Dcheckstyle.skip=true -Dspotbugs.skip=true -Dtest=AdaptiveReaderSystemBenchmark test -Ds3arr.trace=/data/home/haoyueli/aws-sdk-java-v2/traces/mixed_holdout.csv -Ds3arr.label=headroom_b1024_block1_depth1_oracle_bytes -Ds3arr.cacheBudgetMiB=1024 -Ds3arr.prefetchBlockMiB=1 -Ds3arr.prefetchDepth=1 -Ds3arr.apps=1 -Ds3arr.warmup=0 -Ds3arr.iters=1 -Ds3arr.oracleMap=tpch:template_multimodal,clickbench:template_multimodal,fmnist:s3a_random,sift:template_multimodal,emb_real:s3a_prefetch,lastfm:s3a_prefetch,taxi:template_multimodal,mm:template_multimodal
[benchmark] loaded 11189 records from /data/home/haoyueli/aws-sdk-java-v2/traces/mixed_holdout.csv

============= Adaptive Range Reader - Policy Sweep =============
label=headroom_b1024_block1_depth1_oracle_bytes selector=prefix oracle:{tpch=TEMPLATE_MULTIMODAL, clickbench=TEMPLATE_MULTIMODAL, fmnist=S3A_RANDOM, sift=TEMPLATE_MULTIMODAL, emb_real=S3A_PREFETCH, lastfm=S3A_PREFETCH, taxi=TEMPLATE_MULTIMODAL, mm=TEMPLATE_MULTIMODAL} reads=11189 warmup=0 iters=1 apps=1 globalCache=1024MiB maxFetch=8MiB prefetchBlock=1MiB prefetchDepth=1
remote GETs=5204 remote MiB=1334.15 readAmp=0.5405 cacheHitRate=0.5350 demandClampReads=0
per-prefix metrics:
  tpch             reads= 1309 remoteMiB=   115.58 amp=0.4095 clamps=0
  taxi             reads=  659 remoteMiB=   339.13 amp=0.3342 clamps=0
  lastfm           reads= 1216 remoteMiB=     3.05 amp=1.7133 clamps=0
  mm               reads= 2785 remoteMiB=   385.54 amp=0.7103 clamps=0
  clickbench       reads= 1572 remoteMiB=   383.19 amp=0.6213 clamps=0
  fmnist           reads= 1216 remoteMiB=    60.60 amp=10.3474 clamps=0
  sift             reads= 1216 remoteMiB=    46.15 amp=15.3991 clamps=0
  emb_real         reads= 1216 remoteMiB=     0.90 amp=0.9756 clamps=0
=================================================================

[benchmark] wrote /data/home/haoyueli/aws-sdk-java-v2/services-custom/s3-adaptive-range-reader/target/s3arr-benchmark (report-*.txt + results-v2.csv)
+ mvn -q -pl services-custom/s3-adaptive-range-reader -Djapicmp.skip=true -Dcheckstyle.skip=true -Dspotbugs.skip=true -Dtest=AdaptiveReaderSystemBenchmark test -Ds3arr.trace=/data/home/haoyueli/aws-sdk-java-v2/traces/mixed_holdout.csv -Ds3arr.label=headroom_b1024_block1_depth1_oracle_cost -Ds3arr.cacheBudgetMiB=1024 -Ds3arr.prefetchBlockMiB=1 -Ds3arr.prefetchDepth=1 -Ds3arr.apps=1 -Ds3arr.warmup=0 -Ds3arr.iters=1 -Ds3arr.oracleMap=tpch:s3a_prefetch,clickbench:template_multimodal,fmnist:s3a_prefetch,sift:s3a_prefetch,emb_real:s3a_prefetch,lastfm:s3a_prefetch,taxi:template_multimodal,mm:s3a_prefetch
[benchmark] loaded 11189 records from /data/home/haoyueli/aws-sdk-java-v2/traces/mixed_holdout.csv

============= Adaptive Range Reader - Policy Sweep =============
label=headroom_b1024_block1_depth1_oracle_cost selector=prefix oracle:{tpch=S3A_PREFETCH, clickbench=TEMPLATE_MULTIMODAL, fmnist=S3A_PREFETCH, sift=S3A_PREFETCH, emb_real=S3A_PREFETCH, lastfm=S3A_PREFETCH, taxi=TEMPLATE_MULTIMODAL, mm=S3A_PREFETCH} reads=11189 warmup=0 iters=1 apps=1 globalCache=1024MiB maxFetch=8MiB prefetchBlock=1MiB prefetchDepth=1
remote GETs=3204 remote MiB=2657.27 readAmp=1.0766 cacheHitRate=0.7732 demandClampReads=0
per-prefix metrics:
  tpch             reads= 1309 remoteMiB=   374.43 amp=1.3265 clamps=0
  taxi             reads=  659 remoteMiB=   339.13 amp=0.3342 clamps=0
  lastfm           reads= 1216 remoteMiB=     3.05 amp=1.7133 clamps=0
  mm               reads= 2785 remoteMiB=   927.59 amp=1.7088 clamps=0
  clickbench       reads= 1572 remoteMiB=   383.19 amp=0.6213 clamps=0
  fmnist           reads= 1216 remoteMiB=   184.09 amp=31.4345 clamps=0
  sift             reads= 1216 remoteMiB=   444.89 amp=148.4310 clamps=0
  emb_real         reads= 1216 remoteMiB=     0.90 amp=0.9756 clamps=0
=================================================================

[benchmark] wrote /data/home/haoyueli/aws-sdk-java-v2/services-custom/s3-adaptive-range-reader/target/s3arr-benchmark (report-*.txt + results-v2.csv)
+ mvn -q -pl services-custom/s3-adaptive-range-reader -Djapicmp.skip=true -Dcheckstyle.skip=true -Dspotbugs.skip=true -Dtest=AdaptiveReaderSystemBenchmark test -Ds3arr.trace=/data/home/haoyueli/aws-sdk-java-v2/traces/mixed_holdout.csv -Ds3arr.label=headroom_b1024_block4_depth4_forced_template_locality -Ds3arr.cacheBudgetMiB=1024 -Ds3arr.prefetchBlockMiB=4 -Ds3arr.prefetchDepth=4 -Ds3arr.apps=1 -Ds3arr.warmup=0 -Ds3arr.iters=1 -Ds3arr.forcePolicy=template_locality
[benchmark] loaded 11189 records from /data/home/haoyueli/aws-sdk-java-v2/traces/mixed_holdout.csv

============= Adaptive Range Reader - Policy Sweep =============
label=headroom_b1024_block4_depth4_forced_template_locality selector=fixed:template_locality reads=11189 warmup=0 iters=1 apps=1 globalCache=1024MiB maxFetch=12MiB prefetchBlock=4MiB prefetchDepth=4
remote GETs=8341 remote MiB=2393.55 readAmp=0.9698 cacheHitRate=0.6116 demandClampReads=0
per-prefix metrics:
  tpch             reads= 1309 remoteMiB=   276.84 amp=0.9808 clamps=0
  taxi             reads=  659 remoteMiB=   391.25 amp=0.3856 clamps=0
  lastfm           reads= 1216 remoteMiB=     3.35 amp=1.8835 clamps=0
  mm               reads= 2785 remoteMiB=   682.80 amp=1.2579 clamps=0
  clickbench       reads= 1572 remoteMiB=   683.54 amp=1.1082 clamps=0
  fmnist           reads= 1216 remoteMiB=   197.19 amp=33.6714 clamps=0
  sift             reads= 1216 remoteMiB=   157.38 amp=52.5065 clamps=0
  emb_real         reads= 1216 remoteMiB=     1.21 amp=1.3033 clamps=0
=================================================================

[benchmark] wrote /data/home/haoyueli/aws-sdk-java-v2/services-custom/s3-adaptive-range-reader/target/s3arr-benchmark (report-*.txt + results-v2.csv)
+ mvn -q -pl services-custom/s3-adaptive-range-reader -Djapicmp.skip=true -Dcheckstyle.skip=true -Dspotbugs.skip=true -Dtest=AdaptiveReaderSystemBenchmark test -Ds3arr.trace=/data/home/haoyueli/aws-sdk-java-v2/traces/mixed_holdout.csv -Ds3arr.label=headroom_b1024_block4_depth4_forced_s3a_prefetch -Ds3arr.cacheBudgetMiB=1024 -Ds3arr.prefetchBlockMiB=4 -Ds3arr.prefetchDepth=4 -Ds3arr.apps=1 -Ds3arr.warmup=0 -Ds3arr.iters=1 -Ds3arr.forcePolicy=s3a_prefetch
[benchmark] loaded 11189 records from /data/home/haoyueli/aws-sdk-java-v2/traces/mixed_holdout.csv

============= Adaptive Range Reader - Policy Sweep =============
label=headroom_b1024_block4_depth4_forced_s3a_prefetch selector=fixed:s3a_prefetch reads=11189 warmup=0 iters=1 apps=1 globalCache=1024MiB maxFetch=12MiB prefetchBlock=4MiB prefetchDepth=4
remote GETs=6536 remote MiB=26250.44 readAmp=10.6356 cacheHitRate=0.8678 demandClampReads=0
per-prefix metrics:
  tpch             reads= 1309 remoteMiB=   327.49 amp=1.1603 clamps=0
  taxi             reads=  659 remoteMiB=   887.19 amp=0.8743 clamps=0
  lastfm           reads= 1216 remoteMiB=     3.05 amp=1.7133 clamps=0
  mm               reads= 2785 remoteMiB=   892.90 amp=1.6449 clamps=0
  clickbench       reads= 1572 remoteMiB= 23447.92 amp=38.0158 clamps=0
  fmnist           reads= 1216 remoteMiB=   182.09 amp=31.0926 clamps=0
  sift             reads= 1216 remoteMiB=   508.88 amp=169.7836 clamps=0
  emb_real         reads= 1216 remoteMiB=     0.90 amp=0.9756 clamps=0
=================================================================

[benchmark] wrote /data/home/haoyueli/aws-sdk-java-v2/services-custom/s3-adaptive-range-reader/target/s3arr-benchmark (report-*.txt + results-v2.csv)
+ mvn -q -pl services-custom/s3-adaptive-range-reader -Djapicmp.skip=true -Dcheckstyle.skip=true -Dspotbugs.skip=true -Dtest=AdaptiveReaderSystemBenchmark test -Ds3arr.trace=/data/home/haoyueli/aws-sdk-java-v2/traces/mixed_holdout.csv -Ds3arr.label=headroom_b1024_block4_depth4_template_auto -Ds3arr.cacheBudgetMiB=1024 -Ds3arr.prefetchBlockMiB=4 -Ds3arr.prefetchDepth=4 -Ds3arr.apps=1 -Ds3arr.warmup=0 -Ds3arr.iters=1 -Ds3arr.selector=template_auto
[benchmark] loaded 11189 records from /data/home/haoyueli/aws-sdk-java-v2/traces/mixed_holdout.csv

============= Adaptive Range Reader - Policy Sweep =============
label=headroom_b1024_block4_depth4_template_auto selector=template_auto reads=11189 warmup=0 iters=1 apps=1 globalCache=1024MiB maxFetch=12MiB prefetchBlock=4MiB prefetchDepth=4
remote GETs=4354 remote MiB=5077.61 readAmp=2.0572 cacheHitRate=0.7296 demandClampReads=0
per-prefix metrics:
  tpch             reads= 1309 remoteMiB=   295.34 amp=1.0463 clamps=0
  taxi             reads=  659 remoteMiB=   814.86 amp=0.8030 clamps=0
  lastfm           reads= 1216 remoteMiB=     3.05 amp=1.7133 clamps=0
  mm               reads= 2785 remoteMiB=   597.45 amp=1.1006 clamps=0
  clickbench       reads= 1572 remoteMiB=  3104.12 amp=5.0327 clamps=0
  fmnist           reads= 1216 remoteMiB=   166.13 amp=28.3678 clamps=0
  sift             reads= 1216 remoteMiB=    95.77 amp=31.9516 clamps=0
  emb_real         reads= 1216 remoteMiB=     0.90 amp=0.9756 clamps=0
=================================================================

[benchmark] wrote /data/home/haoyueli/aws-sdk-java-v2/services-custom/s3-adaptive-range-reader/target/s3arr-benchmark (report-*.txt + results-v2.csv)
+ mvn -q -pl services-custom/s3-adaptive-range-reader -Djapicmp.skip=true -Dcheckstyle.skip=true -Dspotbugs.skip=true -Dtest=AdaptiveReaderSystemBenchmark test -Ds3arr.trace=/data/home/haoyueli/aws-sdk-java-v2/traces/mixed_holdout.csv -Ds3arr.label=headroom_b1024_block4_depth4_decision_tree -Ds3arr.cacheBudgetMiB=1024 -Ds3arr.prefetchBlockMiB=4 -Ds3arr.prefetchDepth=4 -Ds3arr.apps=1 -Ds3arr.warmup=0 -Ds3arr.iters=1 -Ds3arr.selector=decision_tree
[benchmark] loaded 11189 records from /data/home/haoyueli/aws-sdk-java-v2/traces/mixed_holdout.csv

============= Adaptive Range Reader - Policy Sweep =============
label=headroom_b1024_block4_depth4_decision_tree selector=decision_tree reads=11189 warmup=0 iters=1 apps=1 globalCache=1024MiB maxFetch=12MiB prefetchBlock=4MiB prefetchDepth=4
remote GETs=4683 remote MiB=1746.40 readAmp=0.7076 cacheHitRate=0.6324 demandClampReads=0
per-prefix metrics:
  tpch             reads= 1309 remoteMiB=   117.77 amp=0.4172 clamps=0
  taxi             reads=  659 remoteMiB=   519.20 amp=0.5117 clamps=0
  lastfm           reads= 1216 remoteMiB=     3.05 amp=1.7133 clamps=0
  mm               reads= 2785 remoteMiB=   386.49 amp=0.7120 clamps=0
  clickbench       reads= 1572 remoteMiB=   383.87 amp=0.6224 clamps=0
  fmnist           reads= 1216 remoteMiB=   182.10 amp=31.0947 clamps=0
  sift             reads= 1216 remoteMiB=   152.28 amp=50.8048 clamps=0
  emb_real         reads= 1216 remoteMiB=     1.64 amp=1.7763 clamps=0
=================================================================

[benchmark] wrote /data/home/haoyueli/aws-sdk-java-v2/services-custom/s3-adaptive-range-reader/target/s3arr-benchmark (report-*.txt + results-v2.csv)
+ mvn -q -pl services-custom/s3-adaptive-range-reader -Djapicmp.skip=true -Dcheckstyle.skip=true -Dspotbugs.skip=true -Dtest=AdaptiveReaderSystemBenchmark test -Ds3arr.trace=/data/home/haoyueli/aws-sdk-java-v2/traces/mixed_holdout.csv -Ds3arr.label=headroom_b1024_block4_depth4_oracle_bytes -Ds3arr.cacheBudgetMiB=1024 -Ds3arr.prefetchBlockMiB=4 -Ds3arr.prefetchDepth=4 -Ds3arr.apps=1 -Ds3arr.warmup=0 -Ds3arr.iters=1 -Ds3arr.oracleMap=tpch:template_multimodal,clickbench:template_multimodal,fmnist:s3a_random,sift:template_multimodal,emb_real:s3a_prefetch,lastfm:s3a_prefetch,taxi:template_multimodal,mm:template_multimodal
[benchmark] loaded 11189 records from /data/home/haoyueli/aws-sdk-java-v2/traces/mixed_holdout.csv

============= Adaptive Range Reader - Policy Sweep =============
label=headroom_b1024_block4_depth4_oracle_bytes selector=prefix oracle:{tpch=TEMPLATE_MULTIMODAL, clickbench=TEMPLATE_MULTIMODAL, fmnist=S3A_RANDOM, sift=TEMPLATE_MULTIMODAL, emb_real=S3A_PREFETCH, lastfm=S3A_PREFETCH, taxi=TEMPLATE_MULTIMODAL, mm=TEMPLATE_MULTIMODAL} reads=11189 warmup=0 iters=1 apps=1 globalCache=1024MiB maxFetch=12MiB prefetchBlock=4MiB prefetchDepth=4
remote GETs=5202 remote MiB=1334.15 readAmp=0.5405 cacheHitRate=0.5351 demandClampReads=0
per-prefix metrics:
  tpch             reads= 1309 remoteMiB=   115.58 amp=0.4095 clamps=0
  taxi             reads=  659 remoteMiB=   339.13 amp=0.3342 clamps=0
  lastfm           reads= 1216 remoteMiB=     3.05 amp=1.7133 clamps=0
  mm               reads= 2785 remoteMiB=   385.54 amp=0.7103 clamps=0
  clickbench       reads= 1572 remoteMiB=   383.19 amp=0.6213 clamps=0
  fmnist           reads= 1216 remoteMiB=    60.60 amp=10.3474 clamps=0
  sift             reads= 1216 remoteMiB=    46.15 amp=15.3991 clamps=0
  emb_real         reads= 1216 remoteMiB=     0.90 amp=0.9756 clamps=0
=================================================================

[benchmark] wrote /data/home/haoyueli/aws-sdk-java-v2/services-custom/s3-adaptive-range-reader/target/s3arr-benchmark (report-*.txt + results-v2.csv)
+ mvn -q -pl services-custom/s3-adaptive-range-reader -Djapicmp.skip=true -Dcheckstyle.skip=true -Dspotbugs.skip=true -Dtest=AdaptiveReaderSystemBenchmark test -Ds3arr.trace=/data/home/haoyueli/aws-sdk-java-v2/traces/mixed_holdout.csv -Ds3arr.label=headroom_b1024_block4_depth4_oracle_cost -Ds3arr.cacheBudgetMiB=1024 -Ds3arr.prefetchBlockMiB=4 -Ds3arr.prefetchDepth=4 -Ds3arr.apps=1 -Ds3arr.warmup=0 -Ds3arr.iters=1 -Ds3arr.oracleMap=tpch:s3a_prefetch,clickbench:template_multimodal,fmnist:s3a_prefetch,sift:s3a_prefetch,emb_real:s3a_prefetch,lastfm:s3a_prefetch,taxi:template_multimodal,mm:s3a_prefetch
[benchmark] loaded 11189 records from /data/home/haoyueli/aws-sdk-java-v2/traces/mixed_holdout.csv

============= Adaptive Range Reader - Policy Sweep =============
label=headroom_b1024_block4_depth4_oracle_cost selector=prefix oracle:{tpch=S3A_PREFETCH, clickbench=TEMPLATE_MULTIMODAL, fmnist=S3A_PREFETCH, sift=S3A_PREFETCH, emb_real=S3A_PREFETCH, lastfm=S3A_PREFETCH, taxi=TEMPLATE_MULTIMODAL, mm=S3A_PREFETCH} reads=11189 warmup=0 iters=1 apps=1 globalCache=1024MiB maxFetch=12MiB prefetchBlock=4MiB prefetchDepth=4
remote GETs=1847 remote MiB=2637.65 readAmp=1.0687 cacheHitRate=0.8614 demandClampReads=0
per-prefix metrics:
  tpch             reads= 1309 remoteMiB=   327.49 amp=1.1603 clamps=0
  taxi             reads=  659 remoteMiB=   339.13 amp=0.3342 clamps=0
  lastfm           reads= 1216 remoteMiB=     3.05 amp=1.7133 clamps=0
  mm               reads= 2785 remoteMiB=   892.90 amp=1.6449 clamps=0
  clickbench       reads= 1572 remoteMiB=   383.19 amp=0.6213 clamps=0
  fmnist           reads= 1216 remoteMiB=   182.09 amp=31.0926 clamps=0
  sift             reads= 1216 remoteMiB=   508.88 amp=169.7836 clamps=0
  emb_real         reads= 1216 remoteMiB=     0.90 amp=0.9756 clamps=0
=================================================================

[benchmark] wrote /data/home/haoyueli/aws-sdk-java-v2/services-custom/s3-adaptive-range-reader/target/s3arr-benchmark (report-*.txt + results-v2.csv)
+ mvn -q -pl services-custom/s3-adaptive-range-reader -Djapicmp.skip=true -Dcheckstyle.skip=true -Dspotbugs.skip=true -Dtest=AdaptiveReaderSystemBenchmark test -Ds3arr.trace=/data/home/haoyueli/aws-sdk-java-v2/traces/mixed_holdout.csv -Ds3arr.label=headroom_b1024_block8_depth8_forced_template_locality -Ds3arr.cacheBudgetMiB=1024 -Ds3arr.prefetchBlockMiB=8 -Ds3arr.prefetchDepth=8 -Ds3arr.apps=1 -Ds3arr.warmup=0 -Ds3arr.iters=1 -Ds3arr.forcePolicy=template_locality
[benchmark] loaded 11189 records from /data/home/haoyueli/aws-sdk-java-v2/traces/mixed_holdout.csv

============= Adaptive Range Reader - Policy Sweep =============
label=headroom_b1024_block8_depth8_forced_template_locality selector=fixed:template_locality reads=11189 warmup=0 iters=1 apps=1 globalCache=1024MiB maxFetch=20MiB prefetchBlock=8MiB prefetchDepth=8
remote GETs=10934 remote MiB=3068.17 readAmp=1.2431 cacheHitRate=0.6329 demandClampReads=0
per-prefix metrics:
  tpch             reads= 1309 remoteMiB=   348.84 amp=1.2359 clamps=0
  taxi             reads=  659 remoteMiB=   433.79 amp=0.4275 clamps=0
  lastfm           reads= 1216 remoteMiB=     3.23 amp=1.8133 clamps=0
  mm               reads= 2785 remoteMiB=   774.94 amp=1.4276 clamps=0
  clickbench       reads= 1572 remoteMiB=  1077.29 amp=1.7466 clamps=0
  fmnist           reads= 1216 remoteMiB=   201.69 amp=34.4398 clamps=0
  sift             reads= 1216 remoteMiB=   227.19 amp=75.7986 clamps=0
  emb_real         reads= 1216 remoteMiB=     1.21 amp=1.3033 clamps=0
=================================================================

[benchmark] wrote /data/home/haoyueli/aws-sdk-java-v2/services-custom/s3-adaptive-range-reader/target/s3arr-benchmark (report-*.txt + results-v2.csv)
+ mvn -q -pl services-custom/s3-adaptive-range-reader -Djapicmp.skip=true -Dcheckstyle.skip=true -Dspotbugs.skip=true -Dtest=AdaptiveReaderSystemBenchmark test -Ds3arr.trace=/data/home/haoyueli/aws-sdk-java-v2/traces/mixed_holdout.csv -Ds3arr.label=headroom_b1024_block8_depth8_forced_s3a_prefetch -Ds3arr.cacheBudgetMiB=1024 -Ds3arr.prefetchBlockMiB=8 -Ds3arr.prefetchDepth=8 -Ds3arr.apps=1 -Ds3arr.warmup=0 -Ds3arr.iters=1 -Ds3arr.forcePolicy=s3a_prefetch
[benchmark] loaded 11189 records from /data/home/haoyueli/aws-sdk-java-v2/traces/mixed_holdout.csv

============= Adaptive Range Reader - Policy Sweep =============
label=headroom_b1024_block8_depth8_forced_s3a_prefetch selector=fixed:s3a_prefetch reads=11189 warmup=0 iters=1 apps=1 globalCache=1024MiB maxFetch=20MiB prefetchBlock=8MiB prefetchDepth=8
remote GETs=8440 remote MiB=67431.44 readAmp=27.3205 cacheHitRate=0.9435 demandClampReads=0
per-prefix metrics:
  tpch             reads= 1309 remoteMiB=   326.89 amp=1.1581 clamps=0
  taxi             reads=  659 remoteMiB=   836.28 amp=0.8241 clamps=0
  lastfm           reads= 1216 remoteMiB=     3.05 amp=1.7133 clamps=0
  mm               reads= 2785 remoteMiB=   885.96 amp=1.6321 clamps=0
  clickbench       reads= 1572 remoteMiB= 64687.37 amp=104.8767 clamps=0
  fmnist           reads= 1216 remoteMiB=   182.09 amp=31.0926 clamps=0
  sift             reads= 1216 remoteMiB=   508.88 amp=169.7836 clamps=0
  emb_real         reads= 1216 remoteMiB=     0.90 amp=0.9756 clamps=0
=================================================================

[benchmark] wrote /data/home/haoyueli/aws-sdk-java-v2/services-custom/s3-adaptive-range-reader/target/s3arr-benchmark (report-*.txt + results-v2.csv)
+ mvn -q -pl services-custom/s3-adaptive-range-reader -Djapicmp.skip=true -Dcheckstyle.skip=true -Dspotbugs.skip=true -Dtest=AdaptiveReaderSystemBenchmark test -Ds3arr.trace=/data/home/haoyueli/aws-sdk-java-v2/traces/mixed_holdout.csv -Ds3arr.label=headroom_b1024_block8_depth8_template_auto -Ds3arr.cacheBudgetMiB=1024 -Ds3arr.prefetchBlockMiB=8 -Ds3arr.prefetchDepth=8 -Ds3arr.apps=1 -Ds3arr.warmup=0 -Ds3arr.iters=1 -Ds3arr.selector=template_auto
[benchmark] loaded 11189 records from /data/home/haoyueli/aws-sdk-java-v2/traces/mixed_holdout.csv

============= Adaptive Range Reader - Policy Sweep =============
label=headroom_b1024_block8_depth8_template_auto selector=template_auto reads=11189 warmup=0 iters=1 apps=1 globalCache=1024MiB maxFetch=20MiB prefetchBlock=8MiB prefetchDepth=8
remote GETs=4690 remote MiB=11070.44 readAmp=4.4853 cacheHitRate=0.7529 demandClampReads=0
per-prefix metrics:
  tpch             reads= 1309 remoteMiB=   299.69 amp=1.0618 clamps=0
  taxi             reads=  659 remoteMiB=   675.42 amp=0.6656 clamps=0
  lastfm           reads= 1216 remoteMiB=     3.05 amp=1.7133 clamps=0
  mm               reads= 2785 remoteMiB=   583.43 amp=1.0748 clamps=0
  clickbench       reads= 1572 remoteMiB=  9190.05 amp=14.8997 clamps=0
  fmnist           reads= 1216 remoteMiB=   196.51 amp=33.5545 clamps=0
  sift             reads= 1216 remoteMiB=   121.39 amp=40.5011 clamps=0
  emb_real         reads= 1216 remoteMiB=     0.90 amp=0.9756 clamps=0
=================================================================

[benchmark] wrote /data/home/haoyueli/aws-sdk-java-v2/services-custom/s3-adaptive-range-reader/target/s3arr-benchmark (report-*.txt + results-v2.csv)
+ mvn -q -pl services-custom/s3-adaptive-range-reader -Djapicmp.skip=true -Dcheckstyle.skip=true -Dspotbugs.skip=true -Dtest=AdaptiveReaderSystemBenchmark test -Ds3arr.trace=/data/home/haoyueli/aws-sdk-java-v2/traces/mixed_holdout.csv -Ds3arr.label=headroom_b1024_block8_depth8_decision_tree -Ds3arr.cacheBudgetMiB=1024 -Ds3arr.prefetchBlockMiB=8 -Ds3arr.prefetchDepth=8 -Ds3arr.apps=1 -Ds3arr.warmup=0 -Ds3arr.iters=1 -Ds3arr.selector=decision_tree
[benchmark] loaded 11189 records from /data/home/haoyueli/aws-sdk-java-v2/traces/mixed_holdout.csv

============= Adaptive Range Reader - Policy Sweep =============
label=headroom_b1024_block8_depth8_decision_tree selector=decision_tree reads=11189 warmup=0 iters=1 apps=1 globalCache=1024MiB maxFetch=20MiB prefetchBlock=8MiB prefetchDepth=8
remote GETs=4990 remote MiB=1829.12 readAmp=0.7411 cacheHitRate=0.6383 demandClampReads=0
per-prefix metrics:
  tpch             reads= 1309 remoteMiB=   118.77 amp=0.4208 clamps=0
  taxi             reads=  659 remoteMiB=   535.49 amp=0.5277 clamps=0
  lastfm           reads= 1216 remoteMiB=     3.05 amp=1.7133 clamps=0
  mm               reads= 2785 remoteMiB=   386.49 amp=0.7120 clamps=0
  clickbench       reads= 1572 remoteMiB=   383.87 amp=0.6224 clamps=0
  fmnist           reads= 1216 remoteMiB=   182.04 amp=31.0840 clamps=0
  sift             reads= 1216 remoteMiB=   217.78 amp=72.6582 clamps=0
  emb_real         reads= 1216 remoteMiB=     1.64 amp=1.7763 clamps=0
=================================================================

[benchmark] wrote /data/home/haoyueli/aws-sdk-java-v2/services-custom/s3-adaptive-range-reader/target/s3arr-benchmark (report-*.txt + results-v2.csv)
+ mvn -q -pl services-custom/s3-adaptive-range-reader -Djapicmp.skip=true -Dcheckstyle.skip=true -Dspotbugs.skip=true -Dtest=AdaptiveReaderSystemBenchmark test -Ds3arr.trace=/data/home/haoyueli/aws-sdk-java-v2/traces/mixed_holdout.csv -Ds3arr.label=headroom_b1024_block8_depth8_oracle_bytes -Ds3arr.cacheBudgetMiB=1024 -Ds3arr.prefetchBlockMiB=8 -Ds3arr.prefetchDepth=8 -Ds3arr.apps=1 -Ds3arr.warmup=0 -Ds3arr.iters=1 -Ds3arr.oracleMap=tpch:template_multimodal,clickbench:template_multimodal,fmnist:s3a_random,sift:template_multimodal,emb_real:s3a_prefetch,lastfm:s3a_prefetch,taxi:template_multimodal,mm:template_multimodal
[benchmark] loaded 11189 records from /data/home/haoyueli/aws-sdk-java-v2/traces/mixed_holdout.csv

============= Adaptive Range Reader - Policy Sweep =============
label=headroom_b1024_block8_depth8_oracle_bytes selector=prefix oracle:{tpch=TEMPLATE_MULTIMODAL, clickbench=TEMPLATE_MULTIMODAL, fmnist=S3A_RANDOM, sift=TEMPLATE_MULTIMODAL, emb_real=S3A_PREFETCH, lastfm=S3A_PREFETCH, taxi=TEMPLATE_MULTIMODAL, mm=TEMPLATE_MULTIMODAL} reads=11189 warmup=0 iters=1 apps=1 globalCache=1024MiB maxFetch=20MiB prefetchBlock=8MiB prefetchDepth=8
remote GETs=5202 remote MiB=1334.15 readAmp=0.5405 cacheHitRate=0.5351 demandClampReads=0
per-prefix metrics:
  tpch             reads= 1309 remoteMiB=   115.58 amp=0.4095 clamps=0
  taxi             reads=  659 remoteMiB=   339.13 amp=0.3342 clamps=0
  lastfm           reads= 1216 remoteMiB=     3.05 amp=1.7133 clamps=0
  mm               reads= 2785 remoteMiB=   385.54 amp=0.7103 clamps=0
  clickbench       reads= 1572 remoteMiB=   383.19 amp=0.6213 clamps=0
  fmnist           reads= 1216 remoteMiB=    60.60 amp=10.3474 clamps=0
  sift             reads= 1216 remoteMiB=    46.15 amp=15.3991 clamps=0
  emb_real         reads= 1216 remoteMiB=     0.90 amp=0.9756 clamps=0
=================================================================

[benchmark] wrote /data/home/haoyueli/aws-sdk-java-v2/services-custom/s3-adaptive-range-reader/target/s3arr-benchmark (report-*.txt + results-v2.csv)
+ mvn -q -pl services-custom/s3-adaptive-range-reader -Djapicmp.skip=true -Dcheckstyle.skip=true -Dspotbugs.skip=true -Dtest=AdaptiveReaderSystemBenchmark test -Ds3arr.trace=/data/home/haoyueli/aws-sdk-java-v2/traces/mixed_holdout.csv -Ds3arr.label=headroom_b1024_block8_depth8_oracle_cost -Ds3arr.cacheBudgetMiB=1024 -Ds3arr.prefetchBlockMiB=8 -Ds3arr.prefetchDepth=8 -Ds3arr.apps=1 -Ds3arr.warmup=0 -Ds3arr.iters=1 -Ds3arr.oracleMap=tpch:s3a_prefetch,clickbench:template_multimodal,fmnist:s3a_prefetch,sift:s3a_prefetch,emb_real:s3a_prefetch,lastfm:s3a_prefetch,taxi:s3a_prefetch,mm:s3a_prefetch
[benchmark] loaded 11189 records from /data/home/haoyueli/aws-sdk-java-v2/traces/mixed_holdout.csv

============= Adaptive Range Reader - Policy Sweep =============
label=headroom_b1024_block8_depth8_oracle_cost selector=prefix oracle:{tpch=S3A_PREFETCH, clickbench=TEMPLATE_MULTIMODAL, fmnist=S3A_PREFETCH, sift=S3A_PREFETCH, emb_real=S3A_PREFETCH, lastfm=S3A_PREFETCH, taxi=S3A_PREFETCH, mm=S3A_PREFETCH} reads=11189 warmup=0 iters=1 apps=1 globalCache=1024MiB maxFetch=20MiB prefetchBlock=8MiB prefetchDepth=8
remote GETs=1492 remote MiB=3127.25 readAmp=1.2670 cacheHitRate=0.8841 demandClampReads=0
per-prefix metrics:
  tpch             reads= 1309 remoteMiB=   326.89 amp=1.1581 clamps=0
  taxi             reads=  659 remoteMiB=   836.28 amp=0.8241 clamps=0
  lastfm           reads= 1216 remoteMiB=     3.05 amp=1.7133 clamps=0
  mm               reads= 2785 remoteMiB=   885.96 amp=1.6321 clamps=0
  clickbench       reads= 1572 remoteMiB=   383.19 amp=0.6213 clamps=0
  fmnist           reads= 1216 remoteMiB=   182.09 amp=31.0926 clamps=0
  sift             reads= 1216 remoteMiB=   508.88 amp=169.7836 clamps=0
  emb_real         reads= 1216 remoteMiB=     0.90 amp=0.9756 clamps=0
=================================================================

[benchmark] wrote /data/home/haoyueli/aws-sdk-java-v2/services-custom/s3-adaptive-range-reader/target/s3arr-benchmark (report-*.txt + results-v2.csv)
wrote /data/home/haoyueli/aws-sdk-java-v2/access_report/sdk_sweep_bytes.csv
wrote /data/home/haoyueli/aws-sdk-java-v2/access_report/sdk_sweep_oracles.json
wrote /data/home/haoyueli/aws-sdk-java-v2/access_report/sdk_sweep_summary.csv

=== three bounds per (budget, work point, objective) ===
 budget  block  depth  objective         staticPolicy  gap(static-pw)  passthrough  template_auto      tree
    128      1      0      bytes  template_multimodal          +0.14%       +6.31%        +30.82%   +18.39%
    128      1      0       cost    template_locality         +10.71%      +98.16%         +9.70%    +4.23%
    128      1      1      bytes  template_multimodal          +0.14%       +6.31%        +74.17%   +34.67%
    128      1      1       cost  template_multimodal          +3.84%      +80.72%        +22.90%    +5.13%
    128      4      4      bytes  template_multimodal          +0.14%       +6.31%       +474.38%  +122.61%
    128      4      4       cost  template_multimodal          +2.50%      +78.38%        +67.52%   +21.00%
    128      8      8      bytes  template_multimodal          +0.14%       +6.31%      +1359.76%  +226.96%
    128      8      8       cost  template_multimodal          +1.57%      +76.76%       +151.77%   +40.72%
    256      1      0      bytes  template_multimodal          +0.16%      +19.88%        +31.20%    +9.90%
    256      1      0       cost         s3a_prefetch          +9.93%     +145.28%        +23.88%   +15.36%
    256      1      1      bytes  template_multimodal          +0.16%      +19.88%        +63.85%   +14.22%
    256      1      1       cost  template_multimodal         +18.28%     +118.97%        +25.41%    +8.10%
    256      4      4      bytes  template_multimodal          +0.16%      +19.88%       +421.62%   +30.18%
    256      4      4       cost  template_multimodal         +26.32%     +133.86%        +82.36%   +27.71%
    256      8      8      bytes  template_multimodal          +0.16%      +19.88%      +1163.88%   +42.27%
    256      8      8       cost  template_multimodal         +27.90%     +136.79%       +164.83%   +46.09%
    512      1      0      bytes  template_multimodal          +0.24%      +85.00%        +32.67%   +12.87%
    512      1      0       cost         s3a_prefetch          +7.99%     +237.62%        +41.72%   +35.43%
    512      1      1      bytes  template_multimodal          +0.24%      +85.00%        +64.87%   +16.98%
    512      1      1       cost  template_multimodal         +36.38%     +189.25%        +32.95%   +20.16%
    512      4      4      bytes  template_multimodal          +0.24%      +85.00%       +416.38%   +30.90%
    512      4      4       cost  template_multimodal         +77.91%     +277.33%       +106.90%   +62.53%
    512      8      8      bytes  template_multimodal          +0.24%      +85.00%       +877.85%   +37.10%
    512      8      8       cost  template_multimodal         +60.18%     +239.72%       +125.19%   +55.74%
   1024      1      0      bytes  template_multimodal          +0.24%      +85.00%        +32.52%   +12.87%
   1024      1      0       cost         s3a_prefetch          +0.80%     +254.91%        +48.82%   +42.36%
   1024      1      1      bytes  template_multimodal          +0.24%      +85.00%        +62.72%   +16.98%
   1024      1      1       cost         s3a_prefetch         +20.69%     +212.75%        +41.54%   +29.92%
   1024      4      4      bytes  template_multimodal          +0.24%      +85.00%       +280.59%   +30.90%
   1024      4      4       cost  template_multimodal        +131.98%     +392.00%       +126.13%  +111.93%
   1024      8      8      bytes  template_multimodal          +0.24%      +85.00%       +729.78%   +37.10%
   1024      8      8       cost  template_multimodal        +160.15%     +451.73%       +226.06%  +152.94%
